#
# A fatal error has been detected by the Java Runtime Environment:
#
#  SIGSEGV (0xb) at pc=0x00007ff8110795e2, pid=82353, tid=0x0000000000002303
#
# JRE version: OpenJDK Runtime Environment (8.0_502-b07) (build 1.8.0_502-b07)
# Java VM: OpenJDK 64-Bit Server VM (25.502-b07 mixed mode bsd-amd64 compressed oops)
# Problematic frame:
# C  [libobjc.A.dylib+0x85e2]  objc_release+0x22
#
# Failed to write core dump. Core dumps have been disabled. To enable core dumping, try "ulimit -c unlimited" before starting Java again
#
# If you would like to submit a bug report, please visit:
#   https://github.com/adoptium/adoptium-support/issues
# The crash happened outside the Java Virtual Machine in native code.
# See problematic frame for where to report the bug.
#

---------------  T H R E A D  ---------------

Current thread (0x00007fa88701b800):  JavaThread "Client thread" [_thread_in_native, id=8963, stack(0x0000000304b2e000,0x0000000304c2e000)]

siginfo: si_signo: 11 (SIGSEGV), si_code: 1 (SEGV_MAPERR), si_addr: 0x000007fa81403ef0

Registers:
RAX=0xa00007fa81403ed7, RBX=0x00007fa888010000, RCX=0x00007ffffffffff8, RDX=0x000007fa81403ed0
RSP=0x0000000304c2c468, RBP=0x0000000304c2c4a0, RSI=0x0100000000000000, RDI=0x00007fa81403c4d0
R8 =0x013dffa8130ab1d7, R9 =0x0000000000000000, R10=0x00007ff851d057b8, R11=0x00007ff81156a9a4
R12=0xa3a3a3a3a3a3a3a3, R13=0x0000000000000001, R14=0x00007fa8880100d0, R15=0x00007fa81403c4d0
RIP=0x00007ff8110795e2, EFLAGS=0x0000000000000246, ERR=0x0000000000000004
  TRAPNO=0x000000000000000e

Top of Stack: (sp=0x0000000304c2c468)
0x0000000304c2c468:   00007ff81107cf15 861106bb9bf8002a
0x0000000304c2c478:   00007fa8880100d0 0000000000000000
0x0000000304c2c488:   000000013a4e2e30 00007fa888010000
0x0000000304c2c498:   00007fa88701b800 0000000304c2c4c0
0x0000000304c2c4a8:   00007ff81107a353 00007fa8880100d0
0x0000000304c2c4b8:   00007ff830cf5ad3 0000000304c2c4e0
0x0000000304c2c4c8:   00007ff811559aef 861106bb9bf8002a
0x0000000304c2c4d8:   00007fa886fde3a0 0000000304c2c520
0x0000000304c2c4e8:   00007ff812734413 0000000304c2c520
0x0000000304c2c4f8:   00000001396d0e0f 000000013a4e2e38
0x0000000304c2c508:   861106bb9bf8002a 000000013a4e2e38
0x0000000304c2c518:   0000000304c2c5a8 0000000304c2c580
0x0000000304c2c528:   0000000110594e47 000000013a4e1ee0
0x0000000304c2c538:   0000000110594b62 0000000304c2c540
0x0000000304c2c548:   000000013a4e2e30 0000000304c2c5a8
0x0000000304c2c558:   000000013a4e3398 0000000000000000
0x0000000304c2c568:   000000013a4e2e38 0000000000000000
0x0000000304c2c578:   0000000304c2c5a0 0000000304c2c5f0
0x0000000304c2c588:   0000000110584ffd 0000000779d63bd0
0x0000000304c2c598:   000000011058ea58 0000000779d82100
0x0000000304c2c5a8:   0000000779c116d0 0000000304c2c5b0
0x0000000304c2c5b8:   000000013a4e2d37 0000000304c2c620
0x0000000304c2c5c8:   000000013a4e3398 0000000000000000
0x0000000304c2c5d8:   000000013a4e2da8 0000000304c2c5a0
0x0000000304c2c5e8:   0000000304c2c610 0000000304c2c678
0x0000000304c2c5f8:   0000000110585042 0000000000000000
0x0000000304c2c608:   0000000779c116d0 0000000779d82100
0x0000000304c2c618:   0000000779c11618 0000000779d63c60
0x0000000304c2c628:   00000001105909e7 0000000779d63c70
0x0000000304c2c638:   0000000304c2c628 000000013a4e0726
0x0000000304c2c648:   0000000304c2c688 000000013a4e15c0
0x0000000304c2c658:   0000000000000000 000000013a4e0758 

Instructions: (pc=0x00007ff8110795e2)
0x00007ff8110795c2:   ff 0f 94 c0 89 f9 08 c1 f6 c1 01 75 68 48 b9 f8
0x00007ff8110795d2:   ff ff ff ff 7f 00 00 48 8b 07 48 89 c2 48 21 ca
0x00007ff8110795e2:   48 8b 72 20 40 f6 c6 04 74 4c a8 01 74 6a 48 ba
0x00007ff8110795f2:   00 00 00 00 00 00 80 00 48 be 00 00 00 00 00 00 

Register to memory mapping:

RAX=0xa00007fa81403ed7 is an unknown value
RBX=0x00007fa888010000 is an unknown value
RCX=0x00007ffffffffff8 is an unknown value
RDX=0x000007fa81403ed0 is an unknown value
RSP=0x0000000304c2c468 is pointing into the stack for thread: 0x00007fa88701b800
RBP=0x0000000304c2c4a0 is pointing into the stack for thread: 0x00007fa88701b800
RSI=0x0100000000000000 is an unknown value
RDI=0x00007fa81403c4d0 is an unknown value
R8 =0x013dffa8130ab1d7 is an unknown value
R9 =0x0000000000000000 is an unknown value
R10=0x00007ff851d057b8: OBJC_CLASS_$___NSCFType+0 in /System/Library/Frameworks/CoreFoundation.framework/Versions/A/CoreFoundation at 0x00007ff81151d000
R11=0x00007ff81156a9a4: -[__NSCFType release]+0 in /System/Library/Frameworks/CoreFoundation.framework/Versions/A/CoreFoundation at 0x00007ff81151d000
R12=0xa3a3a3a3a3a3a3a3 is an unknown value
R13=0x0000000000000001 is an unknown value
R14=0x00007fa8880100d0 is an unknown value
R15=0x00007fa81403c4d0 is an unknown value


Stack: [0x0000000304b2e000,0x0000000304c2e000],  sp=0x0000000304c2c468,  free space=1017k
Native frames: (J=compiled Java code, j=interpreted, Vv=VM code, C=native code)
C  [libobjc.A.dylib+0x85e2]  objc_release+0x22
C  [libobjc.A.dylib+0x9353]  objc_autoreleasePoolPop+0xec
C  [CoreFoundation+0x3caef]  _CFAutoreleasePoolPop+0x16
C  [Foundation+0x1d413]  -[NSAutoreleasePool release]+0x83
j  org.lwjgl.opengl.MacOSXContextImplementation.setView(Ljava/nio/ByteBuffer;Ljava/nio/ByteBuffer;)V+0
j  org.lwjgl.opengl.MacOSXContextImplementation.makeCurrent(Lorg/lwjgl/opengl/PeerInfo;Ljava/nio/ByteBuffer;)V+7
j  org.lwjgl.opengl.ContextGL.makeCurrent()V+46
j  org.lwjgl.opengl.DrawableGL.makeCurrent()V+14
j  org.lwjgl.opengl.Display.makeCurrent()V+3
j  org.lwjgl.opengl.Display.makeCurrentAndSetSwapInterval()V+0
j  org.lwjgl.opengl.Display.create(Lorg/lwjgl/opengl/PixelFormat;Lorg/lwjgl/opengl/Drawable;Lorg/lwjgl/opengl/ContextAttribs;)V+108
j  org.lwjgl.opengl.Display.create(Lorg/lwjgl/opengl/PixelFormat;)V+12
j  net.minecraft.client.Minecraft.createDisplay()V+22
j  net.minecraft.client.Minecraft.startGame()V+115
j  net.minecraft.client.Minecraft.run()V+6
j  net.minecraft.client.main.Main.main([Ljava/lang/String;)V+1068
v  ~StubRoutines::call_stub
V  [libjvm.dylib+0x2b54e5]  JavaCalls::call_helper(JavaValue*, methodHandle*, JavaCallArguments*, Thread*)+0x72f
V  [libjvm.dylib+0x4a1146]  Reflection::invoke(instanceKlassHandle, methodHandle, Handle, bool, objArrayHandle, BasicType, objArrayHandle, bool, Thread*)+0xa9e
V  [libjvm.dylib+0x4a1641]  Reflection::invoke_method(oopDesc*, Handle, objArrayHandle, Thread*)+0x135
V  [libjvm.dylib+0x329a49]  JVM_InvokeMethod+0x19d
j  sun.reflect.NativeMethodAccessorImpl.invoke0(Ljava/lang/reflect/Method;Ljava/lang/Object;[Ljava/lang/Object;)Ljava/lang/Object;+0
j  sun.reflect.NativeMethodAccessorImpl.invoke(Ljava/lang/Object;[Ljava/lang/Object;)Ljava/lang/Object;+100
j  sun.reflect.DelegatingMethodAccessorImpl.invoke(Ljava/lang/Object;[Ljava/lang/Object;)Ljava/lang/Object;+6
j  java.lang.reflect.Method.invoke(Ljava/lang/Object;[Ljava/lang/Object;)Ljava/lang/Object;+56
j  net.minecraft.launchwrapper.Launch.launch([Ljava/lang/String;)V+661
j  net.minecraft.launchwrapper.Launch.main([Ljava/lang/String;)V+8
v  ~StubRoutines::call_stub
V  [libjvm.dylib+0x2b54e5]  JavaCalls::call_helper(JavaValue*, methodHandle*, JavaCallArguments*, Thread*)+0x72f
V  [libjvm.dylib+0x4a1146]  Reflection::invoke(instanceKlassHandle, methodHandle, Handle, bool, objArrayHandle, BasicType, objArrayHandle, bool, Thread*)+0xa9e
V  [libjvm.dylib+0x4a1641]  Reflection::invoke_method(oopDesc*, Handle, objArrayHandle, Thread*)+0x135
V  [libjvm.dylib+0x329a49]  JVM_InvokeMethod+0x19d
j  sun.reflect.NativeMethodAccessorImpl.invoke0(Ljava/lang/reflect/Method;Ljava/lang/Object;[Ljava/lang/Object;)Ljava/lang/Object;+0
j  sun.reflect.NativeMethodAccessorImpl.invoke(Ljava/lang/Object;[Ljava/lang/Object;)Ljava/lang/Object;+100
j  sun.reflect.DelegatingMethodAccessorImpl.invoke(Ljava/lang/Object;[Ljava/lang/Object;)Ljava/lang/Object;+6
j  java.lang.reflect.Method.invoke(Ljava/lang/Object;[Ljava/lang/Object;)Ljava/lang/Object;+56
j  net.minecraftforge.gradle.GradleStartCommon.launch([Ljava/lang/String;)V+169
j  GradleStart.main([Ljava/lang/String;)V+11
v  ~StubRoutines::call_stub
V  [libjvm.dylib+0x2b54e5]  JavaCalls::call_helper(JavaValue*, methodHandle*, JavaCallArguments*, Thread*)+0x72f
V  [libjvm.dylib+0x2f0d8f]  jni_invoke_static(JNIEnv_*, JavaValue*, _jobject*, JNICallType, _jmethodID*, JNI_ArgumentPusher*, Thread*)+0x239
V  [libjvm.dylib+0x2f38d3]  jni_CallStaticVoidMethod+0x17b
C  [java+0x997c]  JavaMain+0x9a3
C  [libsystem_pthread.dylib+0x5d49]  _pthread_start+0x73
C  [libsystem_pthread.dylib+0x182f]  thread_start+0xf
C  0x0000000000000000

Java frames: (J=compiled Java code, j=interpreted, Vv=VM code)
j  org.lwjgl.opengl.MacOSXContextImplementation.setView(Ljava/nio/ByteBuffer;Ljava/nio/ByteBuffer;)V+0
j  org.lwjgl.opengl.MacOSXContextImplementation.makeCurrent(Lorg/lwjgl/opengl/PeerInfo;Ljava/nio/ByteBuffer;)V+7
j  org.lwjgl.opengl.ContextGL.makeCurrent()V+46
j  org.lwjgl.opengl.DrawableGL.makeCurrent()V+14
j  org.lwjgl.opengl.Display.makeCurrent()V+3
j  org.lwjgl.opengl.Display.makeCurrentAndSetSwapInterval()V+0
j  org.lwjgl.opengl.Display.create(Lorg/lwjgl/opengl/PixelFormat;Lorg/lwjgl/opengl/Drawable;Lorg/lwjgl/opengl/ContextAttribs;)V+108
j  org.lwjgl.opengl.Display.create(Lorg/lwjgl/opengl/PixelFormat;)V+12
j  net.minecraft.client.Minecraft.createDisplay()V+22
j  net.minecraft.client.Minecraft.startGame()V+115
j  net.minecraft.client.Minecraft.run()V+6
j  net.minecraft.client.main.Main.main([Ljava/lang/String;)V+1068
v  ~StubRoutines::call_stub
j  sun.reflect.NativeMethodAccessorImpl.invoke0(Ljava/lang/reflect/Method;Ljava/lang/Object;[Ljava/lang/Object;)Ljava/lang/Object;+0
j  sun.reflect.NativeMethodAccessorImpl.invoke(Ljava/lang/Object;[Ljava/lang/Object;)Ljava/lang/Object;+100
j  sun.reflect.DelegatingMethodAccessorImpl.invoke(Ljava/lang/Object;[Ljava/lang/Object;)Ljava/lang/Object;+6
j  java.lang.reflect.Method.invoke(Ljava/lang/Object;[Ljava/lang/Object;)Ljava/lang/Object;+56
j  net.minecraft.launchwrapper.Launch.launch([Ljava/lang/String;)V+661
j  net.minecraft.launchwrapper.Launch.main([Ljava/lang/String;)V+8
v  ~StubRoutines::call_stub
j  sun.reflect.NativeMethodAccessorImpl.invoke0(Ljava/lang/reflect/Method;Ljava/lang/Object;[Ljava/lang/Object;)Ljava/lang/Object;+0
j  sun.reflect.NativeMethodAccessorImpl.invoke(Ljava/lang/Object;[Ljava/lang/Object;)Ljava/lang/Object;+100
j  sun.reflect.DelegatingMethodAccessorImpl.invoke(Ljava/lang/Object;[Ljava/lang/Object;)Ljava/lang/Object;+6
j  java.lang.reflect.Method.invoke(Ljava/lang/Object;[Ljava/lang/Object;)Ljava/lang/Object;+56
j  net.minecraftforge.gradle.GradleStartCommon.launch([Ljava/lang/String;)V+169
j  GradleStart.main([Ljava/lang/String;)V+11
v  ~StubRoutines::call_stub

---------------  P R O C E S S  ---------------

Java Threads: ( => current thread )
  0x00007fa8123f4800 JavaThread "AWT-Shutdown" [_thread_blocked, id=74267, stack(0x0000000306511000,0x0000000306611000)]
  0x00007fa8672ef000 JavaThread "Timer hack thread" daemon [_thread_blocked, id=78307, stack(0x0000000306182000,0x0000000306282000)]
  0x00007fa811be6000 JavaThread "Snooper Timer" daemon [_thread_blocked, id=80991, stack(0x000000030640e000,0x000000030650e000)]
  0x00007fa81226d000 JavaThread "Snooper Timer" daemon [_thread_blocked, id=81223, stack(0x000000030630b000,0x000000030640b000)]
  0x00007fa811446000 JavaThread "AppKit Thread" daemon [_thread_in_native, id=259, stack(0x00000003042aa000,0x0000000304aaa000)]
  0x00007fa88886d000 JavaThread "Service Thread" daemon [_thread_blocked, id=24339, stack(0x0000000305e72000,0x0000000305f72000)]
  0x00007fa887059800 JavaThread "C1 CompilerThread3" daemon [_thread_blocked, id=23555, stack(0x0000000305d6f000,0x0000000305e6f000)]
  0x00007fa887058800 JavaThread "C2 CompilerThread2" daemon [_thread_blocked, id=31747, stack(0x0000000305c6c000,0x0000000305d6c000)]
  0x00007fa887047800 JavaThread "C2 CompilerThread1" daemon [_thread_blocked, id=23043, stack(0x0000000305b69000,0x0000000305c69000)]
  0x00007fa88883a000 JavaThread "C2 CompilerThread0" daemon [_thread_blocked, id=22531, stack(0x0000000305a66000,0x0000000305b66000)]
  0x00007fa887057000 JavaThread "Signal Dispatcher" daemon [_thread_blocked, id=22275, stack(0x0000000305963000,0x0000000305a63000)]
  0x00007fa86700f000 JavaThread "Finalizer" daemon [_thread_blocked, id=17507, stack(0x0000000305752000,0x0000000305852000)]
  0x00007fa86700e800 JavaThread "Reference Handler" daemon [_thread_blocked, id=17283, stack(0x000000030564f000,0x000000030574f000)]
=>0x00007fa88701b800 JavaThread "Client thread" [_thread_in_native, id=8963, stack(0x0000000304b2e000,0x0000000304c2e000)]

Other Threads:
  0x00007fa888832800 VMThread [stack: 0x000000030554c000,0x000000030564c000] [id=21251]
  0x00007fa888876000 WatcherThread [stack: 0x0000000305f75000,0x0000000306075000] [id=31235]

VM state:not at safepoint (normal execution)

VM Mutex/Monitor currently owned by a thread: None

heap address: 0x00000006c0000000, size: 4096 MB, Compressed Oops mode: Zero based, Oop shift amount: 3
Narrow klass base: 0x0000000000000000, Narrow klass shift: 3
Compressed class space size: 1073741824 Address: 0x00000007c0000000

Heap:
 PSYoungGen      total 510464K, used 258884K [0x000000076ab00000, 0x000000078c900000, 0x00000007c0000000)
  eden space 475136K, 54% used [0x000000076ab00000,0x000000077a7d1078,0x0000000787b00000)
  from space 35328K, 0% used [0x000000078a080000,0x000000078a080000,0x000000078c300000)
  to   space 38400K, 0% used [0x0000000787b00000,0x0000000787b00000,0x000000078a080000)
 ParOldGen       total 169472K, used 64495K [0x00000006c0000000, 0x00000006ca580000, 0x000000076ab00000)
  object space 169472K, 38% used [0x00000006c0000000,0x00000006c3efbc70,0x00000006ca580000)
 Metaspace       used 24128K, capacity 24282K, committed 24576K, reserved 1071104K
  class space    used 3197K, capacity 3269K, committed 3328K, reserved 1048576K

Card table byte_map: [0x000000010e000000,0x000000010e801000] byte_map_base: 0x000000010aa00000

Marking Bits: (ParMarkBitMap*) 0x000000010f2b97f8
 Begin Bits: [0x000000011fad3000, 0x0000000123ad3000)
 End Bits:   [0x0000000123ad3000, 0x0000000127ad3000)

Polling page: 0x000000010036f000

CodeCache: size=245760Kb used=11309Kb max_used=11312Kb free=234450Kb
 bounds [0x000000011057d000, 0x000000011109d000, 0x000000011f57d000]
 total_blobs=3075 nmethods=2616 adapters=372
 compilation: enabled

Compilation events (10 events):
Event: 6.385 Thread 0x00007fa887059800 3008       3       java.util.ArrayList$SubList$1::<init> (47 bytes)
Event: 6.385 Thread 0x00007fa887059800 nmethod 3008 0x0000000111085d50 code [0x0000000111085ec0, 0x00000001110860b0]
Event: 6.444 Thread 0x00007fa88883a000 3010       4       java.lang.reflect.Proxy::isProxyClass (25 bytes)
Event: 6.444 Thread 0x00007fa88883a000 nmethod 3010 0x0000000111082b90 code [0x0000000111082ce0, 0x0000000111082da8]
Event: 6.460 Thread 0x00007fa887059800 3011       3       sun.reflect.ReflectionFactory::checkInitted (19 bytes)
Event: 6.460 Thread 0x00007fa887059800 nmethod 3011 0x0000000111081a10 code [0x0000000111081ba0, 0x0000000111081e68]
Event: 6.460 Thread 0x00007fa887059800 3012       3       java.lang.reflect.Modifier::isFinal (13 bytes)
Event: 6.460 Thread 0x00007fa887059800 nmethod 3012 0x0000000111081690 code [0x0000000111081800, 0x0000000111081990]
Event: 6.460 Thread 0x00007fa887059800 3013       3       java.lang.reflect.Field::setFieldAccessor (34 bytes)
Event: 6.461 Thread 0x00007fa887059800 nmethod 3013 0x0000000111081050 code [0x00000001110811e0, 0x0000000111081568]

GC Heap History (10 events):
Event: 2.440 GC heap before
{Heap before GC invocations=6 (full 1):
 PSYoungGen      total 141824K, used 141800K [0x000000076ab00000, 0x0000000774000000, 0x00000007c0000000)
  eden space 131072K, 100% used [0x000000076ab00000,0x0000000772b00000,0x0000000772b00000)
  from space 10752K, 99% used [0x0000000773580000,0x0000000773ffa3c8,0x0000000774000000)
  to   space 10752K, 0% used [0x0000000772b00000,0x0000000772b00000,0x0000000773580000)
 ParOldGen       total 175104K, used 39936K [0x00000006c0000000, 0x00000006cab00000, 0x000000076ab00000)
  object space 175104K, 22% used [0x00000006c0000000,0x00000006c27003a8,0x00000006cab00000)
 Metaspace       used 15097K, capacity 15298K, committed 15488K, reserved 1062912K
  class space    used 1801K, capacity 1851K, committed 1920K, reserved 1048576K
Event: 2.455 GC heap after
Heap after GC invocations=6 (full 1):
 PSYoungGen      total 141824K, used 10737K [0x000000076ab00000, 0x000000077c000000, 0x00000007c0000000)
  eden space 131072K, 0% used [0x000000076ab00000,0x000000076ab00000,0x0000000772b00000)
  from space 10752K, 99% used [0x0000000772b00000,0x000000077357c530,0x0000000773580000)
  to   space 10752K, 0% used [0x000000077b580000,0x000000077b580000,0x000000077c000000)
 ParOldGen       total 175104K, used 46033K [0x00000006c0000000, 0x00000006cab00000, 0x000000076ab00000)
  object space 175104K, 26% used [0x00000006c0000000,0x00000006c2cf47b0,0x00000006cab00000)
 Metaspace       used 15097K, capacity 15298K, committed 15488K, reserved 1062912K
  class space    used 1801K, capacity 1851K, committed 1920K, reserved 1048576K
}
Event: 4.217 GC heap before
{Heap before GC invocations=7 (full 1):
 PSYoungGen      total 141824K, used 141809K [0x000000076ab00000, 0x000000077c000000, 0x00000007c0000000)
  eden space 131072K, 100% used [0x000000076ab00000,0x0000000772b00000,0x0000000772b00000)
  from space 10752K, 99% used [0x0000000772b00000,0x000000077357c530,0x0000000773580000)
  to   space 10752K, 0% used [0x000000077b580000,0x000000077b580000,0x000000077c000000)
 ParOldGen       total 175104K, used 46033K [0x00000006c0000000, 0x00000006cab00000, 0x000000076ab00000)
  object space 175104K, 26% used [0x00000006c0000000,0x00000006c2cf47b0,0x00000006cab00000)
 Metaspace       used 18375K, capacity 18586K, committed 18944K, reserved 1067008K
  class space    used 2161K, capacity 2245K, committed 2304K, reserved 1048576K
Event: 4.231 GC heap after
Heap after GC invocations=7 (full 1):
 PSYoungGen      total 249856K, used 10746K [0x000000076ab00000, 0x000000077ed00000, 0x00000007c0000000)
  eden space 239104K, 0% used [0x000000076ab00000,0x000000076ab00000,0x0000000779480000)
  from space 10752K, 99% used [0x000000077b580000,0x000000077bffeba0,0x000000077c000000)
  to   space 33792K, 0% used [0x0000000779480000,0x0000000779480000,0x000000077b580000)
 ParOldGen       total 175104K, used 62908K [0x00000006c0000000, 0x00000006cab00000, 0x000000076ab00000)
  object space 175104K, 35% used [0x00000006c0000000,0x00000006c3d6f2e0,0x00000006cab00000)
 Metaspace       used 18375K, capacity 18586K, committed 18944K, reserved 1067008K
  class space    used 2161K, capacity 2245K, committed 2304K, reserved 1048576K
}
Event: 5.191 GC heap before
{Heap before GC invocations=8 (full 1):
 PSYoungGen      total 249856K, used 249850K [0x000000076ab00000, 0x000000077ed00000, 0x00000007c0000000)
  eden space 239104K, 100% used [0x000000076ab00000,0x0000000779480000,0x0000000779480000)
  from space 10752K, 99% used [0x000000077b580000,0x000000077bffeba0,0x000000077c000000)
  to   space 33792K, 0% used [0x0000000779480000,0x0000000779480000,0x000000077b580000)
 ParOldGen       total 175104K, used 62908K [0x00000006c0000000, 0x00000006cab00000, 0x000000076ab00000)
  object space 175104K, 35% used [0x00000006c0000000,0x00000006c3d6f2e0,0x00000006cab00000)
 Metaspace       used 20088K, capacity 20250K, committed 20480K, reserved 1067008K
  class space    used 2444K, capacity 2501K, committed 2560K, reserved 1048576K
Event: 5.214 GC heap after
Heap after GC invocations=8 (full 1):
 PSYoungGen      total 272896K, used 26231K [0x000000076ab00000, 0x000000078c300000, 0x00000007c0000000)
  eden space 239104K, 0% used [0x000000076ab00000,0x000000076ab00000,0x0000000779480000)
  from space 33792K, 77% used [0x0000000779480000,0x000000077ae1df70,0x000000077b580000)
  to   space 35328K, 0% used [0x000000078a080000,0x000000078a080000,0x000000078c300000)
 ParOldGen       total 175104K, used 62916K [0x00000006c0000000, 0x00000006cab00000, 0x000000076ab00000)
  object space 175104K, 35% used [0x00000006c0000000,0x00000006c3d712e0,0x00000006cab00000)
 Metaspace       used 20088K, capacity 20250K, committed 20480K, reserved 1067008K
  class space    used 2444K, capacity 2501K, committed 2560K, reserved 1048576K
}
Event: 5.598 GC heap before
{Heap before GC invocations=9 (full 1):
 PSYoungGen      total 272896K, used 204850K [0x000000076ab00000, 0x000000078c300000, 0x00000007c0000000)
  eden space 239104K, 74% used [0x000000076ab00000,0x000000077596eb70,0x0000000779480000)
  from space 33792K, 77% used [0x0000000779480000,0x000000077ae1df70,0x000000077b580000)
  to   space 35328K, 0% used [0x000000078a080000,0x000000078a080000,0x000000078c300000)
 ParOldGen       total 175104K, used 62916K [0x00000006c0000000, 0x00000006cab00000, 0x000000076ab00000)
  object space 175104K, 35% used [0x00000006c0000000,0x00000006c3d712e0,0x00000006cab00000)
 Metaspace       used 20869K, capacity 21050K, committed 21296K, reserved 1069056K
  class space    used 2605K, capacity 2661K, committed 2688K, reserved 1048576K
Event: 5.615 GC heap after
Heap after GC invocations=9 (full 1):
 PSYoungGen      total 510464K, used 31326K [0x000000076ab00000, 0x000000078c900000, 0x00000007c0000000)
  eden space 475136K, 0% used [0x000000076ab00000,0x000000076ab00000,0x0000000787b00000)
  from space 35328K, 88% used [0x000000078a080000,0x000000078bf17990,0x000000078c300000)
  to   space 38400K, 0% used [0x0000000787b00000,0x0000000787b00000,0x000000078a080000)
 ParOldGen       total 175104K, used 66802K [0x00000006c0000000, 0x00000006cab00000, 0x000000076ab00000)
  object space 175104K, 38% used [0x00000006c0000000,0x00000006c413c9d8,0x00000006cab00000)
 Metaspace       used 20869K, capacity 21050K, committed 21296K, reserved 1069056K
  class space    used 2605K, capacity 2661K, committed 2688K, reserved 1048576K
}
Event: 5.615 GC heap before
{Heap before GC invocations=10 (full 2):
 PSYoungGen      total 510464K, used 31326K [0x000000076ab00000, 0x000000078c900000, 0x00000007c0000000)
  eden space 475136K, 0% used [0x000000076ab00000,0x000000076ab00000,0x0000000787b00000)
  from space 35328K, 88% used [0x000000078a080000,0x000000078bf17990,0x000000078c300000)
  to   space 38400K, 0% used [0x0000000787b00000,0x0000000787b00000,0x000000078a080000)
 ParOldGen       total 175104K, used 66802K [0x00000006c0000000, 0x00000006cab00000, 0x000000076ab00000)
  object space 175104K, 38% used [0x00000006c0000000,0x00000006c413c9d8,0x00000006cab00000)
 Metaspace       used 20869K, capacity 21050K, committed 21296K, reserved 1069056K
  class space    used 2605K, capacity 2661K, committed 2688K, reserved 1048576K
Event: 5.677 GC heap after
Heap after GC invocations=10 (full 2):
 PSYoungGen      total 510464K, used 0K [0x000000076ab00000, 0x000000078c900000, 0x00000007c0000000)
  eden space 475136K, 0% used [0x000000076ab00000,0x000000076ab00000,0x0000000787b00000)
  from space 35328K, 0% used [0x000000078a080000,0x000000078a080000,0x000000078c300000)
  to   space 38400K, 0% used [0x0000000787b00000,0x0000000787b00000,0x000000078a080000)
 ParOldGen       total 169472K, used 64495K [0x00000006c0000000, 0x00000006ca580000, 0x000000076ab00000)
  object space 169472K, 38% used [0x00000006c0000000,0x00000006c3efbc70,0x00000006ca580000)
 Metaspace       used 20869K, capacity 21050K, committed 21296K, reserved 1069056K
  class space    used 2605K, capacity 2661K, committed 2688K, reserved 1048576K
}

Deoptimization events (10 events):
Event: 6.164 Thread 0x00007fa88701b800 Uncommon trap: reason=unstable_if action=reinterpret pc=0x0000000110a52c9c method=com.google.common.base.Splitter$SplittingIterator.computeNext()Ljava/lang/String; @ 193
Event: 6.186 Thread 0x00007fa88701b800 Uncommon trap: reason=unstable_if action=reinterpret pc=0x0000000110a5a8b8 method=com.google.common.base.Splitter$SplittingIterator.computeNext()Ljava/lang/String; @ 193
Event: 6.194 Thread 0x00007fa88701b800 Uncommon trap: reason=loop_limit_check action=maybe_recompile pc=0x000000011100768c method=java.util.regex.Pattern$Start.match(Ljava/util/regex/Matcher;ILjava/lang/CharSequence;)Z @ 37
Event: 6.194 Thread 0x00007fa88701b800 Uncommon trap: reason=loop_limit_check action=maybe_recompile pc=0x00000001108f0810 method=java.util.regex.Pattern$Start.match(Ljava/util/regex/Matcher;ILjava/lang/CharSequence;)Z @ 37
Event: 6.213 Thread 0x00007fa88701b800 Uncommon trap: reason=class_check action=maybe_recompile pc=0x0000000111013ff0 method=java.util.regex.Pattern$Start.match(Ljava/util/regex/Matcher;ILjava/lang/CharSequence;)Z @ 44
Event: 6.214 Thread 0x00007fa88701b800 Uncommon trap: reason=class_check action=maybe_recompile pc=0x0000000111013ff0 method=java.util.regex.Pattern$Start.match(Ljava/util/regex/Matcher;ILjava/lang/CharSequence;)Z @ 44
Event: 6.214 Thread 0x00007fa88701b800 Uncommon trap: reason=class_check action=maybe_recompile pc=0x0000000111013ff0 method=java.util.regex.Pattern$Start.match(Ljava/util/regex/Matcher;ILjava/lang/CharSequence;)Z @ 44
Event: 6.215 Thread 0x00007fa88701b800 Uncommon trap: reason=class_check action=maybe_recompile pc=0x0000000111013ff0 method=java.util.regex.Pattern$Start.match(Ljava/util/regex/Matcher;ILjava/lang/CharSequence;)Z @ 44
Event: 6.215 Thread 0x00007fa88701b800 Uncommon trap: reason=class_check action=maybe_recompile pc=0x00000001110136ec method=java.util.regex.Pattern$Start.match(Ljava/util/regex/Matcher;ILjava/lang/CharSequence;)Z @ 44
Event: 6.302 Thread 0x00007fa88701b800 Uncommon trap: reason=unstable_if action=reinterpret pc=0x000000011097d0f8 method=java.util.HashMap.hash(Ljava/lang/Object;)I @ 1

Classes redefined (0 events):
No events

Internal exceptions (10 events):
Event: 2.144 Thread 0x00007fa88701b800 Implicit null exception at 0x00000001109895f4 to 0x000000011098a886
Event: 2.144 Thread 0x00007fa88701b800 Exception <a 'java/lang/NullPointerException'> (0x000000076e7212f8) thrown at [/Users/admin/workspace/workspace/build-scripts/jobs/release/jobs/jdk8u/jdk8u-release-mac-x64-temurin/workspace/build/src/hotspot/src/share/vm/runtime/sharedRuntime.cpp, line 60
Event: 2.147 Thread 0x00007fa88701b800 Implicit null exception at 0x00000001109895f4 to 0x000000011098a886
Event: 2.147 Thread 0x00007fa88701b800 Exception <a 'java/lang/NullPointerException'> (0x000000076e76ff08) thrown at [/Users/admin/workspace/workspace/build-scripts/jobs/release/jobs/jdk8u/jdk8u-release-mac-x64-temurin/workspace/build/src/hotspot/src/share/vm/runtime/sharedRuntime.cpp, line 60
Event: 2.890 Thread 0x00007fa88701b800 Exception <a 'java/lang/NoSuchFieldError': method resolution failed> (0x000000076e928728) thrown at [/Users/admin/workspace/workspace/build-scripts/jobs/release/jobs/jdk8u/jdk8u-release-mac-x64-temurin/workspace/build/src/hotspot/src/share/vm/prims/method
Event: 2.898 Thread 0x00007fa88701b800 Exception <a 'java/lang/NoSuchFieldError': method resolution failed> (0x000000076e935de8) thrown at [/Users/admin/workspace/workspace/build-scripts/jobs/release/jobs/jdk8u/jdk8u-release-mac-x64-temurin/workspace/build/src/hotspot/src/share/vm/prims/method
Event: 3.449 Thread 0x00007fa88701b800 Exception <a 'java/io/FileNotFoundException'> (0x000000076e9d7d58) thrown at [/Users/admin/workspace/workspace/build-scripts/jobs/release/jobs/jdk8u/jdk8u-release-mac-x64-temurin/workspace/build/src/hotspot/src/share/vm/prims/jni.cpp, line 712]
Event: 3.449 Thread 0x00007fa88701b800 Exception <a 'java/io/FileNotFoundException'> (0x000000076e9d92b8) thrown at [/Users/admin/workspace/workspace/build-scripts/jobs/release/jobs/jdk8u/jdk8u-release-mac-x64-temurin/workspace/build/src/hotspot/src/share/vm/prims/jni.cpp, line 712]
Event: 3.474 Thread 0x00007fa88701b800 Exception <a 'java/lang/UnsatisfiedLinkError'> (0x000000076e9fe720) thrown at [/Users/admin/workspace/workspace/build-scripts/jobs/release/jobs/jdk8u/jdk8u-release-mac-x64-temurin/workspace/build/src/hotspot/src/share/vm/prims/jvm.cpp, line 1518]
Event: 6.302 Thread 0x00007fa88701b800 Implicit null exception at 0x000000011097ceb5 to 0x000000011097d0e9

Events (10 events):
Event: 6.462 loading class org/lwjgl/opengl/ContextGL
Event: 6.462 loading class org/lwjgl/opengl/ContextGL done
Event: 6.462 loading class org/lwjgl/opengl/ContextImplementation
Event: 6.462 loading class org/lwjgl/opengl/ContextImplementation done
Event: 6.463 loading class org/lwjgl/opengl/MacOSXContextImplementation
Event: 6.463 loading class org/lwjgl/opengl/MacOSXContextImplementation done
Event: 6.463 loading class org/lwjgl/opengl/GLContext
Event: 6.463 loading class org/lwjgl/opengl/GLContext done
Event: 6.463 loading class org/lwjgl/opengl/GLContext$CapabilitiesCacheEntry
Event: 6.463 loading class org/lwjgl/opengl/GLContext$CapabilitiesCacheEntry done


Dynamic libraries:
0x00007ff90f870000 	/System/Library/Frameworks/Cocoa.framework/Versions/A/Cocoa
0x00007ff815342000 	/System/Library/Frameworks/AppKit.framework/Versions/C/AppKit
0x00007ff818c36000 	/System/Library/Frameworks/CoreData.framework/Versions/A/CoreData
0x00007ff812717000 	/System/Library/Frameworks/Foundation.framework/Versions/C/Foundation
0x00007ff821b55000 	/usr/lib/libSystem.B.dylib
0x00007ff816b3f000 	/System/Library/PrivateFrameworks/UIFoundation.framework/Versions/A/UIFoundation
0x00007ffb2d080000 	/System/Library/PrivateFrameworks/CollectionViewCore.framework/Versions/A/CollectionViewCore
0x00007ff81e959000 	/System/Library/PrivateFrameworks/XCTTargetBootstrap.framework/Versions/A/XCTTargetBootstrap
0x00007ffc1fb57000 	/System/Library/PrivateFrameworks/GenerativeModels.framework/Versions/A/GenerativeModels
0x00007ff8248cb000 	/System/Library/PrivateFrameworks/InternationalSupport.framework/Versions/A/InternationalSupport
0x00007ff824c1f000 	/System/Library/PrivateFrameworks/UserActivity.framework/Versions/A/UserActivity
0x00007ff819361000 	/System/Library/PrivateFrameworks/BaseBoard.framework/Versions/A/BaseBoard
0x00007ffc1710f000 	/System/Library/PrivateFrameworks/FrontBoard.framework/Versions/A/FrontBoard
0x00007ff82caf1000 	/System/Library/PrivateFrameworks/FrontBoardServices.framework/Versions/A/FrontBoardServices
0x00007ffe14e6b000 	/usr/lib/libRosetta.dylib
0x00007ffd28682000 	/System/Library/PrivateFrameworks/UIIntelligenceSupport.framework/Versions/A/UIIntelligenceSupport
0x00007ffb22086000 	/System/Library/Frameworks/SwiftUICore.framework/Versions/A/SwiftUICore
0x00007ffe0eac9000 	/System/Library/PrivateFrameworks/WritingTools.framework/Versions/A/WritingTools
0x00007ffd2dac8000 	/System/Library/PrivateFrameworks/WindowManagement.framework/Versions/A/WindowManagement
0x00007ff8123ae000 	/System/Library/Frameworks/SystemConfiguration.framework/Versions/A/SystemConfiguration
0x00007ff823a0e000 	/usr/lib/libspindump.dylib
0x00007ff816d24000 	/System/Library/Frameworks/UniformTypeIdentifiers.framework/Versions/A/UniformTypeIdentifiers
0x00007ff820c8a000 	/usr/lib/libbsm.0.dylib
0x00007ff81c26f000 	/usr/lib/libapp_launch_measurement.dylib
0x00007ff81ae39000 	/System/Library/PrivateFrameworks/CoreAnalytics.framework/Versions/A/CoreAnalytics
0x00007ff81c272000 	/System/Library/PrivateFrameworks/CoreAutoLayout.framework/Versions/A/CoreAutoLayout
0x00007ff81dee1000 	/System/Library/Frameworks/Metal.framework/Versions/A/Metal
0x00007ff81f304000 	/usr/lib/liblangid.dylib
0x00007ff81e95e000 	/System/Library/PrivateFrameworks/CoreSVG.framework/Versions/A/CoreSVG
0x00007ff81779f000 	/System/Library/PrivateFrameworks/SkyLight.framework/Versions/A/SkyLight
0x00007ffc16e5d000 	/System/Library/PrivateFrameworks/FocusEngine.framework/Versions/A/FocusEngine
0x00007ff817cfb000 	/System/Library/Frameworks/CoreGraphics.framework/Versions/A/CoreGraphics
0x00007ffc14c1d000 	/System/Library/PrivateFrameworks/DesignLibrary.framework/Versions/A/DesignLibrary
0x00007ff82aaab000 	/System/Library/Frameworks/Accelerate.framework/Versions/A/Accelerate
0x00007ff8237fd000 	/System/Library/PrivateFrameworks/IconServices.framework/Versions/A/IconServices
0x00007ff81debd000 	/System/Library/Frameworks/IOSurface.framework/Versions/A/IOSurface
0x00007ff81ae67000 	/usr/lib/libDiagnosticMessagesClient.dylib
0x00007ff821a5f000 	/usr/lib/libz.1.dylib
0x00007ff82f1e4000 	/System/Library/Frameworks/ApplicationServices.framework/Versions/A/ApplicationServices
0x00007ff81e946000 	/System/Library/PrivateFrameworks/DFRFoundation.framework/Versions/A/DFRFoundation
0x00007ff814bd5000 	/usr/lib/libicucore.A.dylib
0x00007ff825e41000 	/System/Library/Frameworks/AudioToolbox.framework/Versions/A/AudioToolbox
0x00007ff824bd5000 	/System/Library/PrivateFrameworks/DataDetectorsCore.framework/Versions/A/DataDetectorsCore
0x00007ffd29484000 	/System/Library/PrivateFrameworks/UpdateCycle.framework/Versions/A/UpdateCycle
0x00007ff921f22000 	/System/Library/PrivateFrameworks/TextInput.framework/Versions/A/TextInput
0x00007ff8176e9000 	/usr/lib/libMobileGestalt.dylib
0x00007ff81e669000 	/System/Library/Frameworks/Carbon.framework/Versions/A/Frameworks/HIToolbox.framework/Versions/A/HIToolbox
0x00007ff81bb02000 	/System/Library/Frameworks/QuartzCore.framework/Versions/A/QuartzCore
0x00007ff8147d5000 	/System/Library/Frameworks/Security.framework/Versions/A/Security
0x00007ff82a413000 	/System/Library/Frameworks/Carbon.framework/Versions/A/Frameworks/SpeechRecognition.framework/Versions/A/SpeechRecognition
0x00007ff81bf35000 	/System/Library/PrivateFrameworks/CoreUI.framework/Versions/A/CoreUI
0x00007ff81402f000 	/System/Library/Frameworks/CoreAudio.framework/Versions/A/CoreAudio
0x00007ff81af5c000 	/System/Library/Frameworks/DiskArbitration.framework/Versions/A/DiskArbitration
0x00007ff823f8a000 	/System/Library/PrivateFrameworks/MultitouchSupport.framework/Versions/A/MultitouchSupport
0x00007ff8176e8000 	/usr/lib/libenergytrace.dylib
0x00007ff914e6b000 	/System/Library/PrivateFrameworks/RenderBox.framework/Versions/A/RenderBox
0x00007ff815206000 	/System/Library/Frameworks/IOKit.framework/Versions/A/IOKit
0x00007ff82a833000 	/System/Library/Frameworks/CoreServices.framework/Versions/A/CoreServices
0x00007ff81c1fb000 	/System/Library/PrivateFrameworks/PerformanceAnalysis.framework/Versions/A/PerformanceAnalysis
0x00007ffb19e45000 	/System/Library/Frameworks/OpenGL.framework/Versions/A/OpenGL
0x00007ff81c2bb000 	/usr/lib/libxml2.2.dylib
0x00007ff820b79000 	/System/Library/PrivateFrameworks/MobileKeyBag.framework/Versions/A/MobileKeyBag
0x00007ff811071000 	/usr/lib/libobjc.A.dylib
0x00007ff8113f6000 	/usr/lib/libc++.1.dylib
0x00007ff82a7a9000 	/System/Library/Frameworks/Accessibility.framework/Versions/A/Accessibility
0x00007ff818616000 	/System/Library/Frameworks/ColorSync.framework/Versions/A/ColorSync
0x00007ff81151d000 	/System/Library/Frameworks/CoreFoundation.framework/Versions/A/CoreFoundation
0x00007ff81ecde000 	/System/Library/Frameworks/CoreImage.framework/Versions/A/CoreImage
0x00007ff813df4000 	/System/Library/Frameworks/CoreText.framework/Versions/A/CoreText
0x00007ffb1c5fd000 	/System/Library/Frameworks/CoreTransferable.framework/Versions/A/CoreTransferable
0x00007ffb1ca59000 	/System/Library/Frameworks/DataDetection.framework/Versions/A/DataDetection
0x00007ffb1ca6e000 	/System/Library/Frameworks/DeveloperToolsSupport.framework/Versions/A/DeveloperToolsSupport
0x00007ff81e999000 	/System/Library/Frameworks/ImageIO.framework/Versions/A/ImageIO
0x00007ffb22f42000 	/System/Library/Frameworks/Symbols.framework/Versions/A/Symbols
0x00007ff926f74000 	/System/Library/PrivateFrameworks/AttributeGraph.framework/Versions/A/AttributeGraph
0x00007ff82cbd2000 	/System/Library/PrivateFrameworks/BoardServices.framework/Versions/A/BoardServices
0x00007ffa2c825000 	/System/Library/PrivateFrameworks/FeatureFlags.framework/Versions/A/FeatureFlags
0x00007ffc1ffe8000 	/System/Library/PrivateFrameworks/Gestures.framework/Versions/A/Gestures
0x00007ff821b5a000 	/System/Library/PrivateFrameworks/SoftLinking.framework/Versions/A/SoftLinking
0x00007ffa16855000 	/usr/lib/swift/libswiftAccelerate.dylib
0x00007ff92c2e1000 	/usr/lib/swift/libswiftCompression.dylib
0x00007ff82581f000 	/usr/lib/swift/libswiftCore.dylib
0x00007ff91df79000 	/usr/lib/swift/libswiftCoreFoundation.dylib
0x00007ff91dfcd000 	/usr/lib/swift/libswiftCoreImage.dylib
0x00007ff82c885000 	/usr/lib/swift/libswiftDispatch.dylib
0x00007ff91dfce000 	/usr/lib/swift/libswiftIOKit.dylib
0x00007ff92c2d4000 	/usr/lib/swift/libswiftMetal.dylib
0x00007ffa1c0b1000 	/usr/lib/swift/libswiftOSLog.dylib
0x00007ff82f782000 	/usr/lib/swift/libswiftObjectiveC.dylib
0x00007ffe1671f000 	/usr/lib/swift/libswiftObservation.dylib
0x00007ffa11d04000 	/usr/lib/swift/libswiftQuartzCore.dylib
0x00007ffe167da000 	/usr/lib/swift/libswiftSpatial.dylib
0x00007ffe16889000 	/usr/lib/swift/libswiftSynchronization.dylib
0x00007ffa16846000 	/usr/lib/swift/libswiftUniformTypeIdentifiers.dylib
0x00007ff91df89000 	/usr/lib/swift/libswiftXPC.dylib
0x00007ffe168cb000 	/usr/lib/swift/libswift_Builtin_float.dylib
0x00007ffe168cc000 	/usr/lib/swift/libswift_Concurrency.dylib
0x00007ff82f786000 	/usr/lib/swift/libswiftos.dylib
0x00007ff921cd3000 	/usr/lib/swift/libswiftsimd.dylib
0x00007ff821dcd000 	/usr/lib/libcompression.dylib
0x00007ff82480d000 	/System/Library/PrivateFrameworks/TextureIO.framework/Versions/A/TextureIO
0x00007ff8187be000 	/System/Library/Frameworks/ApplicationServices.framework/Versions/A/Frameworks/HIServices.framework/Versions/A/HIServices
0x00007ff8233df000 	/usr/lib/libate.dylib
0x00007ff821b4f000 	/usr/lib/system/libcache.dylib
0x00007ff821b08000 	/usr/lib/system/libcommonCrypto.dylib
0x00007ff821b31000 	/usr/lib/system/libcompiler_rt.dylib
0x00007ff821b25000 	/usr/lib/system/libcopyfile.dylib
0x00007ff81120a000 	/usr/lib/system/libcorecrypto.dylib
0x00007ff811323000 	/usr/lib/system/libdispatch.dylib
0x00007ff8110b6000 	/usr/lib/system/libdyld.dylib
0x00007ff821b45000 	/usr/lib/system/libkeymgr.dylib
0x00007ff821aed000 	/usr/lib/system/libmacho.dylib
0x00007ff820c65000 	/usr/lib/system/libquarantine.dylib
0x00007ff821b42000 	/usr/lib/system/libremovefile.dylib
0x00007ff817765000 	/usr/lib/system/libsystem_asl.dylib
0x00007ff811192000 	/usr/lib/system/libsystem_blocks.dylib
0x00007ff81136e000 	/usr/lib/system/libsystem_c.dylib
0x00007ff821b39000 	/usr/lib/system/libsystem_collections.dylib
0x00007ff81f2f3000 	/usr/lib/system/libsystem_configuration.dylib
0x00007ff81de86000 	/usr/lib/system/libsystem_containermanager.dylib
0x00007ff821576000 	/usr/lib/system/libsystem_coreservices.dylib
0x00007ff814e8c000 	/usr/lib/system/libsystem_darwin.dylib
0x00007ffe16be1000 	/usr/lib/system/libsystem_darwindirectory.dylib
0x00007ff821b46000 	/usr/lib/system/libsystem_dnssd.dylib
0x00007ffe16be6000 	/usr/lib/system/libsystem_eligibility.dylib
0x00007ff81136b000 	/usr/lib/system/libsystem_featureflags.dylib
0x00007ff8114ee000 	/usr/lib/system/libsystem_info.dylib
0x00007ff821a73000 	/usr/lib/system/libsystem_m.dylib
0x00007ff8112d1000 	/usr/lib/system/libsystem_malloc.dylib
0x00007ff8176ce000 	/usr/lib/system/libsystem_networkextension.dylib
0x00007ff8152d4000 	/usr/lib/system/libsystem_notify.dylib
0x00007ff81f2f7000 	/usr/lib/system/libsystem_sandbox.dylib
0x00007ffe16bf1000 	/usr/lib/system/libsystem_sanitizers.dylib
0x00007ff821b3e000 	/usr/lib/system/libsystem_secinit.dylib
0x00007ff811499000 	/usr/lib/system/libsystem_kernel.dylib
0x00007ff8114e4000 	/usr/lib/system/libsystem_platform.dylib
0x00007ff8114d8000 	/usr/lib/system/libsystem_pthread.dylib
0x00007ff81953f000 	/usr/lib/system/libsystem_symptoms.dylib
0x00007ff8111ea000 	/usr/lib/system/libsystem_trace.dylib
0x00007ffe16bf9000 	/usr/lib/system/libsystem_trial.dylib
0x00007ff821b14000 	/usr/lib/system/libunwind.dylib
0x00007ff811196000 	/usr/lib/system/libxpc.dylib
0x00007ff811481000 	/usr/lib/libc++abi.dylib
0x00007ffe164a2000 	/usr/lib/libswiftPrespecialized.dylib
0x00007ff821b57000 	/usr/lib/libfakelink.dylib
0x00007ff817332000 	/System/Library/Frameworks/CFNetwork.framework/Versions/A/CFNetwork
0x00007ff821ba8000 	/usr/lib/libarchive.2.dylib
0x00007ff828275000 	/System/Library/Frameworks/Combine.framework/Versions/A/Combine
0x00007ffb2d0a7000 	/System/Library/PrivateFrameworks/CollectionsInternal.framework/Versions/A/CollectionsInternal
0x00007ffd17cfd000 	/System/Library/PrivateFrameworks/ReflectionInternal.framework/Versions/A/ReflectionInternal
0x00007ffd18ae2000 	/System/Library/PrivateFrameworks/RuntimeInternal.framework/Versions/A/RuntimeInternal
0x00007ff91ae37000 	/usr/lib/swift/libswiftDarwin.dylib
0x00007ffe1689d000 	/usr/lib/swift/libswiftSystem.dylib
0x00007ffe1693b000 	/usr/lib/swift/libswift_DarwinFoundation1.dylib
0x00007ffe169eb000 	/usr/lib/swift/libswift_StringProcessing.dylib
0x00007ff815186000 	/System/Library/PrivateFrameworks/CoreServicesInternal.framework/Versions/A/CoreServicesInternal
0x00007ff821b1d000 	/usr/lib/liboah.dylib
0x00007ff82ec9e000 	/System/Library/PrivateFrameworks/DiskImages.framework/Versions/A/DiskImages
0x00007ff91a8d8000 	/System/Library/Frameworks/NetFS.framework/Versions/A/NetFS
0x00007ff81c239000 	/System/Library/Frameworks/CoreServices.framework/Versions/A/Frameworks/FSEvents.framework/Versions/A/FSEvents
0x00007ff814e97000 	/System/Library/Frameworks/CoreServices.framework/Versions/A/Frameworks/CarbonCore.framework/Versions/A/CarbonCore
0x00007ff81aed2000 	/System/Library/Frameworks/CoreServices.framework/Versions/A/Frameworks/Metadata.framework/Versions/A/Metadata
0x00007ff82157d000 	/System/Library/Frameworks/CoreServices.framework/Versions/A/Frameworks/OSServices.framework/Versions/A/OSServices
0x00007ff821c84000 	/System/Library/Frameworks/CoreServices.framework/Versions/A/Frameworks/SearchKit.framework/Versions/A/SearchKit
0x00007ff8194bc000 	/System/Library/Frameworks/CoreServices.framework/Versions/A/Frameworks/AE.framework/Versions/A/AE
0x00007ff8119da000 	/System/Library/Frameworks/CoreServices.framework/Versions/A/Frameworks/LaunchServices.framework/Versions/A/LaunchServices
0x00007ff823117000 	/System/Library/Frameworks/CoreServices.framework/Versions/A/Frameworks/DictionaryServices.framework/Versions/A/DictionaryServices
0x00007ff81c247000 	/System/Library/Frameworks/CoreServices.framework/Versions/A/Frameworks/SharedFileList.framework/Versions/A/SharedFileList
0x00007ff821d06000 	/usr/lib/libapple_nghttp2.dylib
0x00007ff8190dd000 	/usr/lib/libsqlite3.dylib
0x00007ff8192c1000 	/System/Library/Frameworks/Accounts.framework/Versions/A/Accounts
0x00007ff82eed8000 	/System/Library/PrivateFrameworks/AppSupport.framework/Versions/A/AppSupport
0x00007ff91cd8e000 	/System/Library/Frameworks/AVFoundation.framework/Versions/A/AVFoundation
0x00007ff8264be000 	/System/Library/Frameworks/GSS.framework/Versions/A/GSS
0x00007ff819453000 	/System/Library/PrivateFrameworks/RunningBoardServices.framework/Versions/A/RunningBoardServices
0x00007ff82f708000 	/System/Library/PrivateFrameworks/StreamingZip.framework/Versions/A/StreamingZip
0x00007ff819547000 	/System/Library/Frameworks/Network.framework/Versions/A/Network
0x00007ff821af1000 	/usr/lib/system/libkxld.dylib
0x00007ffb28b4a000 	/System/Library/PrivateFrameworks/AppleKeyStore.framework/Versions/A/AppleKeyStore
0x00007ffe14be8000 	/usr/lib/libCoreEntitlements.dylib
0x00007ffc2cea1000 	/System/Library/PrivateFrameworks/MessageSecurity.framework/Versions/A/MessageSecurity
0x00007ff8190c1000 	/System/Library/PrivateFrameworks/ProtocolBuffer.framework/Versions/A/ProtocolBuffer
0x00007ff82b91f000 	/System/Library/PrivateFrameworks/SymptomDiagnosticReporter.framework/Versions/A/SymptomDiagnosticReporter
0x00007ff823514000 	/System/Library/PrivateFrameworks/CrashReporterSupport.framework/Versions/A/CrashReporterSupport
0x00007ff82155d000 	/System/Library/PrivateFrameworks/AppleFSCompression.framework/Versions/A/AppleFSCompression
0x00007ff820c72000 	/usr/lib/libcoretls.dylib
0x00007ff823185000 	/usr/lib/libcoretls_cfhelpers.dylib
0x00007ff821dc7000 	/usr/lib/libpam.2.dylib
0x00007ff823202000 	/usr/lib/libxar.1.dylib
0x00007ff823187000 	/System/Library/PrivateFrameworks/APFS.framework/Versions/A/APFS
0x00007ffd23189000 	/System/Library/PrivateFrameworks/SwiftASN1Internal.framework/Versions/A/SwiftASN1Internal
0x00007ff823210000 	/usr/lib/libutil.dylib
0x00007ff81f2ff000 	/System/Library/PrivateFrameworks/AppleSystemInfo.framework/Versions/A/AppleSystemInfo
0x00007ff820954000 	/System/Library/PrivateFrameworks/IOMobileFramebuffer.framework/Versions/A/IOMobileFramebuffer
0x00007ff82e628000 	/System/Library/PrivateFrameworks/CoreWiFi.framework/Versions/A/CoreWiFi
0x00007ff91de3f000 	/System/Library/PrivateFrameworks/LoggingSupport.framework/Versions/A/LoggingSupport
0x00007ff826516000 	/System/Library/PrivateFrameworks/MobileAsset.framework/Versions/A/MobileAsset
0x00007ff82b92e000 	/System/Library/PrivateFrameworks/PowerLog.framework/Versions/A/PowerLog
0x00007ff82d163000 	/System/Library/PrivateFrameworks/Rapport.framework/Versions/A/Rapport
0x00007ffb21f27000 	/System/Library/Frameworks/SwiftData.framework/Versions/A/SwiftData
0x00007ff81c450000 	/System/Library/PrivateFrameworks/UserManagement.framework/Versions/A/UserManagement
0x00007ff81724d000 	/usr/lib/libboringssl.dylib
0x00007ff81952d000 	/usr/lib/libdns_services.dylib
0x00007ff91cec8000 	/usr/lib/libquic.dylib
0x00007ff8257a9000 	/usr/lib/libusrtcp.dylib
0x00007ffb299a3000 	/System/Library/PrivateFrameworks/AtomicsInternal.framework/Versions/A/AtomicsInternal
0x00007ffa24d2b000 	/System/Library/PrivateFrameworks/InternalSwiftProtobuf.framework/Versions/A/InternalSwiftProtobuf
0x00007ffe166fb000 	/usr/lib/swift/libswiftDistributed.dylib
0x00007ff81f2fe000 	/System/Library/PrivateFrameworks/AggregateDictionary.framework/Versions/A/AggregateDictionary
0x00007ffb2a0b4000 	/System/Library/PrivateFrameworks/BiomeLibrary.framework/Versions/A/BiomeLibrary
0x00007ff92d30a000 	/System/Library/PrivateFrameworks/BiomeStreams.framework/Versions/A/BiomeStreams
0x00007ff9290c5000 	/System/Library/PrivateFrameworks/BiomeFoundation.framework/Versions/A/BiomeFoundation
0x00007ffa13c82000 	/System/Library/PrivateFrameworks/BiomePubSub.framework/Versions/A/BiomePubSub
0x00007ff8307cb000 	/System/Library/PrivateFrameworks/ProactiveSupport.framework/Versions/A/ProactiveSupport
0x00007ffb23d2d000 	/System/Library/Frameworks/_LocationEssentials.framework/Versions/A/_LocationEssentials
0x00007ff823166000 	/usr/lib/liblzma.5.dylib
0x00007ff82f1e5000 	/System/Library/PrivateFrameworks/InternationalTextSearch.framework/Versions/A/InternationalTextSearch
0x00007ff925844000 	/System/Library/PrivateFrameworks/SoftwareUpdateCoreSupport.framework/Versions/A/SoftwareUpdateCoreSupport
0x00007ff92dcb5000 	/System/Library/PrivateFrameworks/SoftwareUpdateCoreConnect.framework/Versions/A/SoftwareUpdateCoreConnect
0x00007ff82ed88000 	/System/Library/PrivateFrameworks/RemoteServiceDiscovery.framework/Versions/A/RemoteServiceDiscovery
0x00007ff92540c000 	/System/Library/PrivateFrameworks/MSUDataAccessor.framework/Versions/A/MSUDataAccessor
0x00007ff9201d9000 	/usr/lib/libbootpolicy.dylib
0x00007ff82ed9f000 	/System/Library/PrivateFrameworks/RemoteXPC.framework/Versions/A/RemoteXPC
0x00007ff92d1b9000 	/usr/lib/libFDR.dylib
0x00007ffa138ac000 	/usr/lib/libamsupport.dylib
0x00007ffb28314000 	/System/Library/PrivateFrameworks/AppleDeviceQuerySupport.framework/Versions/A/AppleDeviceQuerySupport
0x00007ffa16a66000 	/usr/lib/libpartition2_dynamic.dylib
0x00007ff821ce4000 	/System/Library/PrivateFrameworks/AppleSauce.framework/Versions/A/AppleSauce
0x00007ffe14a6c000 	/usr/lib/libAppleArchive.dylib
0x00007ff821568000 	/usr/lib/libbz2.1.0.dylib
0x00007ff81af64000 	/System/Library/Frameworks/Accelerate.framework/Versions/A/Frameworks/vImage.framework/Versions/A/vImage
0x00007ff82a809000 	/System/Library/Frameworks/Accelerate.framework/Versions/A/Frameworks/vecLib.framework/Versions/A/vecLib
0x00007ff823244000 	/System/Library/Frameworks/Accelerate.framework/Versions/A/Frameworks/vecLib.framework/Versions/A/libvMisc.dylib
0x00007ff811ef4000 	/System/Library/Frameworks/Accelerate.framework/Versions/A/Frameworks/vecLib.framework/Versions/A/libBLAS.dylib
0x00007ff81c39c000 	/System/Library/Frameworks/CoreVideo.framework/Versions/A/CoreVideo
0x00007ff8260c8000 	/System/Library/Frameworks/ApplicationServices.framework/Versions/A/Frameworks/ATS.framework/Versions/A/ATS
0x00007ff82479a000 	/System/Library/Frameworks/ApplicationServices.framework/Versions/A/Frameworks/PrintCore.framework/Versions/A/PrintCore
0x00007ff826488000 	/System/Library/Frameworks/ApplicationServices.framework/Versions/A/Frameworks/QD.framework/Versions/A/QD
0x00007ff826484000 	/System/Library/Frameworks/ApplicationServices.framework/Versions/A/Frameworks/ColorSyncLegacy.framework/Versions/A/ColorSyncLegacy
0x00007ff82609d000 	/System/Library/Frameworks/ApplicationServices.framework/Versions/A/Frameworks/SpeechSynthesis.framework/Versions/A/SpeechSynthesis
0x00007ff81e39a000 	/System/Library/PrivateFrameworks/FontServices.framework/libFontParser.dylib
0x00007ff82eabd000 	/System/Library/PrivateFrameworks/BackBoardServices.framework/Versions/A/BackBoardServices
0x00007ffb29fc6000 	/System/Library/PrivateFrameworks/BackBoardHIDEventFoundation.framework/Versions/A/BackBoardHIDEventFoundation
0x00007ff8138fd000 	/System/Library/Frameworks/CoreDisplay.framework/Versions/A/CoreDisplay
0x00007ff823fcf000 	/System/Library/Frameworks/VideoToolbox.framework/Versions/A/VideoToolbox
0x00007ff821dc5000 	/System/Library/Frameworks/MetalPerformanceShaders.framework/Versions/A/MetalPerformanceShaders
0x00007ffd16d4d000 	/System/Library/PrivateFrameworks/ProDisplayLibrary.framework/Versions/A/ProDisplayLibrary
0x00007ff91023f000 	/System/Library/PrivateFrameworks/IOSurfaceAccelerator.framework/Versions/A/IOSurfaceAccelerator
0x00007ff81ded8000 	/System/Library/PrivateFrameworks/IOAccelerator.framework/Versions/A/IOAccelerator
0x00007ff81e1f2000 	/System/Library/Frameworks/CoreMedia.framework/Versions/A/CoreMedia
0x00007ff81777d000 	/System/Library/PrivateFrameworks/TCC.framework/Versions/A/TCC
0x00007ff823f88000 	/System/Library/PrivateFrameworks/WatchdogClient.framework/Versions/A/WatchdogClient
0x00007ff91df5f000 	/usr/lib/swift/libswiftCoreAudio.dylib
0x00007ffa1a8bb000 	/usr/lib/swift/libswiftCoreMedia.dylib
0x00007ffe168b4000 	/usr/lib/swift/libswiftVideoToolbox.dylib
0x00007ffa13ce5000 	/System/Library/PrivateFrameworks/BiomeStorage.framework/Versions/A/BiomeStorage
0x00007ffc25e33000 	/System/Library/PrivateFrameworks/IntelligencePlatformLibrary.framework/Versions/A/IntelligencePlatformLibrary
0x00007ffd15d28000 	/System/Library/PrivateFrameworks/PoirotSchematizer.framework/Versions/A/PoirotSchematizer
0x00007ffb2aa99000 	/System/Library/PrivateFrameworks/BiomeSync.framework/Versions/A/BiomeSync
0x00007ffb2a09b000 	/System/Library/PrivateFrameworks/BiomeDSL.framework/Versions/A/BiomeDSL
0x00007ffd15d9d000 	/System/Library/PrivateFrameworks/PoirotUDFs.framework/Versions/A/PoirotUDFs
0x00007ffe1693f000 	/usr/lib/swift/libswift_DarwinFoundation2.dylib
0x00007ffe16940000 	/usr/lib/swift/libswift_DarwinFoundation3.dylib
0x00007ff82d159000 	/System/Library/PrivateFrameworks/CoreTime.framework/Versions/A/CoreTime
0x00007ff821b90000 	/usr/lib/libiconv.2.dylib
0x00007ff821aec000 	/usr/lib/libcharset.1.dylib
0x00007ffd15cf3000 	/System/Library/PrivateFrameworks/PoirotSQLite.framework/Versions/A/PoirotSQLite
0x00007ffe16941000 	/usr/lib/swift/libswift_RegexParser.dylib
0x00007ffb2bef7000 	/System/Library/PrivateFrameworks/CascadeSets.framework/Versions/A/CascadeSets
0x00007ff826691000 	/System/Library/PrivateFrameworks/CorePhoneNumbers.framework/Versions/A/CorePhoneNumbers
0x00007ff823d76000 	/System/Library/PrivateFrameworks/AppleJPEG.framework/Versions/A/AppleJPEG
0x00007ff823777000 	/usr/lib/libexpat.1.dylib
0x00007ff824666000 	/System/Library/Frameworks/ImageIO.framework/Versions/A/Resources/libPng.dylib
0x00007ff824694000 	/System/Library/Frameworks/ImageIO.framework/Versions/A/Resources/libTIFF.dylib
0x00007ff824783000 	/System/Library/Frameworks/ImageIO.framework/Versions/A/Resources/libGIF.dylib
0x00007ff823dc2000 	/System/Library/Frameworks/ImageIO.framework/Versions/A/Resources/libJP2.dylib
0x00007ff824725000 	/System/Library/Frameworks/ImageIO.framework/Versions/A/Resources/libJPEG.dylib
0x00007ff82471c000 	/System/Library/Frameworks/ImageIO.framework/Versions/A/Resources/libRadiance.dylib
0x00007ffc1c818000 	/System/Library/PrivateFrameworks/GPUCompiler.framework/Versions/32023/Libraries/libllvm-flatbuffers.dylib
0x00007ffc17101000 	/System/Library/PrivateFrameworks/FramePacing.framework/Versions/A/FramePacing
0x00007ffb19e38000 	/System/Library/Frameworks/OpenGL.framework/Versions/A/Libraries/libCoreFSCache.dylib
0x00007ffc18069000 	/System/Library/PrivateFrameworks/GPUCompiler.framework/Versions/32023/Libraries/libGPUCompilerUtils.dylib
0x00007ff82cc9f000 	/System/Library/PrivateFrameworks/GraphicsServices.framework/Versions/A/GraphicsServices
0x00007ffb19e96000 	/System/Library/Frameworks/OpenGL.framework/Versions/A/Libraries/libGLU.dylib
0x00007ffb19e58000 	/System/Library/Frameworks/OpenGL.framework/Versions/A/Libraries/libGFXShared.dylib
0x00007ffb1a057000 	/System/Library/Frameworks/OpenGL.framework/Versions/A/Libraries/libGL.dylib
0x00007ffb19e61000 	/System/Library/Frameworks/OpenGL.framework/Versions/A/Libraries/libGLImage.dylib
0x00007ffb19e55000 	/System/Library/Frameworks/OpenGL.framework/Versions/A/Libraries/libCVMSPluginSupport.dylib
0x00007ffb19e40000 	/System/Library/Frameworks/OpenGL.framework/Versions/A/Libraries/libCoreVMClient.dylib
0x00007ff824715000 	/System/Library/PrivateFrameworks/GPUWrangler.framework/Versions/A/GPUWrangler
0x00007ff8246f9000 	/System/Library/PrivateFrameworks/IOPresentment.framework/Versions/A/IOPresentment
0x00007ff82471f000 	/System/Library/PrivateFrameworks/DSExternalDisplay.framework/Versions/A/DSExternalDisplay
0x00007ffd2ab8c000 	/System/Library/PrivateFrameworks/VideoToolboxParavirtualizationSupport.framework/Versions/A/VideoToolboxParavirtualizationSupport
0x00007ff82372a000 	/System/Library/PrivateFrameworks/AppleVA.framework/Versions/A/AppleVA
0x00007ffb1cb91000 	/System/Library/Frameworks/ExtensionFoundation.framework/Versions/A/ExtensionFoundation
0x00007ff824789000 	/System/Library/PrivateFrameworks/CMCaptureCore.framework/Versions/A/CMCaptureCore
0x00007ff823a00000 	/System/Library/PrivateFrameworks/AppServerSupport.framework/Versions/A/AppServerSupport
0x00007ff826492000 	/System/Library/PrivateFrameworks/perfdata.framework/Versions/A/perfdata
0x00007ff813a26000 	/System/Library/PrivateFrameworks/AudioToolboxCore.framework/Versions/A/AudioToolboxCore
0x00007ff81e1cd000 	/System/Library/PrivateFrameworks/caulk.framework/Versions/A/caulk
0x00007ff826084000 	/usr/lib/libAudioStatistics.dylib
0x00007ff91cfb0000 	/System/Library/PrivateFrameworks/SystemPolicy.framework/Versions/A/SystemPolicy
0x00007ff826334000 	/usr/lib/libSMC.dylib
0x00007ff924c45000 	/usr/lib/swift/libswiftCoreMIDI.dylib
0x00007ff90f651000 	/System/Library/Frameworks/CoreMIDI.framework/Versions/A/CoreMIDI
0x00007ff824644000 	/usr/lib/libAudioToolboxUtility.dylib
0x00007ff8264a0000 	/usr/lib/libperfcheck.dylib
0x00007ffb29a68000 	/System/Library/PrivateFrameworks/AudioAnalytics.framework/Versions/A/AudioAnalytics
0x00007ffa24a1a000 	/System/Library/Frameworks/OSLog.framework/Versions/A/OSLog
0x00007ffd11dee000 	/System/Library/PrivateFrameworks/OSEligibility.framework/Versions/A/OSEligibility
0x00007ffb1dd40000 	/System/Library/Frameworks/LightweightCodeRequirements.framework/Versions/A/LightweightCodeRequirements
0x00007ff823665000 	/System/Library/PrivateFrameworks/PlugInKit.framework/Versions/A/PlugInKit
0x00007ff820b8f000 	/System/Library/PrivateFrameworks/AssertionServices.framework/Versions/A/AssertionServices
0x00007ff82379c000 	/System/Library/PrivateFrameworks/IconFoundation.framework/Versions/A/IconFoundation
0x00007ffc22fe1000 	/System/Library/PrivateFrameworks/IconRendering.framework/Versions/A/IconRendering
0x00007ffd18c98000 	/System/Library/PrivateFrameworks/SFSymbols.framework/Versions/A/SFSymbols
0x00007ffb1ab3c000 	/System/Library/Frameworks/OpenCL.framework/Versions/A/OpenCL
0x00007ff8239a9000 	/System/Library/PrivateFrameworks/GraphVisualizer.framework/Versions/A/GraphVisualizer
0x00007ffc1700c000 	/System/Library/PrivateFrameworks/FontServices.framework/Versions/A/FontServices
0x00007ff8239bc000 	/System/Library/PrivateFrameworks/OTSVG.framework/Versions/A/OTSVG
0x00007ff81bee9000 	/System/Library/Frameworks/ApplicationServices.framework/Versions/A/Frameworks/ATS.framework/Versions/A/Resources/libFontRegistry.dylib
0x00007ffe15ac8000 	/usr/lib/libhvf.dylib
0x00007ffd12940000 	/System/Library/PrivateFrameworks/ParsingInternal.framework/Versions/A/ParsingInternal
0x00007ffc17010000 	/System/Library/PrivateFrameworks/FontServices.framework/libXTFontStaticRegistryData.dylib
0x00007ff81f231000 	/System/Library/Frameworks/MetalPerformanceShaders.framework/Versions/A/Frameworks/MPSCore.framework/Versions/A/MPSCore
0x00007ff8214b8000 	/System/Library/Frameworks/MetalPerformanceShaders.framework/Versions/A/Frameworks/MPSImage.framework/Versions/A/MPSImage
0x00007ff820d0d000 	/System/Library/Frameworks/MetalPerformanceShaders.framework/Versions/A/Frameworks/MPSNeuralNetwork.framework/Versions/A/MPSNeuralNetwork
0x00007ff821256000 	/System/Library/Frameworks/MetalPerformanceShaders.framework/Versions/A/Frameworks/MPSMatrix.framework/Versions/A/MPSMatrix
0x00007ff82100c000 	/System/Library/Frameworks/MetalPerformanceShaders.framework/Versions/A/Frameworks/MPSRayIntersector.framework/Versions/A/MPSRayIntersector
0x00007ff821295000 	/System/Library/Frameworks/MetalPerformanceShaders.framework/Versions/A/Frameworks/MPSNDArray.framework/Versions/A/MPSNDArray
0x00007ffb1ebaa000 	/System/Library/Frameworks/MetalPerformanceShaders.framework/Versions/A/Frameworks/MPSFunctions.framework/Versions/A/MPSFunctions
0x00007ffb1eb8a000 	/System/Library/Frameworks/MetalPerformanceShaders.framework/Versions/A/Frameworks/MPSBenchmarkLoop.framework/Versions/A/MPSBenchmarkLoop
0x00007ffb1ebbf000 	/System/Library/Frameworks/MetalPerformanceShaders.framework/Versions/A/Frameworks/MPSHost.framework/Versions/A/MPSHost
0x00007ff811cff000 	/System/Library/PrivateFrameworks/MetalTools.framework/Versions/A/MetalTools
0x00007ff92354d000 	/System/Library/PrivateFrameworks/IOAccelMemoryInfo.framework/Versions/A/IOAccelMemoryInfo
0x00007ffa12110000 	/System/Library/PrivateFrameworks/kperf.framework/Versions/A/kperf
0x00007ff91df5b000 	/System/Library/PrivateFrameworks/GPURawCounter.framework/Versions/A/GPURawCounter
0x00007ffa20194000 	/System/Library/PrivateFrameworks/Symbolication.framework/Versions/A/Symbolication
0x00007ffd158eb000 	/System/Library/PrivateFrameworks/PhotosensitivityProcessing.framework/Versions/A/PhotosensitivityProcessing
0x00007ff82cff5000 	/System/Library/PrivateFrameworks/CoreSymbolication.framework/Versions/A/CoreSymbolication
0x00007ff91ded4000 	/System/Library/PrivateFrameworks/MallocStackLogging.framework/Versions/A/MallocStackLogging
0x00007ff82cfd7000 	/System/Library/PrivateFrameworks/DebugSymbols.framework/Versions/A/DebugSymbols
0x00007ffa10922000 	/System/Library/PrivateFrameworks/OSAnalytics.framework/Versions/A/OSAnalytics
0x00007ffc150ab000 	/System/Library/PrivateFrameworks/DeviceRecovery.framework/Versions/A/DeviceRecovery
0x00007ff821894000 	/System/Library/Frameworks/UserNotifications.framework/Versions/A/UserNotifications
0x00007ff923bc8000 	/System/Library/PrivateFrameworks/SiriInstrumentation.framework/Versions/A/SiriInstrumentation
0x00007ffd1adfb000 	/System/Library/PrivateFrameworks/SiriAnalytics.framework/Versions/A/SiriAnalytics
0x00007ff921312000 	/System/Library/PrivateFrameworks/FeedbackLogger.framework/Versions/A/FeedbackLogger
0x00007ffa1c35e000 	/usr/lib/swift/libswiftAVFoundation.dylib
0x00007ffd28cc7000 	/System/Library/PrivateFrameworks/UnifiedAssetFramework.framework/Versions/A/UnifiedAssetFramework
0x00007ff826008000 	/System/Library/PrivateFrameworks/AudioSession.framework/Versions/A/AudioSession
0x00007ff8238c3000 	/System/Library/PrivateFrameworks/MediaExperience.framework/Versions/A/MediaExperience
0x00007ff825df2000 	/System/Library/PrivateFrameworks/AudioSession.framework/libSessionUtility.dylib
0x00007ff82b80d000 	/System/Library/Frameworks/CoreBluetooth.framework/Versions/A/CoreBluetooth
0x00007ff820a0c000 	/System/Library/PrivateFrameworks/CoreUtils.framework/Versions/A/CoreUtils
0x00007ff915b9d000 	/System/Library/PrivateFrameworks/HID.framework/Versions/A/HID
0x00007ffc1414d000 	/System/Library/PrivateFrameworks/CoreUtilsExtras.framework/Versions/A/CoreUtilsExtras
0x00007ffc22f2f000 	/System/Library/PrivateFrameworks/IO80211.framework/Versions/A/IO80211
0x00007ff827fd4000 	/System/Library/Frameworks/IOBluetooth.framework/Versions/A/IOBluetooth
0x00007ffe1673b000 	/usr/lib/swift/libswiftRegexBuilder.dylib
0x00007ff82350b000 	/usr/lib/libIOReport.dylib
0x00007ffa2c8a3000 	/System/Library/PrivateFrameworks/WiFiPeerToPeer.framework/Versions/A/WiFiPeerToPeer
0x00007ff820b9c000 	/System/Library/Frameworks/SecurityFoundation.framework/Versions/A/SecurityFoundation
0x00007ff8120d2000 	/System/Library/PrivateFrameworks/Lexicon.framework/Versions/A/Lexicon
0x00007ffe15f25000 	/usr/lib/libmrc.dylib
0x00007ffc22fa1000 	/System/Library/PrivateFrameworks/IPConfiguration.framework/Versions/A/IPConfiguration
0x00007ffa208c7000 	/System/Library/PrivateFrameworks/Netrb.framework/Versions/A/Netrb
0x00007ff820cf5000 	/usr/lib/libgermantok.dylib
0x00007ff81f414000 	/System/Library/PrivateFrameworks/LinguisticData.framework/Versions/A/LinguisticData
0x00007ff82ba10000 	/System/Library/PrivateFrameworks/MediaKit.framework/Versions/A/MediaKit
0x00007ff82b96a000 	/System/Library/Frameworks/DiscRecording.framework/Versions/A/DiscRecording
0x00007ff823793000 	/usr/lib/libheimdal-asn1.dylib
0x00007ff82f6e3000 	/System/Library/Frameworks/AudioUnit.framework/Versions/A/AudioUnit
0x00007ff81c206000 	/System/Library/Frameworks/OpenDirectory.framework/Versions/A/OpenDirectory
0x00007ff81c212000 	/System/Library/Frameworks/OpenDirectory.framework/Versions/A/Frameworks/CFOpenDirectory.framework/Versions/A/CFOpenDirectory
0x00007ff828334000 	/System/Library/PrivateFrameworks/GeoServices.framework/Versions/A/GeoServices
0x00007ff825dbb000 	/System/Library/PrivateFrameworks/LocationSupport.framework/Versions/A/LocationSupport
0x00007ffc1fe13000 	/System/Library/PrivateFrameworks/GeoServicesCore.framework/Versions/A/GeoServicesCore
0x00007ff916a3f000 	/System/Library/PrivateFrameworks/PhoneNumbers.framework/Versions/A/PhoneNumbers
0x00007ffc27b0b000 	/System/Library/PrivateFrameworks/LocationLogEncryption.framework/Versions/A/LocationLogEncryption
0x00007ffb1b270000 	/System/Library/Frameworks/AVFAudio.framework/Versions/A/AVFAudio
0x00007ffb1b3ac000 	/System/Library/Frameworks/AVRouting.framework/Versions/A/AVRouting
0x00007ff916b38000 	/usr/lib/libAccessibility.dylib
0x00007ffc267b4000 	/System/Library/PrivateFrameworks/IsolatedCoreAudioClient.framework/Versions/A/IsolatedCoreAudioClient
0x00007ffd267f7000 	/System/Library/PrivateFrameworks/Tightbeam.framework/Versions/A/Tightbeam
0x00007ffc100d5000 	/System/Library/PrivateFrameworks/CoreAudioOrchestration.framework/Versions/A/CoreAudioOrchestration
0x00007ffa16f3a000 	/System/Library/PrivateFrameworks/AFKUser.framework/Versions/A/AFKUser
0x00007ff824c91000 	/System/Library/Frameworks/MediaToolbox.framework/Versions/A/MediaToolbox
0x00007ff82beee000 	/System/Library/PrivateFrameworks/CoreAVCHD.framework/Versions/A/CoreAVCHD
0x00007ff82aaf8000 	/System/Library/Frameworks/MediaAccessibility.framework/Versions/A/MediaAccessibility
0x00007ff82beea000 	/System/Library/PrivateFrameworks/Mangrove.framework/Versions/A/Mangrove
0x00007ffb2b697000 	/System/Library/PrivateFrameworks/CMPhoto.framework/Versions/A/CMPhoto
0x00007ff82c69b000 	/System/Library/Frameworks/CoreTelephony.framework/Versions/A/CoreTelephony
0x00007ff82ce9e000 	/System/Library/PrivateFrameworks/AppleVPA.framework/Versions/A/AppleVPA
0x00007ff82bb2f000 	/System/Library/PrivateFrameworks/CoreAUC.framework/Versions/A/CoreAUC
0x00007ffb28822000 	/System/Library/PrivateFrameworks/AppleJPEGXL.framework/Versions/A/AppleJPEGXL
0x00007ff8266a0000 	/usr/lib/libTelephonyUtilDynamic.dylib
0x00007ffa27aa5000 	/System/Library/Frameworks/CryptoKit.framework/Versions/A/CryptoKit
0x00007ff82f6de000 	/System/Library/PrivateFrameworks/CryptoKitCBridging.framework/Versions/A/CryptoKitCBridging
0x00007ff82ccaf000 	/System/Library/Frameworks/CryptoTokenKit.framework/Versions/A/CryptoTokenKit
0x00007ffc14bb9000 	/System/Library/PrivateFrameworks/Dendrite.framework/Versions/A/Dendrite
0x00007ff91db23000 	/System/Library/Frameworks/NaturalLanguage.framework/Versions/A/NaturalLanguage
0x00007ffa2c830000 	/usr/lib/swift/libswiftNaturalLanguage.dylib
0x00007ffb294e6000 	/System/Library/PrivateFrameworks/AppleMobileFileIntegrity.framework/Versions/A/AppleMobileFileIntegrity
0x00007ffe14ed2000 	/usr/lib/libTLE.dylib
0x00007ff91df04000 	/usr/lib/libmis.dylib
0x00007ffb153bb000 	/System/Library/PrivateFrameworks/ConfigProfileHelper.framework/Versions/A/ConfigProfileHelper
0x00007ff82f860000 	/System/Library/PrivateFrameworks/Espresso.framework/Versions/A/Espresso
0x00007ff81c961000 	/System/Library/Frameworks/CoreML.framework/Versions/A/CoreML
0x00007ffa2a893000 	/usr/lib/libedit.3.dylib
0x00007ffb1599f000 	/System/Library/PrivateFrameworks/ANECompiler.framework/Versions/A/ANECompiler
0x00007ff90f479000 	/System/Library/PrivateFrameworks/AppleNeuralEngine.framework/Versions/A/AppleNeuralEngine
0x00007ffc27c1b000 	/System/Library/PrivateFrameworks/MIL.framework/Versions/A/MIL
0x00007ffb1ebc6000 	/System/Library/Frameworks/MetalPerformanceShadersGraph.framework/Versions/A/MetalPerformanceShadersGraph
0x00007ffc283ed000 	/System/Library/PrivateFrameworks/MLCompilerServices.framework/Versions/A/MLCompilerServices
0x00007ff830799000 	/System/Library/PrivateFrameworks/ANEServices.framework/Versions/A/ANEServices
0x00007ff923512000 	/usr/lib/libncurses.5.4.dylib
0x00007ff8152e6000 	/usr/lib/libsandbox.1.dylib
0x00007ff8236a8000 	/usr/lib/libMatch.1.dylib
0x00007ffd11bab000 	/System/Library/PrivateFrameworks/ODIE.framework/Versions/A/ODIE
0x00007ffc2b1c3000 	/System/Library/PrivateFrameworks/MLModelAsset.framework/Versions/A/MLModelAsset
0x00007ffc28393000 	/System/Library/PrivateFrameworks/MLCompilerRuntime.framework/Versions/A/MLCompilerRuntime
0x00007ff82106e000 	/System/Library/Frameworks/MLCompute.framework/Versions/A/MLCompute
0x00007ffc2831a000 	/System/Library/PrivateFrameworks/MLAssetIO.framework/Versions/A/MLAssetIO
0x00007ffe16712000 	/usr/lib/swift/libswiftMLCompute.dylib
0x00007ff82c89a000 	/System/Library/PrivateFrameworks/AVFCore.framework/Versions/A/AVFCore
0x00007ff914423000 	/System/Library/PrivateFrameworks/AVFCapture.framework/Versions/A/AVFCapture
0x00007ffb2b540000 	/System/Library/PrivateFrameworks/CMImaging.framework/Versions/A/CMImaging
0x00007ff914672000 	/System/Library/PrivateFrameworks/Quagga.framework/Versions/A/Quagga
0x00007ff91479d000 	/System/Library/PrivateFrameworks/CMCapture.framework/Versions/A/CMCapture
0x00007ff826225000 	/System/Library/Frameworks/CoreMediaIO.framework/Versions/A/CoreMediaIO
0x00007ffb2b478000 	/System/Library/PrivateFrameworks/CMCaptureDevice.framework/Versions/A/CMCaptureDevice
0x00007ff823ae2000 	/System/Library/PrivateFrameworks/CoreBrightness.framework/Versions/A/CoreBrightness
0x00007ffb2c3be000 	/System/Library/PrivateFrameworks/CinematicFraming.framework/Versions/A/CinematicFraming
0x00007ffc2e19e000 	/System/Library/PrivateFrameworks/ModelManagerServices.framework/Versions/A/ModelManagerServices
0x00007ffd23f45000 	/System/Library/PrivateFrameworks/SystemStatus.framework/Versions/A/SystemStatus
0x00007ff91c9ab000 	/System/Library/Frameworks/CoreMotion.framework/Versions/A/CoreMotion
0x00007ff92d281000 	/System/Library/PrivateFrameworks/TimeSync.framework/Versions/A/TimeSync
0x00007ffc15494000 	/System/Library/PrivateFrameworks/DistributedSensing.framework/Versions/A/DistributedSensing
0x00007ff9283de000 	/System/Library/PrivateFrameworks/MobileBluetooth.framework/Versions/A/MobileBluetooth
0x00007ffa0f545000 	/System/Library/PrivateFrameworks/IOKitten.framework/Versions/A/IOKitten
0x00007ffb286c5000 	/System/Library/PrivateFrameworks/AppleIntelligenceReporting.framework/Versions/A/AppleIntelligenceReporting
0x00007ff820922000 	/System/Library/PrivateFrameworks/CoreEmoji.framework/Versions/A/CoreEmoji
0x00007ff812434000 	/usr/lib/libCRFSuite.dylib
0x00007ff813753000 	/System/Library/PrivateFrameworks/LanguageModeling.framework/Versions/A/LanguageModeling
0x00007ff81f306000 	/System/Library/PrivateFrameworks/CoreNLP.framework/Versions/A/CoreNLP
0x00007ff81890b000 	/System/Library/PrivateFrameworks/Montreal.framework/Versions/A/Montreal
0x00007ff821b97000 	/usr/lib/libcmph.dylib
0x00007ff820c9a000 	/usr/lib/libmecab.dylib
0x00007ff821cdc000 	/usr/lib/libThaiTokenizer.dylib
0x00007ffc1fc16000 	/System/Library/PrivateFrameworks/GenerativeModelsFoundation.framework/Versions/A/GenerativeModelsFoundation
0x00007ffd26c72000 	/System/Library/PrivateFrameworks/TokenGeneration.framework/Versions/A/TokenGeneration
0x00007ffc1fa45000 	/System/Library/PrivateFrameworks/GenerativeFunctions.framework/Versions/A/GenerativeFunctions
0x00007ffc1fa88000 	/System/Library/PrivateFrameworks/GenerativeFunctionsFoundation.framework/Versions/A/GenerativeFunctionsFoundation
0x00007ffc2de4d000 	/System/Library/PrivateFrameworks/ModelCatalog.framework/Versions/A/ModelCatalog
0x00007ffd1a181000 	/System/Library/PrivateFrameworks/SensitiveContentAnalysisML.framework/Versions/A/SensitiveContentAnalysisML
0x00007ffc1fb02000 	/System/Library/PrivateFrameworks/GenerativeFunctionsInstrumentation.framework/Versions/A/GenerativeFunctionsInstrumentation
0x00007ffd17440000 	/System/Library/PrivateFrameworks/PromptKit.framework/Versions/A/PromptKit
0x00007ffd16eee000 	/System/Library/PrivateFrameworks/ProactiveDaemonSupport.framework/Versions/A/ProactiveDaemonSupport
0x00007ffd26e43000 	/System/Library/PrivateFrameworks/TokenGenerationCore.framework/Versions/A/TokenGenerationCore
0x00007ff91ea9f000 	/System/Library/PrivateFrameworks/Trial.framework/Versions/A/Trial
0x00007ff91ea21000 	/System/Library/PrivateFrameworks/TrialProto.framework/Versions/A/TrialProto
0x00007ffb2837c000 	/System/Library/PrivateFrameworks/AppleFlatBuffers.framework/Versions/A/AppleFlatBuffers
0x00007ffd1a3e7000 	/System/Library/PrivateFrameworks/SentencePieceInternal.framework/Versions/A/SentencePieceInternal
0x00007ff82ab4c000 	/System/Library/Frameworks/Vision.framework/Versions/A/Vision
0x00007ffc13e0f000 	/System/Library/PrivateFrameworks/CoreSceneUnderstanding.framework/Versions/A/CoreSceneUnderstanding
0x00007ffd2b6f5000 	/System/Library/PrivateFrameworks/VisionCore.framework/Versions/A/VisionCore
0x00007ff92711b000 	/System/Library/Frameworks/Vision.framework/libfaceCore.dylib
0x00007ff927e3a000 	/System/Library/PrivateFrameworks/Futhark.framework/Versions/A/Futhark
0x00007ff92c090000 	/System/Library/PrivateFrameworks/InertiaCam.framework/Versions/A/InertiaCam
0x00007ff927ba2000 	/System/Library/PrivateFrameworks/TextRecognition.framework/Versions/A/TextRecognition
0x00007ff823547000 	/System/Library/PrivateFrameworks/CVNLP.framework/Versions/A/CVNLP
0x00007ffa24f14000 	/System/Library/PrivateFrameworks/HIDDisplay.framework/Versions/A/HIDDisplay
0x00007ff824755000 	/System/Library/Frameworks/ApplicationServices.framework/Versions/A/Frameworks/ATSUI.framework/Versions/A/ATSUI
0x00007ff826415000 	/usr/lib/libcups.2.dylib
0x00007ff8264af000 	/System/Library/Frameworks/Kerberos.framework/Versions/A/Kerberos
0x00007ff826112000 	/usr/lib/libresolv.9.dylib
0x00007ff823a15000 	/System/Library/PrivateFrameworks/Heimdal.framework/Versions/A/Heimdal
0x00007ff82f6e2000 	/System/Library/Frameworks/Kerberos.framework/Versions/A/Libraries/libHeimdalProxy.dylib
0x00007ff826507000 	/System/Library/PrivateFrameworks/CommonAuth.framework/Versions/A/CommonAuth
0x00007ff916a49000 	/System/Library/PrivateFrameworks/AXCoreUtilities.framework/Versions/A/AXCoreUtilities
0x00007ffe14a37000 	/usr/lib/libAXSafeCategoryBundle.dylib
0x00007ffb22f5b000 	/System/Library/Frameworks/TabularData.framework/Versions/A/TabularData
0x00007ffb29687000 	/System/Library/PrivateFrameworks/ArgumentParserInternal.framework/Versions/A/ArgumentParserInternal
0x00007ff820708000 	/System/Library/Frameworks/Accelerate.framework/Versions/A/Frameworks/vecLib.framework/Versions/A/libvDSP.dylib
0x00007ff821eb5000 	/System/Library/Frameworks/Accelerate.framework/Versions/A/Frameworks/vecLib.framework/Versions/A/libLAPACK.dylib
0x00007ff820cf8000 	/System/Library/Frameworks/Accelerate.framework/Versions/A/Frameworks/vecLib.framework/Versions/A/libLinearAlgebra.dylib
0x00007ff821d20000 	/System/Library/Frameworks/Accelerate.framework/Versions/A/Frameworks/vecLib.framework/Versions/A/libSparseBLAS.dylib
0x00007ff821eaf000 	/System/Library/Frameworks/Accelerate.framework/Versions/A/Frameworks/vecLib.framework/Versions/A/libQuadrature.dylib
0x00007ff81f41a000 	/System/Library/Frameworks/Accelerate.framework/Versions/A/Frameworks/vecLib.framework/Versions/A/libBNNS.dylib
0x00007ff8121d8000 	/System/Library/Frameworks/Accelerate.framework/Versions/A/Frameworks/vecLib.framework/Versions/A/libSparse.dylib
0x00007ff826478000 	/System/Library/PrivateFrameworks/NetAuth.framework/Versions/A/NetAuth
0x00007ff81c410000 	/System/Library/PrivateFrameworks/login.framework/Versions/A/Frameworks/loginsupport.framework/Versions/A/loginsupport
0x00007ff820c68000 	/usr/lib/libCheckFix.dylib
0x00007ff81ae69000 	/System/Library/PrivateFrameworks/MetadataUtilities.framework/Versions/A/MetadataUtilities
0x00007ffc2392f000 	/System/Library/PrivateFrameworks/InstalledContentLibrary.framework/Versions/A/InstalledContentLibrary
0x00007ff8151c8000 	/System/Library/PrivateFrameworks/CoreServicesStore.framework/Versions/A/CoreServicesStore
0x00007ffa1221a000 	/System/Library/PrivateFrameworks/MobileSystemServices.framework/Versions/A/MobileSystemServices
0x00007ff823214000 	/usr/lib/libxslt.1.dylib
0x00007ff820c2b000 	/System/Library/PrivateFrameworks/BackgroundTaskManagement.framework/Versions/A/BackgroundTaskManagement
0x00007ff82ee4e000 	/usr/lib/libcurl.4.dylib
0x00007ffe15872000 	/usr/lib/libcrypto.46.dylib
0x00007ffe1642f000 	/usr/lib/libssl.48.dylib
0x00007ff82eb2e000 	/System/Library/Frameworks/LDAP.framework/Versions/A/LDAP
0x00007ff82eb68000 	/System/Library/PrivateFrameworks/TrustEvaluationAgent.framework/Versions/A/TrustEvaluationAgent
0x00007ff82612f000 	/usr/lib/libsasl2.2.dylib
0x00007ff91ae36000 	/usr/lib/swift/libswiftCoreGraphics.dylib
0x00007ff82b1b8000 	/usr/lib/swift/libswiftFoundation.dylib
0x00007ffb14d85000 	/usr/lib/swift/libswiftSwiftOnoneSupport.dylib
0x00007ffe16a74000 	/usr/lib/swift/libswiftsys_time.dylib
0x00007ffa20902000 	/System/Library/PrivateFrameworks/CoreMaterial.framework/Versions/A/CoreMaterial
0x00007ffe14ed1000 	/usr/lib/libSpatial.dylib
0x00007ffe1494f000 	/System/Library/SubFrameworks/UIUtilities.framework/Versions/A/UIUtilities
0x000000010ebe5000 	/Users/zvwgvx/.cache/rbw-forge-ui/jdk8u502-b07/Contents/Home/jre/lib/server/libjvm.dylib
0x00000001089bf000 	/Users/zvwgvx/.cache/rbw-forge-ui/jdk8u502-b07/Contents/Home/jre/lib/libverify.dylib
0x0000000108a36000 	/Users/zvwgvx/.cache/rbw-forge-ui/jdk8u502-b07/Contents/Home/jre/lib/libjava.dylib
0x0000000108ad3000 	/Users/zvwgvx/.cache/rbw-forge-ui/jdk8u502-b07/Contents/Home/jre/lib/libzip.dylib
0x000000012af4f000 	/Users/zvwgvx/.cache/rbw-forge-ui/jdk8u502-b07/Contents/Home/jre/lib/libnio.dylib
0x000000012afb2000 	/Users/zvwgvx/.cache/rbw-forge-ui/jdk8u502-b07/Contents/Home/jre/lib/libnet.dylib
0x000000012b034000 	/Users/zvwgvx/.cache/rbw-forge-ui/jdk8u502-b07/Contents/Home/jre/lib/libmanagement.dylib
0x000000012c257000 	/Users/zvwgvx/.cache/rbw-forge-ui/jdk8u502-b07/Contents/Home/jre/lib/libawt.dylib
0x000000012c48a000 	/Users/zvwgvx/.cache/rbw-forge-ui/jdk8u502-b07/Contents/Home/jre/lib/libmlib_image.dylib
0x00007ffb1dd28000 	/System/Library/Frameworks/JavaNativeFoundation.framework/Versions/A/JavaNativeFoundation
0x00007ffb1dd31000 	/System/Library/Frameworks/JavaRuntimeSupport.framework/Versions/A/JavaRuntimeSupport
0x00007ff91c9aa000 	/System/Library/Frameworks/Carbon.framework/Versions/A/Carbon
0x00007ff911e38000 	/System/Library/Frameworks/Carbon.framework/Versions/A/Frameworks/CommonPanels.framework/Versions/A/CommonPanels
0x00007ff82ee3b000 	/System/Library/Frameworks/Carbon.framework/Versions/A/Frameworks/Help.framework/Versions/A/Help
0x00007ff911e3c000 	/System/Library/Frameworks/Carbon.framework/Versions/A/Frameworks/ImageCapture.framework/Versions/A/ImageCapture
0x00007ff911e19000 	/System/Library/Frameworks/Carbon.framework/Versions/A/Frameworks/OpenScripting.framework/Versions/A/OpenScripting
0x00007ff911e37000 	/System/Library/Frameworks/Carbon.framework/Versions/A/Frameworks/Ink.framework/Versions/A/Ink
0x00007ff911e34000 	/System/Library/Frameworks/Carbon.framework/Versions/A/Frameworks/SecurityHI.framework/Versions/A/SecurityHI
0x00007ffe14d62000 	/usr/lib/libInterpreterSecurity.dylib
0x00007ffa14015000 	/System/Library/PrivateFrameworks/XprotectFramework.framework/Versions/A/XprotectFramework
0x00007ff915eac000 	/System/Library/PrivateFrameworks/yara.framework/Versions/A/yara
0x00007ffe14d50000 	/usr/lib/libEndpointSecuritySystem.dylib
0x000000012c5f9000 	/Users/zvwgvx/.cache/rbw-forge-ui/jdk8u502-b07/Contents/Home/jre/lib/libawt_lwawt.dylib
0x000000012c1ea000 	/Users/zvwgvx/.cache/rbw-forge-ui/jdk8u502-b07/Contents/Home/jre/lib/libosxapp.dylib
0x00007ff91ae9a000 	/System/Library/Frameworks/ExceptionHandling.framework/Versions/A/ExceptionHandling
0x00007ffb1b4ed000 	/System/Library/Frameworks/AppIntents.framework/Versions/A/AppIntents
0x00007ffb217b4000 	/System/Library/Frameworks/RelevanceKit.framework/Versions/A/RelevanceKit
0x00007ff8218e2000 	/System/Library/Frameworks/CoreSpotlight.framework/Versions/A/CoreSpotlight
0x00007ffc276d4000 	/System/Library/PrivateFrameworks/LinkServices.framework/Versions/A/LinkServices
0x00007ff82b460000 	/System/Library/Frameworks/Contacts.framework/Versions/A/Contacts
0x00007ffb26fba000 	/System/Library/PrivateFrameworks/AppIntentsTypeSupport.framework/Versions/A/AppIntentsTypeSupport
0x00007ffc15574000 	/System/Library/PrivateFrameworks/DoNotDisturb.framework/Versions/A/DoNotDisturb
0x00007ffc27537000 	/System/Library/PrivateFrameworks/LinkMetadata.framework/Versions/A/LinkMetadata
0x00007ff91df7f000 	/usr/lib/swift/libswiftIntents.dylib
0x00007ff923669000 	/System/Library/PrivateFrameworks/IntentsCore.framework/Versions/A/IntentsCore
0x00007ffb29e42000 	/System/Library/PrivateFrameworks/AvailabilityKit.framework/Versions/A/AvailabilityKit
0x00007ffb26c4d000 	/System/Library/PrivateFrameworks/AppIntentSchemas.framework/Versions/A/AppIntentSchemas
0x00007ffb1d37c000 	/System/Library/Frameworks/GeoToolbox.framework/Versions/A/GeoToolbox
0x00007ffc1ce44000 	/System/Library/PrivateFrameworks/GRDBInternal.framework/Versions/A/GRDBInternal
0x00007ffd22948000 	/System/Library/PrivateFrameworks/StatusKit.framework/Versions/A/StatusKit
0x00007ff82b28a000 	/System/Library/PrivateFrameworks/ContactsPersistence.framework/Versions/A/ContactsPersistence
0x00007ff82a417000 	/System/Library/PrivateFrameworks/AppleLDAP.framework/Versions/A/AppleLDAP
0x00007ff82f1e8000 	/System/Library/Frameworks/ClassKit.framework/Versions/A/ClassKit
0x00007ff90eefa000 	/System/Library/PrivateFrameworks/CoreSuggestions.framework/Versions/A/CoreSuggestions
0x00007ff82b1b9000 	/System/Library/PrivateFrameworks/ContactsFoundation.framework/Versions/A/ContactsFoundation
0x00007ff82cc64000 	/System/Library/PrivateFrameworks/vCard.framework/Versions/A/vCard
0x00007ffb2d5b4000 	/System/Library/PrivateFrameworks/ContactsMetrics.framework/Versions/A/ContactsMetrics
0x00007ff823ac1000 	/System/Library/PrivateFrameworks/login.framework/Versions/A/login
0x00007ffc2bb5d000 	/System/Library/PrivateFrameworks/ManagedOrganizationContacts.framework/Versions/A/ManagedOrganizationContacts
0x00007ff81c88c000 	/System/Library/PrivateFrameworks/CloudDocs.framework/Versions/A/CloudDocs
0x00007ff916400000 	/System/Library/PrivateFrameworks/ProactiveEventTracker.framework/Versions/A/ProactiveEventTracker
0x00007ff82c0f7000 	/System/Library/PrivateFrameworks/GenerationalStorage.framework/Versions/A/GenerationalStorage
0x00007ff8265fb000 	/System/Library/PrivateFrameworks/CacheDelete.framework/Versions/A/CacheDelete
0x00007ff82f817000 	/System/Library/Frameworks/QuickLookThumbnailing.framework/Versions/A/QuickLookThumbnailing
0x00007ff82bf19000 	/System/Library/Frameworks/FileProvider.framework/Versions/A/FileProvider
0x00007ff816d3a000 	/System/Library/PrivateFrameworks/DesktopServicesPriv.framework/Versions/A/DesktopServicesPriv
0x00007ff91d9f8000 	/System/Library/PrivateFrameworks/FTServices.framework/Versions/A/FTServices
0x00007ff915b53000 	/System/Library/PrivateFrameworks/CloudServices.framework/Versions/A/CloudServices
0x00007ff81dbcf000 	/System/Library/Frameworks/CoreLocation.framework/Versions/A/CoreLocation
0x00007ff82df46000 	/System/Library/Frameworks/Intents.framework/Versions/A/Intents
0x00007ff8215aa000 	/System/Library/PrivateFrameworks/AuthKit.framework/Versions/A/AuthKit
0x00007ff924c28000 	/usr/lib/swift/libswiftCoreLocation.dylib
0x00007ff827c32000 	/System/Library/PrivateFrameworks/Sharing.framework/Versions/A/Sharing
0x00007ff82760f000 	/System/Library/PrivateFrameworks/IDSFoundation.framework/Versions/A/IDSFoundation
0x00007ff82e627000 	/System/Library/PrivateFrameworks/Apple80211.framework/Versions/A/Apple80211
0x00007ff82098e000 	/System/Library/Frameworks/CoreWLAN.framework/Versions/A/CoreWLAN
0x00007ff825d47000 	/System/Library/PrivateFrameworks/IMFoundation.framework/Versions/A/IMFoundation
0x00007ff915eab000 	/System/Library/PrivateFrameworks/Marco.framework/Versions/A/Marco
0x00007ff81934b000 	/System/Library/PrivateFrameworks/CommonUtilities.framework/Versions/A/CommonUtilities
0x00007ff911e02000 	/System/Library/PrivateFrameworks/Engram.framework/Versions/A/Engram
0x00007ffe0f3a0000 	/System/Library/PrivateFrameworks/XPCDistributed.framework/Versions/A/XPCDistributed
0x00007ff911da4000 	/usr/lib/libtidy.A.dylib
0x00007ff823cf9000 	/System/Library/PrivateFrameworks/Bom.framework/Versions/A/Bom
0x00007ff82614f000 	/usr/lib/libParallelCompression.dylib
0x00007ff826142000 	/System/Library/PrivateFrameworks/MultiverseSupport.framework/Versions/A/MultiverseSupport
0x00007ff82ba43000 	/System/Library/PrivateFrameworks/DiskManagement.framework/Versions/A/DiskManagement
0x00007ff82b95d000 	/System/Library/PrivateFrameworks/AppleIDAuthSupport.framework/Versions/A/AppleIDAuthSupport
0x00007ffb24409000 	/System/Library/PrivateFrameworks/AAAFoundation.framework/Versions/A/AAAFoundation
0x00007ff82664d000 	/System/Library/PrivateFrameworks/KeychainCircle.framework/Versions/A/KeychainCircle
0x00007ff916a40000 	/System/Library/PrivateFrameworks/URLFormatting.framework/Versions/A/URLFormatting
0x00007ff82ee43000 	/usr/lib/libcsfde.dylib
0x00007ff8236b0000 	/usr/lib/libCoreStorage.dylib
0x00007ff8280a8000 	/System/Library/PrivateFrameworks/ProtectedCloudStorage.framework/Versions/A/ProtectedCloudStorage
0x00007ff82ee3f000 	/System/Library/PrivateFrameworks/EFILogin.framework/Versions/A/EFILogin
0x00007ff82c121000 	/System/Library/PrivateFrameworks/OctagonTrust.framework/Versions/A/OctagonTrust
0x00007ff8273e6000 	/System/Library/PrivateFrameworks/IDS.framework/Versions/A/IDS
0x00007ff82cd2e000 	/System/Library/Frameworks/LocalAuthentication.framework/Versions/A/LocalAuthentication
0x00007ffc278f3000 	/System/Library/PrivateFrameworks/LocalAuthenticationCore.framework/Versions/A/LocalAuthenticationCore
0x00007ffc27a90000 	/System/Library/PrivateFrameworks/LocalAuthenticationCredentialServices.framework/Versions/A/LocalAuthenticationCredentialServices
0x00007ff82cd92000 	/System/Library/Frameworks/LocalAuthentication.framework/Support/SharedUtils.framework/Versions/A/SharedUtils
0x00007ffb2991a000 	/System/Library/PrivateFrameworks/AsyncAlgorithmsInternal.framework/Versions/A/AsyncAlgorithmsInternal
0x00007ff92ccb1000 	/System/Library/PrivateFrameworks/FTAWD.framework/Versions/A/FTAWD
0x00007ff82f7a3000 	/System/Library/PrivateFrameworks/IntentsFoundation.framework/Versions/A/IntentsFoundation
0x00007ff81c413000 	/System/Library/PrivateFrameworks/ApplePushService.framework/Versions/A/ApplePushService
0x00007ff81c47a000 	/System/Library/Frameworks/CloudKit.framework/Versions/A/CloudKit
0x00007ffa1545b000 	/System/Library/PrivateFrameworks/DeviceIdentity.framework/Versions/A/DeviceIdentity
0x00007ffb21bf7000 	/System/Library/Frameworks/SharedWithYouCore.framework/Versions/A/SharedWithYouCore
0x00007ffb2cb8b000 	/System/Library/PrivateFrameworks/CloudTelemetry.framework/Versions/A/CloudTelemetry
0x00007ff82f2af000 	/System/Library/PrivateFrameworks/AppleAccount.framework/Versions/A/AppleAccount
0x00007ff82f7bc000 	/System/Library/PrivateFrameworks/C2.framework/Versions/A/C2
0x00007ffb2c828000 	/System/Library/PrivateFrameworks/CloudCoreInternal.framework/Versions/A/CloudCoreInternal
0x00007ffb2c5eb000 	/System/Library/PrivateFrameworks/CloudAsset.framework/Versions/A/CloudAsset
0x00007ff82f7b3000 	/System/Library/Frameworks/PushKit.framework/Versions/A/PushKit
0x00007ffb2cbab000 	/System/Library/PrivateFrameworks/CloudTelemetryTools.framework/Versions/A/CloudTelemetryTools
0x00007ffb2cb9e000 	/System/Library/PrivateFrameworks/CloudTelemetryShared.dylib
0x00007ff90f1e5000 	/System/Library/PrivateFrameworks/RTCReporting.framework/Versions/A/RTCReporting
0x00007ffb24428000 	/System/Library/PrivateFrameworks/AAAFoundationSwift.framework/Versions/A/AAAFoundationSwift
0x00007ff82f497000 	/System/Library/PrivateFrameworks/AppleIDSSOAuthentication.framework/Versions/A/AppleIDSSOAuthentication
0x00007ff81c0d5000 	/System/Library/PrivateFrameworks/ViewBridge.framework/Versions/A/ViewBridge
0x00007ffb23c54000 	/System/Library/Frameworks/_AppIntents_AppKit.framework/Versions/A/_AppIntents_AppKit
0x000000012dff9000 	/usr/lib/libobjc-trampolines.dylib
0x00007ff927f3b000 	/System/Library/CoreServices/RawCamera.bundle/Contents/MacOS/RawCamera
0x00007ff924c0b000 	/System/Library/Frameworks/Accelerate.framework/Versions/A/Frameworks/vImage.framework/Versions/A/Libraries/libCGInterfaces.dylib
0x00007ffe14a3b000 	/usr/lib/libAccessibilityBaseImplementations.dylib
0x00007ffe0eace000 	/System/Library/PrivateFrameworks/WritingToolsUI.framework/Versions/A/WritingToolsUI
0x00007ffc1f8ba000 	/System/Library/PrivateFrameworks/GenerativeAssistantSettings.framework/Versions/A/GenerativeAssistantSettings
0x00007ffd24714000 	/System/Library/PrivateFrameworks/TextComposer.framework/Versions/A/TextComposer
0x00007ffc1f893000 	/System/Library/PrivateFrameworks/GenerativeAssistantCommon.framework/Versions/A/GenerativeAssistantCommon
0x00007ff925ce9000 	/System/Library/Frameworks/SwiftUI.framework/Versions/A/SwiftUI
0x00007ffb269c2000 	/System/Library/PrivateFrameworks/Anvil.framework/Versions/A/Anvil
0x00007ffc1fc78000 	/System/Library/PrivateFrameworks/GenerativePartnerService.framework/Versions/A/GenerativePartnerService
0x00007ffc1fc9d000 	/System/Library/PrivateFrameworks/GenerativePartnerServiceUI.framework/Versions/A/GenerativePartnerServiceUI
0x00007ff91dba2000 	/System/Library/Frameworks/SafariServices.framework/Versions/A/SafariServices
0x00007ff91af27000 	/System/Library/Frameworks/WebKit.framework/Versions/A/WebKit
0x00007ffb23c85000 	/System/Library/Frameworks/_AuthenticationServices_SwiftUI.framework/Versions/A/_AuthenticationServices_SwiftUI
0x00007ff925278000 	/System/Library/PrivateFrameworks/AppStoreDaemon.framework/Versions/A/AppStoreDaemon
0x00007ff90f8c3000 	/System/Library/PrivateFrameworks/AppleMediaServices.framework/Versions/A/AppleMediaServices
0x00007ff92133d000 	/System/Library/PrivateFrameworks/AppleMediaServicesUI.framework/Versions/A/AppleMediaServicesUI
0x00007ffb1439e000 	/System/Library/PrivateFrameworks/JetEngine.framework/Versions/A/JetEngine
0x00007ff91e93b000 	/System/Library/PrivateFrameworks/OnBoardingKit.framework/Versions/A/OnBoardingKit
0x00007ffd1a6bb000 	/System/Library/PrivateFrameworks/Settings.framework/Versions/A/Settings
0x00007ffb1cce6000 	/System/Library/Frameworks/ExtensionKit.framework/Versions/A/ExtensionKit
0x00007ffb1cd24000 	/System/Library/Frameworks/FSKit.framework/Versions/A/FSKit
0x00007ffd24602000 	/System/Library/PrivateFrameworks/TextAnimationSupport.framework/Versions/A/TextAnimationSupport
0x00007ffd17c59000 	/System/Library/PrivateFrameworks/RecapPerformanceTesting.framework/Versions/A/RecapPerformanceTesting
0x00007ff91e92c000 	/System/Library/PrivateFrameworks/SignpostCollection.framework/Versions/A/SignpostCollection
0x00007ff90f20f000 	/System/Library/Frameworks/WebKit.framework/Versions/A/Frameworks/WebKitLegacy.framework/Versions/A/WebKitLegacy
0x00007ff82f4d8000 	/System/Library/PrivateFrameworks/CorePrediction.framework/Versions/A/CorePrediction
0x00007ff81cf10000 	/System/Library/Frameworks/WebKit.framework/Versions/A/Frameworks/WebCore.framework/Versions/A/Frameworks/libwebrtc.dylib
0x00007ff8261ba000 	/System/Library/Frameworks/SecurityInterface.framework/Versions/A/SecurityInterface
0x00007ff91e93a000 	/System/Library/PrivateFrameworks/WebInspectorUI.framework/Versions/A/WebInspectorUI
0x00007ff911e3e000 	/System/Library/Frameworks/JavaScriptCore.framework/Versions/A/JavaScriptCore
0x00007ff916b68000 	/System/Library/Frameworks/WebKit.framework/Versions/A/Frameworks/WebCore.framework/Versions/A/WebCore
0x00007ffb1bf7a000 	/System/Library/Frameworks/BrowserEngineCore.framework/Versions/A/BrowserEngineCore
0x00007ffb23845000 	/System/Library/Frameworks/WebKit.framework/Versions/A/Frameworks/WebCore.framework/Versions/A/Frameworks/libANGLE-shared.dylib
0x00007ffd2d562000 	/System/Library/PrivateFrameworks/WebGPU.framework/Versions/A/WebGPU
0x00007ff92094c000 	/System/Library/Frameworks/SceneKit.framework/Versions/A/SceneKit
0x00007ffa12b29000 	/System/Library/Frameworks/ModelIO.framework/Versions/A/ModelIO
0x00007ff8281a5000 	/System/Library/Frameworks/MetalKit.framework/Versions/A/MetalKit
0x00007ff82a72c000 	/System/Library/Frameworks/GLKit.framework/Versions/A/GLKit
0x00007ffe16dab000 	/usr/lib/usd/libusd_ms.dylib
0x00007ffd28b92000 	/System/Library/PrivateFrameworks/USDLib_FormatLoaderProxy.framework/Versions/A/USDLib_FormatLoaderProxy
0x00007ffe16a6f000 	/usr/lib/swift/libswift_errno.dylib
0x00007ff91d9d8000 	/System/Library/PrivateFrameworks/CoreOptimization.framework/Versions/A/CoreOptimization
0x00007ffb29d06000 	/System/Library/PrivateFrameworks/AuthenticationServicesCore.framework/Versions/A/AuthenticationServicesCore
0x00007ff928421000 	/System/Library/Frameworks/AuthenticationServices.framework/Versions/A/AuthenticationServices
0x00007ff823641000 	/System/Library/PrivateFrameworks/SharedWebCredentials.framework/Versions/A/SharedWebCredentials
0x00007ff91f8db000 	/System/Library/PrivateFrameworks/SafariCore.framework/Versions/A/SafariCore
0x00007ff927eea000 	/System/Library/PrivateFrameworks/SafariFoundation.framework/Versions/A/SafariFoundation
0x00007ffb2b132000 	/System/Library/PrivateFrameworks/CBORLibrary.framework/Versions/A/CBORLibrary
0x00007ffb2bfcf000 	/System/Library/PrivateFrameworks/Chirp.framework/Versions/A/Chirp
0x00007ffb2ca74000 	/System/Library/PrivateFrameworks/CloudSubscriptionFeatures.framework/Versions/A/CloudSubscriptionFeatures
0x00007ffb156fb000 	/System/Library/PrivateFrameworks/RemoteManagement.framework/Versions/A/RemoteManagement
0x00007ffd17fd1000 	/System/Library/PrivateFrameworks/RemoteManagementModel.framework/Versions/A/RemoteManagementModel
0x00007ffd18061000 	/System/Library/PrivateFrameworks/RemoteManagementStore.framework/Versions/A/RemoteManagementStore
0x00007ff8281c3000 	/usr/lib/libxcselect.dylib
0x00007ff927e53000 	/System/Library/PrivateFrameworks/DifferentialPrivacy.framework/Versions/A/DifferentialPrivacy
0x00007ffc2bb63000 	/System/Library/PrivateFrameworks/ManagedSettingsObjC.framework/Versions/A/ManagedSettingsObjC
0x00007ff83094f000 	/System/Library/PrivateFrameworks/ConfigurationProfiles.framework/Versions/A/ConfigurationProfiles
0x00007ffc27b10000 	/System/Library/PrivateFrameworks/LockdownMode.framework/Versions/A/LockdownMode
0x00007ffd29759000 	/System/Library/PrivateFrameworks/VDAF.framework/Versions/A/VDAF
0x00007ff82ab0e000 	/System/Library/PrivateFrameworks/SystemAdministration.framework/Versions/A/SystemAdministration
0x00007ff91432e000 	/System/Library/PrivateFrameworks/PowerlogControl.framework/Versions/A/PowerlogControl
0x00007ff914330000 	/usr/lib/libUniversalAccess.dylib
0x00007ff910249000 	/System/Library/PrivateFrameworks/FamilyControls.framework/Versions/A/FamilyControls
0x00007ff82a3f0000 	/System/Library/Frameworks/DirectoryService.framework/Versions/A/DirectoryService
0x00007ff82eed2000 	/System/Library/PrivateFrameworks/LoginUIKit.framework/Versions/A/Frameworks/LoginUICore.framework/Versions/A/LoginUICore
0x00007ff823cf8000 	/usr/lib/libodfde.dylib
0x00007ff910244000 	/System/Library/PrivateFrameworks/UniversalAccess.framework/Versions/A/Libraries/libUAPreferences.dylib
0x00007ff91026c000 	/System/Library/PrivateFrameworks/CommerceKit.framework/Versions/A/Frameworks/CommerceCore.framework/Versions/A/CommerceCore
0x00007ff8261f2000 	/System/Library/PrivateFrameworks/CoreFollowUp.framework/Versions/A/CoreFollowUp
0x00007ffc147f8000 	/System/Library/PrivateFrameworks/DMCUtilities.framework/Versions/A/DMCUtilities
0x00007ffc27b93000 	/System/Library/PrivateFrameworks/MDMClientLibrary.framework/Versions/A/MDMClientLibrary
0x00007ffd18056000 	/System/Library/PrivateFrameworks/RemoteManagementProtocol.framework/Versions/A/RemoteManagementProtocol
0x00007ffc14767000 	/System/Library/PrivateFrameworks/DEPClientLibrary.framework/Versions/A/DEPClientLibrary
0x00007ffc1478f000 	/System/Library/PrivateFrameworks/DMCEnrollmentLibrary.framework/Versions/A/DMCEnrollmentLibrary
0x00007ff914413000 	/System/Library/PrivateFrameworks/SetupAssistantFramework.framework/Versions/A/SetupAssistantFramework
0x00007ff82f52d000 	/System/Library/PrivateFrameworks/AuthKitUI.framework/Versions/A/AuthKitUI
0x00007ff82ef17000 	/System/Library/PrivateFrameworks/AppSSO.framework/Versions/A/AppSSO
0x00007ff924fde000 	/System/Library/PrivateFrameworks/LocalAuthenticationUI.framework/Versions/A/LocalAuthenticationUI
0x00007ffd15947000 	/System/Library/PrivateFrameworks/PlatformSSO.framework/Versions/A/PlatformSSO
0x00007ffd15a4b000 	/System/Library/PrivateFrameworks/PlatformSSOCore.framework/Versions/A/PlatformSSOCore
0x00007ffb1ddb8000 	/System/Library/Frameworks/LocalAuthenticationEmbeddedUI.framework/Versions/A/LocalAuthenticationEmbeddedUI
0x00007ff925abe000 	/System/Library/PrivateFrameworks/AOSUI.framework/Versions/A/AOSUI
0x00007ff9161dd000 	/System/Library/Frameworks/ContactsUI.framework/Versions/A/ContactsUI
0x00007ff82b708000 	/System/Library/PrivateFrameworks/FamilyCircle.framework/Versions/A/FamilyCircle
0x00007ffa1444a000 	/System/Library/Frameworks/LinkPresentation.framework/Versions/A/LinkPresentation
0x00007ff915d9f000 	/System/Library/PrivateFrameworks/IASUtilities.framework/Versions/A/IASUtilities
0x00007ffc22e90000 	/System/Library/PrivateFrameworks/IASUtilitiesCore.framework/Versions/A/IASUtilitiesCore
0x00007ffd180c9000 	/System/Library/PrivateFrameworks/RemoteUI.framework/Versions/A/RemoteUI
0x00007ffc26fc5000 	/System/Library/PrivateFrameworks/LiftUI.framework/Versions/A/LiftUI
0x00007ffe0f49e000 	/System/Library/PrivateFrameworks/_IconServices_SwiftUI.framework/Versions/A/_IconServices_SwiftUI
0x00007ffb2c9ba000 	/System/Library/PrivateFrameworks/CloudSettings.framework/Versions/A/CloudSettings
0x00007ff90efca000 	/System/Library/Frameworks/EventKit.framework/Versions/A/EventKit
0x00007ff91eb4b000 	/System/Library/PrivateFrameworks/SearchFoundation.framework/Versions/A/SearchFoundation
0x00007ffa165ad000 	/System/Library/PrivateFrameworks/Email.framework/Versions/A/Email
0x00007ff91d5f3000 	/System/Library/PrivateFrameworks/CoreRoutine.framework/Versions/A/CoreRoutine
0x00007ffb150a4000 	/System/Library/PrivateFrameworks/VoiceShortcutClient.framework/Versions/A/VoiceShortcutClient
0x00007ff92d866000 	/System/Library/PrivateFrameworks/Categories.framework/Versions/A/Categories
0x00007ff925977000 	/System/Library/PrivateFrameworks/ChronoServices.framework/Versions/A/ChronoServices
0x00007ffb2baa2000 	/System/Library/PrivateFrameworks/CalendarDatabase.framework/Versions/A/CalendarDatabase
0x00007ffb2b9e3000 	/System/Library/PrivateFrameworks/CalendarDaemon.framework/Versions/A/CalendarDaemon
0x00007ff8308b2000 	/System/Library/PrivateFrameworks/CalendarFoundation.framework/Versions/A/CalendarFoundation
0x00007ff83086c000 	/System/Library/PrivateFrameworks/iCalendar.framework/Versions/A/iCalendar
0x00007ffc149ed000 	/System/Library/PrivateFrameworks/DataAccessExpress.framework/Versions/A/DataAccessExpress
0x00007ff916331000 	/System/Library/PrivateFrameworks/ContactsAutocomplete.framework/Versions/A/ContactsAutocomplete
0x00007ff9258c0000 	/System/Library/PrivateFrameworks/FTClientServices.framework/Versions/A/FTClientServices
0x00007ffd22f3d000 	/System/Library/PrivateFrameworks/StorageContainersPrivate.framework/Versions/A/StorageContainersPrivate
0x00007ffe166f7000 	/usr/lib/swift/libswiftCoreMediaIO.dylib
0x00007ff915c1a000 	/System/Library/PrivateFrameworks/CoreDAV.framework/Versions/A/CoreDAV
0x00007ff90ee97000 	/System/Library/PrivateFrameworks/CalDAV.framework/Versions/A/CalDAV
0x00007ff91ab90000 	/System/Library/PrivateFrameworks/TelephonyUtilities.framework/Versions/A/TelephonyUtilities
0x00007ffb1dd7d000 	/System/Library/Frameworks/LiveCommunicationKit.framework/Versions/A/LiveCommunicationKit
0x00007ffb2d1d8000 	/System/Library/PrivateFrameworks/CommunicationTrust.framework/Versions/A/CommunicationTrust
0x00007ff91f6f3000 	/System/Library/Frameworks/CallKit.framework/Versions/A/CallKit
0x00007ff82b701000 	/System/Library/PrivateFrameworks/CommunicationsFilter.framework/Versions/A/CommunicationsFilter
0x00007ffa2a9d1000 	/System/Library/PrivateFrameworks/IMTransferServices.framework/Versions/A/IMTransferServices
0x00007ff91d9f2000 	/System/Library/PrivateFrameworks/IncomingCallFilter.framework/Versions/A/IncomingCallFilter
0x00007ffd10e22000 	/System/Library/PrivateFrameworks/NeighborhoodActivityConduit.framework/Versions/A/NeighborhoodActivityConduit
0x00007ff921cf3000 	/System/Library/PrivateFrameworks/CallHistory.framework/Versions/A/CallHistory
0x00007ffe14bd5000 	/usr/lib/libBASupport.dylib
0x00007ffb2be72000 	/System/Library/PrivateFrameworks/CallsUtilities.framework/Versions/A/CallsUtilities
0x00007ffb2be7c000 	/System/Library/PrivateFrameworks/CallsXPC.framework/Versions/A/CallsXPC
0x00007ffb15839000 	/usr/lib/swift/libswiftCallKit.dylib
0x00007ffb2be66000 	/System/Library/PrivateFrameworks/CallsPersistence.framework/Versions/A/CallsPersistence
0x00007ffb21a70000 	/System/Library/Frameworks/SensitiveContentAnalysis.framework/Versions/A/SensitiveContentAnalysis
0x00007ff922ea1000 	/System/Library/PrivateFrameworks/PeopleSuggester.framework/Versions/A/PeopleSuggester
0x00007ff92c5ff000 	/System/Library/PrivateFrameworks/SpotlightReceiver.framework/Versions/A/SpotlightReceiver
0x00007ffe0f466000 	/System/Library/PrivateFrameworks/_AppIntentsServices_AppIntents.framework/Versions/A/_AppIntentsServices_AppIntents
0x00007ffb26d8c000 	/System/Library/PrivateFrameworks/AppIntentsServices.framework/Versions/A/AppIntentsServices
0x00007ff830856000 	/System/Library/PrivateFrameworks/CoreRecents.framework/Versions/A/CoreRecents
0x00007ffb23cf1000 	/System/Library/Frameworks/_GeoToolbox_AppIntents.framework/Versions/A/_GeoToolbox_AppIntents
0x00007ffa20358000 	/System/Library/PrivateFrameworks/DiagnosticRequest.framework/Versions/A/DiagnosticRequest
0x00007ffd17d05000 	/System/Library/PrivateFrameworks/RegulatoryDomain.framework/Versions/A/RegulatoryDomain
0x00007ff82a807000 	/usr/lib/libCTGreenTeaLogger.dylib
0x00007ffc27ae9000 	/System/Library/PrivateFrameworks/LocalStatusKit.framework/Versions/A/LocalStatusKit
0x00007ff91aa6b000 	/System/Library/PrivateFrameworks/CoreParsec.framework/Versions/A/CoreParsec
0x00007ffa165a1000 	/System/Library/PrivateFrameworks/EmailAddressing.framework/Versions/A/EmailAddressing
0x00007ffa122df000 	/System/Library/PrivateFrameworks/EmailCore.framework/Versions/A/EmailCore
0x00007ffa1346f000 	/System/Library/PrivateFrameworks/EmailFoundation.framework/Versions/A/EmailFoundation
0x00007ffd13504000 	/System/Library/PrivateFrameworks/PegasusAPI.framework/Versions/A/PegasusAPI
0x00007ffd14117000 	/System/Library/PrivateFrameworks/PegasusConfiguration.framework/Versions/A/PegasusConfiguration
0x00007ffd27167000 	/System/Library/PrivateFrameworks/ToolKit.framework/Versions/A/ToolKit
0x00007ffd183fc000 	/System/Library/PrivateFrameworks/ReplicatorEngine.framework/Versions/A/ReplicatorEngine
0x00007ffd18574000 	/System/Library/PrivateFrameworks/ReplicatorServices.framework/Versions/A/ReplicatorServices
0x00007ffd23fbb000 	/System/Library/PrivateFrameworks/SystemWake.framework/Versions/A/SystemWake
0x00007ff91f8c2000 	/System/Library/PrivateFrameworks/ContextKit.framework/Versions/A/ContextKit
0x00007ffb2d700000 	/System/Library/PrivateFrameworks/ContextKitCore.framework/Versions/A/ContextKitCore
0x00007ff91dc87000 	/System/Library/Frameworks/LocalAuthentication.framework/Support/DaemonUtils.framework/Versions/A/DaemonUtils
0x00007ffc27a54000 	/System/Library/PrivateFrameworks/LocalAuthenticationCoreUI.framework/Versions/A/LocalAuthenticationCoreUI
0x00007ff921308000 	/System/Library/PrivateFrameworks/BridgeXPC.framework/Versions/A/BridgeXPC
0x00007ff91ea10000 	/System/Library/PrivateFrameworks/CoreKDL.framework/Versions/A/CoreKDL
0x00007ff91cfa9000 	/System/Library/PrivateFrameworks/EmbeddedOSSupportHost.framework/Versions/A/EmbeddedOSSupportHost
0x00007ff910d6c000 	/System/Library/PrivateFrameworks/LoginUIKit.framework/Versions/A/LoginUIKit
0x00007ff92dcca000 	/System/Library/PrivateFrameworks/StorageKit.framework/Versions/A/StorageKit
0x00007ffb171cf000 	/System/Library/Frameworks/DeviceCheck.framework/Versions/A/DeviceCheck
0x00007ffc15278000 	/System/Library/PrivateFrameworks/DiskImages2.framework/Versions/A/DiskImages2
0x00007ff92dd42000 	/System/Library/PrivateFrameworks/CoreWLANKit.framework/Versions/A/CoreWLANKit
0x00007ffd2ca37000 	/System/Library/PrivateFrameworks/Wallpaper.framework/Versions/A/Wallpaper
0x00007ffe1670e000 	/usr/lib/swift/libswiftGLKit.dylib
0x00007ffe16719000 	/usr/lib/swift/libswiftMetalKit.dylib
0x00007ffe1671b000 	/usr/lib/swift/libswiftModelIO.dylib
0x00007ffe167d7000 	/usr/lib/swift/libswiftSceneKit.dylib
0x00007ffa17467000 	/System/Library/PrivateFrameworks/DynamicDesktop.framework/Versions/A/DynamicDesktop
0x00007ffd2cb88000 	/System/Library/PrivateFrameworks/WallpaperFoundation.framework/Versions/A/WallpaperFoundation
0x00007ffd2cbd6000 	/System/Library/PrivateFrameworks/WallpaperTypes.framework/Versions/A/WallpaperTypes
0x00007ffa2c63a000 	/System/Library/PrivateFrameworks/SystemDesktopAppearance.framework/Versions/A/SystemDesktopAppearance
0x00007ffe1246c000 	/System/Library/PrivateFrameworks/icloudMCCKit.framework/Versions/A/icloudMCCKit
0x00007ffb28049000 	/System/Library/PrivateFrameworks/AppleAccountUI.framework/Versions/A/AppleAccountUI
0x00007ffa208d0000 	/System/Library/PrivateFrameworks/PreferencePanesSupport.framework/Versions/A/PreferencePanesSupport
0x00007ff925c65000 	/System/Library/PrivateFrameworks/FindMyDeviceUI.framework/Versions/A/FindMyDeviceUI
0x00007ffe10089000 	/System/Library/PrivateFrameworks/iCloudQuotaUI.framework/Versions/A/iCloudQuotaUI
0x00007ffa20a8f000 	/System/Library/PrivateFrameworks/CoreCDPUI.framework/Versions/A/CoreCDPUI
0x00007ff91f632000 	/System/Library/PrivateFrameworks/CoreFollowUpUI.framework/Versions/A/CoreFollowUpUI
0x00007ff92c895000 	/System/Library/PrivateFrameworks/IMCore.framework/Versions/A/IMCore
0x00007ff914395000 	/System/Library/PrivateFrameworks/CoreCDP.framework/Versions/A/CoreCDP
0x00007ff90f8af000 	/System/Library/PrivateFrameworks/AskPermission.framework/Versions/A/AskPermission
0x00007ff9235dc000 	/System/Library/Frameworks/Quartz.framework/Versions/A/Quartz
0x00007ffa10a6c000 	/System/Library/PrivateFrameworks/CloudPhotoServicesConfiguration.framework/Versions/A/CloudPhotoServicesConfiguration
0x00007ff921b10000 	/System/Library/PrivateFrameworks/CommerceKit.framework/Versions/A/CommerceKit
0x00007ffa123a6000 	/System/Library/PrivateFrameworks/FindMyMac.framework/Versions/A/FindMyMac
0x00007ffa12285000 	/System/Library/Frameworks/PreferencePanes.framework/Versions/A/PreferencePanes
0x00007ff9250cf000 	/System/Library/Frameworks/AddressBook.framework/Versions/A/AddressBook
0x00007ff830c83000 	/System/Library/PrivateFrameworks/AOSAccounts.framework/Versions/A/AOSAccounts
0x00007ff82ab09000 	/System/Library/PrivateFrameworks/AppleSRP.framework/Versions/A/AppleSRP
0x00007ff82f6f0000 	/System/Library/PrivateFrameworks/NetFSServer.framework/Versions/A/NetFSServer
0x00007ff920816000 	/System/Library/Frameworks/PDFKit.framework/Versions/A/PDFKit
0x00007ffe1672f000 	/usr/lib/swift/libswiftPassKit.dylib
0x00007ffa24e23000 	/System/Library/Frameworks/PassKit.framework/Versions/A/PassKit
0x00007ff910e73000 	/System/Library/PrivateFrameworks/PassKitCore.framework/Versions/A/PassKitCore
0x00007ffd12f30000 	/System/Library/PrivateFrameworks/PassKitMacHelperTemp.framework/Versions/A/PassKitMacHelperTemp
0x00007ffe14b0d000 	/usr/lib/libAppleSSE.dylib
0x00007ff91dcbb000 	/System/Library/PrivateFrameworks/BiometricKit.framework/Versions/A/BiometricKit
0x00007ffd18b90000 	/System/Library/PrivateFrameworks/SEService.framework/Versions/A/SEService
0x00007ffb1cde1000 	/System/Library/Frameworks/FinanceKit.framework/Versions/A/FinanceKit
0x00007ff923686000 	/System/Library/PrivateFrameworks/NearField.framework/Versions/A/NearField
0x00007ffd18b1b000 	/System/Library/PrivateFrameworks/SESShared.framework/Versions/A/SESShared
0x00007ffd18d8c000 	/System/Library/PrivateFrameworks/STSXPCHelperClient.framework/Versions/A/STSXPCHelperClient
0x00007ff9254c6000 	/usr/lib/libnfshared.dylib
0x00007ffd23d67000 	/System/Library/PrivateFrameworks/Symptoms.framework/Versions/A/Frameworks/SymptomPresentationFeed.framework/Versions/A/SymptomPresentationFeed
0x00007ffb28bf7000 	/System/Library/PrivateFrameworks/AppleMediaServicesKitInternal.framework/Versions/A/AppleMediaServicesKitInternal
0x00007ffd23a9a000 	/System/Library/PrivateFrameworks/SymptomShared.framework/Versions/A/SymptomShared
0x00007ffa27cff000 	/System/Library/PrivateFrameworks/PassKitUIFoundation.framework/Versions/A/PassKitUIFoundation
0x00007ff82a428000 	/System/Library/Frameworks/MapKit.framework/Versions/A/MapKit
0x00007ffc1fd29000 	/System/Library/PrivateFrameworks/GeoAnalytics.framework/Versions/A/GeoAnalytics
0x00007ff9254f4000 	/System/Library/PrivateFrameworks/Navigation.framework/Versions/A/Navigation
0x00007ffa0f951000 	/System/Library/PrivateFrameworks/VectorKit.framework/Versions/A/VectorKit
0x00007ff915e58000 	/System/Library/PrivateFrameworks/VirtualGarage.framework/Versions/A/VirtualGarage
0x00007ff9256fe000 	/System/Library/Frameworks/ExternalAccessory.framework/ExternalAccessory
0x00007ff925718000 	/System/Library/PrivateFrameworks/IAP.framework/Versions/A/IAP
0x00007ff82a6f6000 	/System/Library/PrivateFrameworks/IOPlatformPluginFamily.framework/Versions/A/IOPlatformPluginFamily
0x00007ffb29e45000 	/System/Library/PrivateFrameworks/AvatarKit.framework/Versions/A/AvatarKit
0x00007ffb29f10000 	/System/Library/PrivateFrameworks/AvatarPersistence.framework/Versions/A/AvatarPersistence
0x00007ffb23297000 	/System/Library/Frameworks/TipKit.framework/Versions/A/TipKit
0x00007ff91096a000 	/System/Library/PrivateFrameworks/IMSharedUtilities.framework/Versions/A/IMSharedUtilities
0x00007ffe166db000 	/usr/lib/swift/libswiftAppleArchive.dylib
0x00007ffd2984d000 	/System/Library/PrivateFrameworks/VFX.framework/Versions/A/VFX
0x00007ffa22a94000 	/System/Library/PrivateFrameworks/AppleCVA.framework/Versions/A/AppleCVA
0x00007ffb29f0f000 	/System/Library/PrivateFrameworks/AvatarKitContent.framework/Versions/A/AvatarKitContent
0x00007ffb1eb02000 	/System/Library/Frameworks/MetalFX.framework/Versions/A/MetalFX
0x00007ffb2d2c6000 	/System/Library/PrivateFrameworks/CompositorNonUI.framework/Versions/A/CompositorNonUI
0x00007ffb1b26f000 	/System/Library/Frameworks/ARKit.framework/Versions/A/ARKit
0x00007ffb255ce000 	/System/Library/PrivateFrameworks/ARKitCore.framework/Versions/A/ARKitCore
0x00007ffe14c02000 	/usr/lib/libDisplayWarpSupport.dylib
0x00007ffc1020f000 	/System/Library/PrivateFrameworks/CoreComposite.framework/Versions/A/CoreComposite
0x00007ffe15564000 	/usr/lib/libchannel.dylib
0x00007ffe16344000 	/usr/lib/librealtime_safety.dylib
0x00007ffb2565a000 	/System/Library/PrivateFrameworks/ARKitFoundation.framework/Versions/A/ARKitFoundation
0x00007ffb280d6000 	/System/Library/PrivateFrameworks/AppleDepth.framework/Versions/A/AppleDepth
0x00007ffb2829b000 	/System/Library/PrivateFrameworks/AppleDepthCore.framework/Versions/A/AppleDepthCore
0x00007ff82a834000 	/System/Library/PrivateFrameworks/CoreAppleCVA.framework/Versions/A/CoreAppleCVA
0x00007ff915f9f000 	/System/Library/PrivateFrameworks/ContactsUICore.framework/Versions/A/ContactsUICore
0x00007ff91db08000 	/System/Library/PrivateFrameworks/ContactsDonation.framework/Versions/A/ContactsDonation
0x00007ff91d3bf000 	/System/Library/PrivateFrameworks/DataDetectors.framework/Versions/A/DataDetectors
0x00007ff90ee85000 	/System/Library/Frameworks/MediaLibrary.framework/Versions/A/MediaLibrary
0x00007ff82b6f1000 	/System/Library/PrivateFrameworks/PersonaKit.framework/Versions/A/PersonaKit
0x00007ff915f8e000 	/System/Library/PrivateFrameworks/PersonaUI.framework/Versions/A/PersonaUI
0x00007ffa11c78000 	/System/Library/PrivateFrameworks/Transparency.framework/Versions/A/Transparency
0x00007ffc16b39000 	/System/Library/PrivateFrameworks/FindMyLocate.framework/Versions/A/FindMyLocate
0x00007ff91f5b1000 	/System/Library/PrivateFrameworks/IntlPreferences.framework/Versions/A/IntlPreferences
0x00007ffc140f1000 	/System/Library/PrivateFrameworks/CoreTransparency.framework/Versions/A/CoreTransparency
0x00007ffc16a31000 	/System/Library/PrivateFrameworks/FindMyCommon.framework/Versions/A/FindMyCommon
0x00007ffc16860000 	/System/Library/PrivateFrameworks/FindMyBase.framework/Versions/A/FindMyBase
0x00007ffb207b9000 	/System/Library/Frameworks/NearbyInteraction.framework/Versions/A/NearbyInteraction
0x00007ff82b302000 	/System/Library/PrivateFrameworks/AddressBookCore.framework/Versions/A/AddressBookCore
0x00007ff925257000 	/System/Library/PrivateFrameworks/ToneKit.framework/Versions/A/ToneKit
0x00007ff91f5f7000 	/System/Library/PrivateFrameworks/ToneLibrary.framework/Versions/A/ToneLibrary
0x00007ffb2d589000 	/System/Library/PrivateFrameworks/ContactsAccounts.framework/Versions/A/ContactsAccounts
0x00007ff9234f8000 	/System/Library/PrivateFrameworks/Lookup.framework/Versions/A/Lookup
0x00007ffb21015000 	/System/Library/Frameworks/QuickLookUI.framework/Versions/A/QuickLookUI
0x00007ffb219f0000 	/System/Library/Frameworks/ScreenCaptureKit.framework/Versions/A/ScreenCaptureKit
0x00007ff92034a000 	/System/Library/Frameworks/Quartz.framework/Versions/A/Frameworks/QuartzComposer.framework/Versions/A/QuartzComposer
0x00007ff91f589000 	/System/Library/Frameworks/Quartz.framework/Versions/A/Frameworks/QuartzFilters.framework/Versions/A/QuartzFilters
0x00007ff91e4f6000 	/System/Library/Frameworks/Quartz.framework/Versions/A/Frameworks/ImageKit.framework/Versions/A/ImageKit
0x00007ff91c9a9000 	/System/Library/PrivateFrameworks/CorePDF.framework/Versions/A/CorePDF
0x00007ff828142000 	/System/Library/Frameworks/QuickLook.framework/Versions/A/QuickLook
0x00007ff910d67000 	/System/Library/PrivateFrameworks/DisplayServices.framework/Versions/A/DisplayServices
0x00007ff91f506000 	/System/Library/Frameworks/ImageCaptureCore.framework/Versions/A/ImageCaptureCore
0x00007ffd2b742000 	/System/Library/PrivateFrameworks/VisionKitCore.framework/Versions/A/VisionKitCore
0x00007ff91aa3b000 	/System/Library/PrivateFrameworks/QuickLookSupport.framework/Versions/A/QuickLookSupport
0x00007ffc2c4a8000 	/System/Library/PrivateFrameworks/MediaAnalysisServices.framework/Versions/A/MediaAnalysisServices
0x00007ff9223d1000 	/System/Library/PrivateFrameworks/PhotoLibraryServices.framework/Versions/A/PhotoLibraryServices
0x00007ff91f0f4000 	/System/Library/Frameworks/Photos.framework/Versions/A/Photos
0x00007ffa14852000 	/System/Library/PrivateFrameworks/PhotosFormats.framework/Versions/A/PhotosFormats
0x00007ffd2a95d000 	/System/Library/PrivateFrameworks/VectorSearch.framework/Versions/A/VectorSearch
0x00007ffa10a95000 	/System/Library/PrivateFrameworks/CloudPhotoLibrary.framework/Versions/A/CloudPhotoLibrary
0x00007ffa1a252000 	/System/Library/PrivateFrameworks/CloudPhotoServices.framework/Versions/A/CloudPhotoServices
0x00007ffa1671a000 	/System/Library/PrivateFrameworks/CoreMediaStream.framework/Versions/A/CoreMediaStream
0x00007ff82c153000 	/System/Library/PrivateFrameworks/CPAnalytics.framework/Versions/A/CPAnalytics
0x00007ffa12a5c000 	/System/Library/PrivateFrameworks/MediaConversionService.framework/Versions/A/MediaConversionService
0x00007ff910958000 	/System/Library/PrivateFrameworks/PhotoFoundation.framework/Versions/A/PhotoFoundation
0x00007ffd146dc000 	/System/Library/PrivateFrameworks/PhotoLibraryServicesCore.framework/Versions/A/PhotoLibraryServicesCore
0x00007ff92bfe2000 	/System/Library/PrivateFrameworks/MMCS.framework/Versions/A/MMCS
0x00007ff90ecc3000 	/System/Library/PrivateFrameworks/ChunkingLibrary.framework/Versions/A/ChunkingLibrary
0x00007ff82aad8000 	/System/Library/PrivateFrameworks/AssetCacheServices.framework/Versions/A/AssetCacheServices
0x00007ff82cd9f000 	/System/Library/PrivateFrameworks/AVFoundationCF.framework/Versions/A/AVFoundationCF
0x00007ffa2a8c7000 	/usr/lib/swift/libswiftDemangle.dylib
0x00007ffc2305d000 	/System/Library/PrivateFrameworks/ImageCaptureDevices.framework/Versions/A/ImageCaptureDevices
0x00007ff91d689000 	/System/Library/PrivateFrameworks/MediaStream.framework/Versions/A/MediaStream
0x00007ffa12f9f000 	/System/Library/PrivateFrameworks/NeutrinoCore.framework/Versions/A/NeutrinoCore
0x00007ff818b46000 	/System/Library/PrivateFrameworks/NLP.framework/Versions/A/NLP
0x00007ffa18f87000 	/System/Library/PrivateFrameworks/PhotoImaging.framework/Versions/A/PhotoImaging
0x00007ffa1a212000 	/System/Library/PrivateFrameworks/PhotosImagingFoundation.framework/Versions/A/PhotosImagingFoundation
0x00007ffd15292000 	/System/Library/PrivateFrameworks/PhotosIntelligenceCore.framework/Versions/A/PhotosIntelligenceCore
0x00007ff82d24d000 	/System/Library/PrivateFrameworks/EmbeddedAcousticRecognition.framework/Versions/A/EmbeddedAcousticRecognition
0x00007ff926fb4000 	/System/Library/PrivateFrameworks/EmojiFoundation.framework/Versions/A/EmojiFoundation
0x00007ffa10d1f000 	/System/Library/PrivateFrameworks/SDAPI.framework/Versions/A/SDAPI
0x00007ffc267aa000 	/System/Library/PrivateFrameworks/IsolatedContextLogging.framework/Versions/A/IsolatedContextLogging
0x00007ffa1a260000 	/System/Library/PrivateFrameworks/AutoLoop.framework/Versions/A/AutoLoop
0x00007ffd15dc9000 	/System/Library/PrivateFrameworks/Portrait.framework/Versions/A/Portrait
0x00007ffc171da000 	/System/Library/PrivateFrameworks/FusionTracker.framework/Versions/A/FusionTracker
0x00007ff91fdbb000 	/System/Library/PrivateFrameworks/iTunesCloud.framework/Versions/A/iTunesCloud
0x00007ff92911e000 	/System/Library/PrivateFrameworks/DAAPKit.framework/Versions/A/DAAPKit
0x00007ff91add6000 	/System/Library/PrivateFrameworks/DeviceManagement.framework/Versions/A/DeviceManagement
0x00007ffa202ab000 	/System/Library/PrivateFrameworks/ScreenTimeUI.framework/Versions/A/ScreenTimeUI
0x00007ff91d3b9000 	/System/Library/PrivateFrameworks/QuickLookNonBaseSystem.framework/Versions/A/QuickLookNonBaseSystem
0x00007ff91dbe1000 	/System/Library/PrivateFrameworks/Catalyst.framework/Versions/A/Catalyst
0x00007ff91f796000 	/System/Library/PrivateFrameworks/ScreenTimeCore.framework/Versions/A/ScreenTimeCore
0x00007ffa13c7b000 	/System/Library/PrivateFrameworks/ScreenTimeServiceUI.framework/Versions/A/ScreenTimeServiceUI
0x00007ff92c180000 	/System/Library/PrivateFrameworks/ConfigurationEngineModel.framework/Versions/A/ConfigurationEngineModel
0x00007ffa0f905000 	/System/Library/PrivateFrameworks/UsageTracking.framework/Versions/A/UsageTracking
0x00007ffb1ca84000 	/System/Library/Frameworks/DeviceActivity.framework/Versions/A/DeviceActivity
0x00007ffa0f8d7000 	/System/Library/PrivateFrameworks/KnowledgeMonitor.framework/Versions/A/KnowledgeMonitor
0x00007ffa27ca6000 	/System/Library/PrivateFrameworks/BluetoothManager.framework/Versions/A/BluetoothManager
0x00007ffb1de8b000 	/System/Library/Frameworks/ManagedSettings.framework/Versions/A/ManagedSettings
0x00007ffc2bba7000 	/System/Library/PrivateFrameworks/ManagedSettingsSupport.framework/Versions/A/ManagedSettingsSupport
0x00007ffa24f20000 	/System/Library/Frameworks/ReplayKit.framework/Versions/A/ReplayKit
0x00007ff911dd6000 	/System/Library/PrivateFrameworks/MarkupUI.framework/Versions/A/MarkupUI
0x00007ff91d392000 	/System/Library/PrivateFrameworks/SidecarCore.framework/Versions/A/SidecarCore
0x00007ff9201eb000 	/System/Library/PrivateFrameworks/AnnotationKit.framework/Versions/A/AnnotationKit
0x00007ff91e743000 	/System/Library/Frameworks/PencilKit.framework/Versions/A/PencilKit
0x00007ff91e919000 	/System/Library/PrivateFrameworks/SidecarUI.framework/Versions/A/SidecarUI
0x00007ff91dfcf000 	/System/Library/PrivateFrameworks/CoreHandwriting.framework/Versions/A/CoreHandwriting
0x00007ff81246a000 	/usr/lib/libmecabra.dylib
0x00007ff91653c000 	/System/Library/PrivateFrameworks/Calculate.framework/Versions/A/Calculate
0x00007ff82323e000 	/usr/lib/libChineseTokenizer.dylib
0x00007ffb15623000 	/System/Library/PrivateFrameworks/ScreenReaderCore.framework/Versions/A/ScreenReaderCore
0x00007ffd22ee4000 	/System/Library/PrivateFrameworks/StocksKit.framework/Versions/A/StocksKit
0x00007ff915574000 	/System/Library/PrivateFrameworks/OAuth.framework/Versions/A/OAuth
0x00007ffd22c3a000 	/System/Library/PrivateFrameworks/StocksCore.framework/Versions/A/StocksCore
0x00007ffd2429c000 	/System/Library/PrivateFrameworks/TeaFoundation.framework/Versions/A/TeaFoundation
0x00007ffd2441e000 	/System/Library/PrivateFrameworks/TeaSettings.framework/Versions/A/TeaSettings
0x00007ffa2be58000 	/System/Library/PrivateFrameworks/NewsCore.framework/Versions/A/NewsCore
0x00007ffd24247000 	/System/Library/PrivateFrameworks/TeaDB.framework/Versions/A/TeaDB
0x00007ffa28e66000 	/System/Library/PrivateFrameworks/RemoteConfiguration.framework/Versions/A/RemoteConfiguration
0x00007ffa2b9de000 	/System/Library/PrivateFrameworks/NewsTransport.framework/Versions/A/NewsTransport
0x00007ffa2be49000 	/System/Library/PrivateFrameworks/NewsFoundation.framework/Versions/A/NewsFoundation
0x00007ffd113f0000 	/System/Library/PrivateFrameworks/NewsURLBucket.framework/Versions/A/NewsURLBucket
0x00007ff921eed000 	/System/Library/PrivateFrameworks/MobileInstallation.framework/Versions/A/MobileInstallation
0x00007ffb233e3000 	/System/Library/Frameworks/Translation.framework/Versions/A/Translation
0x00007ffa1bb47000 	/System/Library/PrivateFrameworks/RevealCore.framework/Versions/A/RevealCore
0x00007ffa1bb3c000 	/System/Library/PrivateFrameworks/Reveal.framework/Versions/A/Reveal
0x00007ffa1394d000 	/System/Library/Frameworks/Speech.framework/Versions/A/Speech
0x00007ffb24544000 	/System/Library/PrivateFrameworks/AIMLExperimentationAnalytics.framework/Versions/A/AIMLExperimentationAnalytics
0x00007ffb2678e000 	/System/Library/PrivateFrameworks/AlgorithmsInternal.framework/Versions/A/AlgorithmsInternal
0x00007ffd27962000 	/System/Library/PrivateFrameworks/TranslationUIServices.framework/Versions/A/TranslationUIServices
0x00007ffd2693e000 	/System/Library/PrivateFrameworks/TipKitCore.framework/Versions/A/TipKitCore
0x00007ff927035000 	/System/Library/PrivateFrameworks/CoreCDPInternal.framework/Versions/A/CoreCDPInternal
0x00007ffc23734000 	/System/Library/PrivateFrameworks/InputAnalytics.framework/Versions/A/InputAnalytics
0x00007ff92d1a9000 	/System/Library/Frameworks/InstantMessage.framework/Versions/A/InstantMessage
0x00007ff924fd8000 	/System/Library/PrivateFrameworks/IDSKVStore.framework/Versions/A/IDSKVStore
0x00007ff924c87000 	/System/Library/PrivateFrameworks/IMDPersistence.framework/Versions/A/IMDPersistence
0x00007ffd29750000 	/System/Library/PrivateFrameworks/UserSafety.framework/Versions/A/UserSafety
0x00007ffa26e2e000 	/System/Library/PrivateFrameworks/BlastDoor.framework/Versions/A/BlastDoor
0x00007ffc276a5000 	/System/Library/PrivateFrameworks/LinkPresentationStyleSheetParsing.framework/Versions/A/LinkPresentationStyleSheetParsing
0x00007ffd15f8c000 	/System/Library/PrivateFrameworks/PosterFoundation.framework/Versions/A/PosterFoundation
0x00007ffd16018000 	/System/Library/PrivateFrameworks/PosterModel.framework/Versions/A/PosterModel
0x00007ffd15ff6000 	/System/Library/PrivateFrameworks/PosterFuturesKit.framework/Versions/A/PosterFuturesKit
0x00007ffc16684000 	/System/Library/PrivateFrameworks/FeedbackService.framework/Versions/A/FeedbackService
0x00007ff91da61000 	/System/Library/PrivateFrameworks/CoreSDB.framework/Versions/A/CoreSDB
0x00007ffb29716000 	/System/Library/PrivateFrameworks/AskToCore.framework/Versions/A/AskToCore
0x00007ffa20a8c000 	/System/Library/PrivateFrameworks/MachineSettings.framework/Versions/A/MachineSettings
0x00007ffa121ff000 	/System/Library/PrivateFrameworks/BezelServices.framework/Versions/A/BezelServices
0x00007ff9291ae000 	/System/Library/PrivateFrameworks/SPOwner.framework/Versions/A/SPOwner
0x00007ff921b72000 	/System/Library/PrivateFrameworks/FMCore.framework/Versions/A/FMCore
0x00007ffe0ffe6000 	/System/Library/PrivateFrameworks/iCloudQuota.framework/Versions/A/iCloudQuota
0x00007ff915ef6000 	/System/Library/PrivateFrameworks/CoreRecognition.framework/Versions/A/CoreRecognition
0x00007ffa122bb000 	/System/Library/PrivateFrameworks/InAppMessages.framework/Versions/A/InAppMessages
0x00007ffb142bf000 	/System/Library/PrivateFrameworks/JetUI.framework/Versions/A/JetUI
0x00007ffc26acd000 	/System/Library/PrivateFrameworks/JetPack.framework/Versions/A/JetPack
0x00007ffa122b3000 	/System/Library/PrivateFrameworks/InAppMessagesCore.framework/Versions/A/InAppMessagesCore
0x00007ffe0f4ab000 	/System/Library/PrivateFrameworks/_JetEngine_SwiftUI.framework/Versions/A/_JetEngine_SwiftUI
0x00007ffd23d8f000 	/System/Library/PrivateFrameworks/Synapse.framework/Versions/A/Synapse
0x00007ffb2b862000 	/System/Library/PrivateFrameworks/CSExattrCrypto.framework/Versions/A/CSExattrCrypto
0x00007ff9231fd000 	/System/Library/PrivateFrameworks/StoreFoundation.framework/Versions/A/StoreFoundation
0x00007ff921b6c000 	/System/Library/PrivateFrameworks/ServerInformation.framework/Versions/A/ServerInformation
0x00007ff921577000 	/System/Library/PrivateFrameworks/Install.framework/Frameworks/DistributionKit.framework/Versions/A/DistributionKit
0x00007ff91a7fd000 	/System/Library/PrivateFrameworks/PackageKit.framework/Versions/A/PackageKit
0x00007ff921598000 	/System/Library/PrivateFrameworks/OSPersonalization.framework/Versions/A/OSPersonalization
0x00007ff923747000 	/System/Library/PrivateFrameworks/BridgeOSSoftwareUpdate.framework/Versions/A/BridgeOSSoftwareUpdate
0x00007ff91dee4000 	/System/Library/PrivateFrameworks/StorageManagement.framework/Versions/A/StorageManagement
0x00007ffa137d0000 	/usr/lib/libauthinstall.dylib
0x00007ff92374f000 	/System/Library/PrivateFrameworks/InstallerDiagnostics.framework/Versions/A/InstallerDiagnostics
0x00007ffa13e63000 	/usr/lib/libcrypto.42.dylib
0x00007ffe16c24000 	/usr/lib/updaters/libAppleTconUARPUpdater.dylib
0x00007ff923737000 	/System/Library/PrivateFrameworks/GPUInfo.framework/Versions/A/GPUInfo
0x00007ffa123ac000 	/System/Library/PrivateFrameworks/MobileActivationMacOS.framework/Versions/A/MobileActivationMacOS
0x00007ff9154b1000 	/System/Library/PrivateFrameworks/AccountsDaemon.framework/Versions/A/AccountsDaemon
0x00007ff923797000 	/System/Library/PrivateFrameworks/AOSKit.framework/Versions/A/AOSKit
0x00007ff823527000 	/System/Library/PrivateFrameworks/AppSSOCore.framework/Versions/A/AppSSOCore
0x00007ffb2a011000 	/System/Library/PrivateFrameworks/BackgroundSystemTasks.framework/Versions/A/BackgroundSystemTasks
0x00007ff82f728000 	/System/Library/PrivateFrameworks/DuetActivityScheduler.framework/Versions/A/DuetActivityScheduler
0x00007ffa109c1000 	/System/Library/PrivateFrameworks/NetworkServiceProxy.framework/Versions/A/NetworkServiceProxy
0x00007ff82a766000 	/usr/lib/libnetworkextension.dylib
0x00007ffd23aa9000 	/System/Library/PrivateFrameworks/Symptoms.framework/Versions/A/Frameworks/SymptomAnalytics.framework/Versions/A/SymptomAnalytics
0x00007ff8270ed000 	/System/Library/Frameworks/NetworkExtension.framework/Versions/A/NetworkExtension
0x00007ff82def0000 	/System/Library/PrivateFrameworks/CoreDuetContext.framework/Versions/A/CoreDuetContext
0x00007ff816fef000 	/System/Library/PrivateFrameworks/CoreDuet.framework/Versions/A/CoreDuet
0x00007ff9106b0000 	/System/Library/PrivateFrameworks/AssistantServices.framework/Versions/A/AssistantServices
0x00007ff82cf0c000 	/System/Library/PrivateFrameworks/SAObjects.framework/Versions/A/SAObjects
0x00007ff910277000 	/System/Library/PrivateFrameworks/MediaRemote.framework/Versions/A/MediaRemote
0x00007ffd2074f000 	/System/Library/PrivateFrameworks/SiriTTSService.framework/Versions/A/SiriTTSService
0x00007ffd1b675000 	/System/Library/PrivateFrameworks/SiriCrossDeviceArbitration.framework/Versions/A/SiriCrossDeviceArbitration
0x00007ffc1625a000 	/System/Library/PrivateFrameworks/FaceTimeNameUtility.framework/Versions/A/FaceTimeNameUtility
0x00007ffd1b6c4000 	/System/Library/PrivateFrameworks/SiriCrossDeviceArbitrationFeedback.framework/Versions/A/SiriCrossDeviceArbitrationFeedback
0x00007ffa12caf000 	/System/Library/PrivateFrameworks/UIKitServices.framework/Versions/A/UIKitServices
0x00007ff915d13000 	/System/Library/PrivateFrameworks/MediaServices.framework/Versions/A/MediaServices
0x00007ff82397f000 	/System/Library/PrivateFrameworks/PersistentConnection.framework/Versions/A/PersistentConnection
0x00007ffd21df6000 	/System/Library/PrivateFrameworks/SonicFoundation.framework/Versions/A/SonicFoundation
0x00007ff925cb5000 	/usr/lib/libtailspin.dylib
0x00007ffa1a372000 	/System/Library/PrivateFrameworks/Osprey.framework/Versions/A/Osprey
0x00007ffd1fd6d000 	/System/Library/PrivateFrameworks/SiriTTS.framework/Versions/A/SiriTTS
0x00007ffd1eb3e000 	/System/Library/PrivateFrameworks/SiriPowerInstrumentation.framework/Versions/A/SiriPowerInstrumentation
0x00007ffd24245000 	/System/Library/PrivateFrameworks/TailspinSymbolication.framework/Versions/A/TailspinSymbolication
0x00007ffc148b2000 	/System/Library/PrivateFrameworks/Darwinup.framework/Versions/A/Darwinup
0x00007ffa12a95000 	/System/Library/PrivateFrameworks/SignpostSupport.framework/Versions/A/SignpostSupport
0x00007ff91d9dd000 	/System/Library/PrivateFrameworks/FeatureFlagsSupport.framework/Versions/A/FeatureFlagsSupport
0x00007ffa12115000 	/System/Library/PrivateFrameworks/ktrace.framework/Versions/A/ktrace
0x00007ffa12ce5000 	/System/Library/PrivateFrameworks/SampleAnalysis.framework/Versions/A/SampleAnalysis
0x00007ffa1bb02000 	/System/Library/PrivateFrameworks/kperfdata.framework/Versions/A/kperfdata
0x00007ff82826f000 	/usr/lib/libdscsym.dylib
0x00007ffa1c09b000 	/System/Library/PrivateFrameworks/BulkSymbolication.framework/Versions/A/BulkSymbolication
0x00007ff83094e000 	/System/Library/PrivateFrameworks/CoreDuetDaemonProtocol.framework/Versions/A/CoreDuetDaemonProtocol
0x00007ff92306c000 	/System/Library/PrivateFrameworks/CaptiveNetwork.framework/Versions/A/CaptiveNetwork
0x00007ff82ed48000 	/System/Library/PrivateFrameworks/EAP8021X.framework/Versions/A/EAP8021X
0x00007ffc14694000 	/System/Library/PrivateFrameworks/CryptoKitPrivate.framework/Versions/A/CryptoKitPrivate
0x00007ff91cfd9000 	/System/Library/PrivateFrameworks/FindMyDevice.framework/Versions/A/FindMyDevice
0x00007ff910e56000 	/System/Library/PrivateFrameworks/FMCoreLite.framework/Versions/A/FMCoreLite
0x00007ff820c5b000 	/System/Library/Frameworks/ServiceManagement.framework/Versions/A/ServiceManagement
0x0000000139309000 	/Users/zvwgvx/.cache/rbw-forge-ui/jdk8u502-b07/Contents/Home/jre/lib/libfontmanager.dylib
0x0000000139497000 	/Users/zvwgvx/.cache/rbw-forge-ui/jdk8u502-b07/Contents/Home/jre/lib/libfreetype.dylib
0x000000013adeb000 	/System/Library/Extensions/AGXMetalG16G_B0.bundle/Contents/MacOS/AGXMetalG16G_B0
0x00007ff915baf000 	/System/Library/PrivateFrameworks/IOGPU.framework/Versions/A/IOGPU
0x00000001396bb000 	/Users/zvwgvx/.cache/rbw-forge-ui/gradle-user-home/caches/minecraft/net/minecraft/natives/1.8.9/liblwjgl.dylib
0x00000001393e6000 	/Users/zvwgvx/.cache/rbw-forge-ui/jdk8u502-b07/Contents/Home/jre/lib/libjawt.dylib
0x00007ffb1a062000 	/System/Library/Frameworks/OpenGL.framework/Versions/A/Resources/GLEngine.bundle/GLEngine
0x00007ffb19ed6000 	/System/Library/Frameworks/OpenGL.framework/Versions/A/Libraries/libGLProgrammability.dylib
0x000000013a7b0000 	/System/Library/Extensions/AppleMetalOpenGLRenderer.bundle/Contents/MacOS/AppleMetalOpenGLRenderer
0x00007ffb1a1cc000 	/System/Library/Frameworks/OpenGL.framework/Versions/A/Resources/GLRendererFloat.bundle/GLRendererFloat

VM Arguments:
jvm_args: -Drbw.ui.preview.control.file=/Users/zvwgvx/Project/rbw-client/game/client-mod/preview/rbw-ui-preview.json -Drbw.ui.preview.theme.file=/Users/zvwgvx/Project/rbw-client/game/client-mod/preview/rbw-ui-theme.json -Drbw.utility.settings.file=/Users/zvwgvx/Project/rbw-client/game/client-mod/preview/rbw-utility-settings.json -Dfile.encoding=UTF-8 -Duser.country=VN -Duser.language=en -Duser.variant 
java_command: GradleStart --width 1277 --height 717
java_class_path (initial): /Users/zvwgvx/.cache/rbw-forge-ui/gradle-user-home/caches/minecraft/deobfedDeps/compileDummy.jar:/Users/zvwgvx/.cache/rbw-forge-ui/gradle-user-home/caches/minecraft/deobfedDeps/providedDummy.jar:/Users/zvwgvx/.cache/rbw-forge-ui/gradle-user-home/caches/minecraft/net/minecraftforge/forge/1.8.9-11.15.1.2318-1.8.9/stable/22/forgeBin-1.8.9-11.15.1.2318-1.8.9.jar:/Users/zvwgvx/.cache/rbw-forge-ui/gradle-user-home/caches/modules-2/files-2.1/com.mojang/netty/1.8.8/a796914d1c8a55b4da9f4a8856dd9623375d8bb/netty-1.8.8.jar:/Users/zvwgvx/.cache/rbw-forge-ui/gradle-user-home/caches/modules-2/files-2.1/oshi-project/oshi-core/1.1/9ddf7b048a8d701be231c0f4f95fd986198fd2d8/oshi-core-1.1.jar:/Users/zvwgvx/.cache/rbw-forge-ui/gradle-user-home/caches/modules-2/files-2.1/net.java.dev.jna/jna/3.4.0/803ff252fedbd395baffd43b37341dc4a150a554/jna-3.4.0.jar:/Users/zvwgvx/.cache/rbw-forge-ui/gradle-user-home/caches/modules-2/files-2.1/net.java.dev.jna/platform/3.4.0/e3f70017be8100d3d6923f50b3d2ee17714e9c13/platform-3.4.0.jar:/Users/zvwgvx/.cache/rbw-forge-ui/gradle-user-home/caches/modules-2/files-2.1/com.ibm.icu/icu4j-core-mojang/51.2/63d216a9311cca6be337c1e458e587f99d382b84/icu4j-core-mojang-51.2.jar:/Users/zvwgvx/.cache/rbw-forge-ui/gradle-user-home/caches/modules-2/files-2.1/net.sf.jopt-simple/jopt-simple/4.6/306816fb57cf94f108a43c95731b08934dcae15c/jopt-simple-4.6.jar:/Users/zvwgvx/.cache/rbw-forge-ui/gradle-user-home/caches/modules-2/files-2.1/io.netty/netty-all/4.0.23.Final/294104aaf1781d6a56a07d561e792c5d0c95f45/netty-all-4.0.23.Final.jar:/Users/zvwgvx/.cache/rbw-forge-ui/gradle-user-home/caches/modules-2/files-2.1/com.google.guava/guava/17.0/9c6ef172e8de35fd8d4d8783e4821e57cdef7445/guava-17.0.jar:/Users/zvwgvx/.cache/rbw-forge-ui/gradle-user-home/caches/modules-2/files-2.1/org.apache.commons/commons-lang3/3.3.2/90a3822c38ec8c996e84c16a3477ef632cbc87a3/commons-lang3-3.3.2.jar:/Users/zvwgvx/.cache/rbw-forge-ui/gradle-user-home/caches/modules-2/files-2.1/commo
Launcher Type: SUN_STANDARD

Environment Variables:
JAVA_HOME=/Users/zvwgvx/.cache/rbw-forge-ui/jdk8u502-b07/Contents/Home
PATH=/Users/zvwgvx/.local/bin:/opt/homebrew/bin:/opt/homebrew/sbin:/usr/local/bin:/System/Cryptexes/App/usr/bin:/usr/bin:/bin:/usr/sbin:/sbin:/var/run/com.apple.security.cryptexd/codex.system/bootstrap/usr/local/bin:/var/run/com.apple.security.cryptexd/codex.system/bootstrap/usr/bin:/var/run/com.apple.security.cryptexd/codex.system/bootstrap/usr/appleinternal/bin:/pkg/env/global/bin:/Library/Apple/usr/bin:/Library/TeX/texbin:/Users/zvwgvx/.codex/tmp/arg0/codex-arg0fgEHZ3:/Users/zvwgvx/.cache/codex-runtimes/codex-primary-runtime/dependencies/bin/override:/opt/homebrew/Caskroom/miniconda/base/condabin:/Users/zvwgvx/.codeium/windsurf/bin:/Users/zvwgvx/.antigravity/antigravity/bin:/Users/zvwgvx/.opencode/bin:/Users/zvwgvx/.local/bin:/opt/homebrew/opt/libpq/bin:/Users/zvwgvx/Library/Python/3.9/bin:/Users/zvwgvx/.cargo/bin:/Users/zvwgvx/.lmstudio/bin:/Users/zvwgvx/.cache/codex-runtimes/codex-primary-runtime/dependencies/bin/fallback:/Applications/ChatGPT.app/Contents/Resources
SHELL=/bin/zsh

Signal Handlers:
SIGSEGV: [libjvm.dylib+0x55aaa3], sa_mask[0]=11111111111111111111111111111111, sa_flags=SA_ONSTACK|SA_RESTART|SA_SIGINFO
SIGBUS: [libjvm.dylib+0x55aaa3], sa_mask[0]=11111111111111111111111111111111, sa_flags=SA_RESTART|SA_SIGINFO
SIGFPE: [libjvm.dylib+0x45ac51], sa_mask[0]=11111111111111111111111111111111, sa_flags=SA_RESTART|SA_SIGINFO
SIGPIPE: [libjvm.dylib+0x45ac51], sa_mask[0]=11111111111111111111111111111111, sa_flags=SA_RESTART|SA_SIGINFO
SIGXFSZ: [libjvm.dylib+0x45ac51], sa_mask[0]=11111111111111111111111111111111, sa_flags=SA_RESTART|SA_SIGINFO
SIGILL: [libjvm.dylib+0x45ac51], sa_mask[0]=11111111111111111111111111111111, sa_flags=SA_RESTART|SA_SIGINFO
SIGUSR1: SIG_DFL, sa_mask[0]=00000000000000000000000000000000, sa_flags=none
SIGUSR2: [libjvm.dylib+0x45b523], sa_mask[0]=00100000000000000000000000000000, sa_flags=SA_RESTART|SA_SIGINFO
SIGHUP: [libjvm.dylib+0x45975d], sa_mask[0]=11111111111111111111111111111111, sa_flags=SA_RESTART|SA_SIGINFO
SIGINT: [libjvm.dylib+0x45975d], sa_mask[0]=11111111111111111111111111111111, sa_flags=SA_RESTART|SA_SIGINFO
SIGTERM: [libjvm.dylib+0x45975d], sa_mask[0]=11111111111111111111111111111111, sa_flags=SA_RESTART|SA_SIGINFO
SIGQUIT: [libjvm.dylib+0x45975d], sa_mask[0]=11111111111111111111111111111111, sa_flags=SA_RESTART|SA_SIGINFO


---------------  S Y S T E M  ---------------

OS:Bsduname:Darwin 25.6.0 Darwin Kernel Version 25.6.0: Sat Jul 11 15:26:29 PDT 2026; root:xnu-12377.161.13~4/RELEASE_ARM64_T8132 x86_64
rlimit: STACK 8176k, CORE 0k, NPROC 2666, NOFILE 12544, AS infinity
load average:4.59 4.51 4.36

CPU:total 10 (initial active 10) (1 cores per cpu, 1 threads per core) family 6 model 44 stepping 0, cmov, cx8, fxsr, mmx, sse, sse2, sse3, ssse3, sse4.1, sse4.2, popcnt, aes, clmul, tsc, tscinvbit, tscinv

Memory: 4k page, physical 16777216k(39968k free)

/proc/meminfo:


vm_info: OpenJDK 64-Bit Server VM (25.502-b07) for bsd-amd64 JRE (1.8.0_502-b07), built on Jul 21 2026 18:17:15 by "admin" with gcc Apple LLVM 15.0.0 (clang-1500.1.0.2.5)

time: Thu Aug 13 23:19:51 2026
timezone: +07
elapsed time: 6.504914 seconds (0d 0h 0m 6s)

