#
# A fatal error has been detected by the Java Runtime Environment:
#
#  SIGSEGV (0xb) at pc=0x00007ff80cb9d5e2, pid=79774, tid=0x0000000000002203
#
# JRE version: OpenJDK Runtime Environment (8.0_502-b07) (build 1.8.0_502-b07)
# Java VM: OpenJDK 64-Bit Server VM (25.502-b07 mixed mode bsd-amd64 compressed oops)
# Problematic frame:
# C  [libobjc.A.dylib+0x85e2]  objc_release+0x22
#
# Failed to write core dump. Core dumps have been disabled. To enable core dumping, try "ulimit -c unlimited" before starting Java again
#
# If you would like to submit a bug report, please visit:
#   https://github.com/adoptium/adoptium-support/issues
# The crash happened outside the Java Virtual Machine in native code.
# See problematic frame for where to report the bug.
#

---------------  T H R E A D  ---------------

Current thread (0x00007ff124010800):  JavaThread "Client thread" [_thread_in_native, id=8707, stack(0x00000003043d1000,0x00000003044d1000)]

siginfo: si_signo: 11 (SIGSEGV), si_code: 1 (SEGV_MAPERR), si_addr: 0x0000000000000020

Registers:
RAX=0x0000000000000000, RBX=0x00007ff123017000, RCX=0x00007ffffffffff8, RDX=0x0000000000000000
RSP=0x00000003044cf468, RBP=0x00000003044cf4a0, RSI=0x0100000000000000, RDI=0x00007ff0c704e620
R8 =0x013dfff0c67642a7, R9 =0x0000000000000000, R10=0x00007ff84d8297b8, R11=0x00007ff80d08e9a4
R12=0xa3a3a3a3a3a3a3a3, R13=0x0000000000000001, R14=0x00007ff1230170d0, R15=0x00007ff0c704e620
RIP=0x00007ff80cb9d5e2, EFLAGS=0x0000000000000246, ERR=0x0000000000000004
  TRAPNO=0x000000000000000e

Top of Stack: (sp=0x00000003044cf468)
0x00000003044cf468:   00007ff80cba0f15 61c1e8238b190001
0x00000003044cf478:   00007ff1230170d0 0000000000000000
0x00000003044cf488:   000000013a2a1fe0 00007ff123017000
0x00000003044cf498:   00007ff124010800 00000003044cf4c0
0x00000003044cf4a8:   00007ff80cb9e353 00007ff1230170d0
0x00000003044cf4b8:   00007ff82c819ad3 00000003044cf4e0
0x00000003044cf4c8:   00007ff80d07daef 61c1e8238b190001
0x00000003044cf4d8:   00007ff122fc5010 00000003044cf520
0x00000003044cf4e8:   00007ff80e258413 00000003044cf520
0x00000003044cf4f8:   0000000139413e0f 000000013a2a1fe8
0x00000003044cf508:   61c1e8238b190001 000000013a2a1fe8
0x00000003044cf518:   00000003044cf5a8 00000003044cf580
0x00000003044cf528:   000000010fd94e47 000000013a2a1090
0x00000003044cf538:   000000010fd94b62 00000003044cf540
0x00000003044cf548:   000000013a2a1fe0 00000003044cf5a8
0x00000003044cf558:   000000013a2a2548 0000000000000000
0x00000003044cf568:   000000013a2a1fe8 0000000000000000
0x00000003044cf578:   00000003044cf5a0 00000003044cf5f0
0x00000003044cf588:   000000010fd84ffd 0000000779d99820
0x00000003044cf598:   000000010fd8ea58 0000000779db7d50
0x00000003044cf5a8:   0000000779c47320 00000003044cf5b0
0x00000003044cf5b8:   000000013a2a1ee7 00000003044cf620
0x00000003044cf5c8:   000000013a2a2548 0000000000000000
0x00000003044cf5d8:   000000013a2a1f58 00000003044cf5a0
0x00000003044cf5e8:   00000003044cf610 00000003044cf678
0x00000003044cf5f8:   000000010fd85042 0000000000000000
0x00000003044cf608:   0000000779c47320 0000000779db7d50
0x00000003044cf618:   0000000779c47268 0000000779d998b0
0x00000003044cf628:   000000010fd909e7 0000000779d998c0
0x00000003044cf638:   00000003044cf628 000000013a29f8d6
0x00000003044cf648:   00000003044cf688 000000013a2a0770
0x00000003044cf658:   0000000000000000 000000013a29f908 

Instructions: (pc=0x00007ff80cb9d5e2)
0x00007ff80cb9d5c2:   ff 0f 94 c0 89 f9 08 c1 f6 c1 01 75 68 48 b9 f8
0x00007ff80cb9d5d2:   ff ff ff ff 7f 00 00 48 8b 07 48 89 c2 48 21 ca
0x00007ff80cb9d5e2:   48 8b 72 20 40 f6 c6 04 74 4c a8 01 74 6a 48 ba
0x00007ff80cb9d5f2:   00 00 00 00 00 00 80 00 48 be 00 00 00 00 00 00 

Register to memory mapping:

RAX=0x0000000000000000 is an unknown value
RBX=0x00007ff123017000 is an unknown value
RCX=0x00007ffffffffff8 is an unknown value
RDX=0x0000000000000000 is an unknown value
RSP=0x00000003044cf468 is pointing into the stack for thread: 0x00007ff124010800
RBP=0x00000003044cf4a0 is pointing into the stack for thread: 0x00007ff124010800
RSI=0x0100000000000000 is an unknown value
RDI=0x00007ff0c704e620 is an unknown value
R8 =0x013dfff0c67642a7 is an unknown value
R9 =0x0000000000000000 is an unknown value
R10=0x00007ff84d8297b8: OBJC_CLASS_$___NSCFType+0 in /System/Library/Frameworks/CoreFoundation.framework/Versions/A/CoreFoundation at 0x00007ff80d041000
R11=0x00007ff80d08e9a4: -[__NSCFType release]+0 in /System/Library/Frameworks/CoreFoundation.framework/Versions/A/CoreFoundation at 0x00007ff80d041000
R12=0xa3a3a3a3a3a3a3a3 is an unknown value
R13=0x0000000000000001 is an unknown value
R14=0x00007ff1230170d0 is an unknown value
R15=0x00007ff0c704e620 is an unknown value


Stack: [0x00000003043d1000,0x00000003044d1000],  sp=0x00000003044cf468,  free space=1017k
Native frames: (J=compiled Java code, j=interpreted, Vv=VM code, C=native code)
C  [libobjc.A.dylib+0x85e2]  objc_release+0x22
C  [libobjc.A.dylib+0x9353]  objc_autoreleasePoolPop+0xec
C  [CoreFoundation+0x3caef]  _CFAutoreleasePoolPop+0x16
C  [Foundation+0x1d413]  -[NSAutoreleasePool release]+0x83
j  org.lwjgl.opengl.MacOSXContextImplementation.setView(Ljava/nio/ByteBuffer;Ljava/nio/ByteBuffer;)V+0
j  org.lwjgl.opengl.MacOSXContextImplementation.makeCurrent(Lorg/lwjgl/opengl/PeerInfo;Ljava/nio/ByteBuffer;)V+7
j  org.lwjgl.opengl.ContextGL.makeCurrent()V+46
j  org.lwjgl.opengl.DrawableGL.makeCurrent()V+14
j  org.lwjgl.opengl.Display.makeCurrent()V+3
j  org.lwjgl.opengl.Display.makeCurrentAndSetSwapInterval()V+0
j  org.lwjgl.opengl.Display.create(Lorg/lwjgl/opengl/PixelFormat;Lorg/lwjgl/opengl/Drawable;Lorg/lwjgl/opengl/ContextAttribs;)V+108
j  org.lwjgl.opengl.Display.create(Lorg/lwjgl/opengl/PixelFormat;)V+12
j  net.minecraft.client.Minecraft.createDisplay()V+22
j  net.minecraft.client.Minecraft.startGame()V+115
j  net.minecraft.client.Minecraft.run()V+6
j  net.minecraft.client.main.Main.main([Ljava/lang/String;)V+1068
v  ~StubRoutines::call_stub
V  [libjvm.dylib+0x2b54e5]  JavaCalls::call_helper(JavaValue*, methodHandle*, JavaCallArguments*, Thread*)+0x72f
V  [libjvm.dylib+0x4a1146]  Reflection::invoke(instanceKlassHandle, methodHandle, Handle, bool, objArrayHandle, BasicType, objArrayHandle, bool, Thread*)+0xa9e
V  [libjvm.dylib+0x4a1641]  Reflection::invoke_method(oopDesc*, Handle, objArrayHandle, Thread*)+0x135
V  [libjvm.dylib+0x329a49]  JVM_InvokeMethod+0x19d
j  sun.reflect.NativeMethodAccessorImpl.invoke0(Ljava/lang/reflect/Method;Ljava/lang/Object;[Ljava/lang/Object;)Ljava/lang/Object;+0
j  sun.reflect.NativeMethodAccessorImpl.invoke(Ljava/lang/Object;[Ljava/lang/Object;)Ljava/lang/Object;+100
j  sun.reflect.DelegatingMethodAccessorImpl.invoke(Ljava/lang/Object;[Ljava/lang/Object;)Ljava/lang/Object;+6
j  java.lang.reflect.Method.invoke(Ljava/lang/Object;[Ljava/lang/Object;)Ljava/lang/Object;+56
j  net.minecraft.launchwrapper.Launch.launch([Ljava/lang/String;)V+661
j  net.minecraft.launchwrapper.Launch.main([Ljava/lang/String;)V+8
v  ~StubRoutines::call_stub
V  [libjvm.dylib+0x2b54e5]  JavaCalls::call_helper(JavaValue*, methodHandle*, JavaCallArguments*, Thread*)+0x72f
V  [libjvm.dylib+0x4a1146]  Reflection::invoke(instanceKlassHandle, methodHandle, Handle, bool, objArrayHandle, BasicType, objArrayHandle, bool, Thread*)+0xa9e
V  [libjvm.dylib+0x4a1641]  Reflection::invoke_method(oopDesc*, Handle, objArrayHandle, Thread*)+0x135
V  [libjvm.dylib+0x329a49]  JVM_InvokeMethod+0x19d
j  sun.reflect.NativeMethodAccessorImpl.invoke0(Ljava/lang/reflect/Method;Ljava/lang/Object;[Ljava/lang/Object;)Ljava/lang/Object;+0
j  sun.reflect.NativeMethodAccessorImpl.invoke(Ljava/lang/Object;[Ljava/lang/Object;)Ljava/lang/Object;+100
j  sun.reflect.DelegatingMethodAccessorImpl.invoke(Ljava/lang/Object;[Ljava/lang/Object;)Ljava/lang/Object;+6
j  java.lang.reflect.Method.invoke(Ljava/lang/Object;[Ljava/lang/Object;)Ljava/lang/Object;+56
j  net.minecraftforge.gradle.GradleStartCommon.launch([Ljava/lang/String;)V+169
j  GradleStart.main([Ljava/lang/String;)V+11
v  ~StubRoutines::call_stub
V  [libjvm.dylib+0x2b54e5]  JavaCalls::call_helper(JavaValue*, methodHandle*, JavaCallArguments*, Thread*)+0x72f
V  [libjvm.dylib+0x2f0d8f]  jni_invoke_static(JNIEnv_*, JavaValue*, _jobject*, JNICallType, _jmethodID*, JNI_ArgumentPusher*, Thread*)+0x239
V  [libjvm.dylib+0x2f38d3]  jni_CallStaticVoidMethod+0x17b
C  [java+0x997c]  JavaMain+0x9a3
C  [libsystem_pthread.dylib+0x5d49]  _pthread_start+0x73
C  [libsystem_pthread.dylib+0x182f]  thread_start+0xf
C  0x0000000000000000

Java frames: (J=compiled Java code, j=interpreted, Vv=VM code)
j  org.lwjgl.opengl.MacOSXContextImplementation.setView(Ljava/nio/ByteBuffer;Ljava/nio/ByteBuffer;)V+0
j  org.lwjgl.opengl.MacOSXContextImplementation.makeCurrent(Lorg/lwjgl/opengl/PeerInfo;Ljava/nio/ByteBuffer;)V+7
j  org.lwjgl.opengl.ContextGL.makeCurrent()V+46
j  org.lwjgl.opengl.DrawableGL.makeCurrent()V+14
j  org.lwjgl.opengl.Display.makeCurrent()V+3
j  org.lwjgl.opengl.Display.makeCurrentAndSetSwapInterval()V+0
j  org.lwjgl.opengl.Display.create(Lorg/lwjgl/opengl/PixelFormat;Lorg/lwjgl/opengl/Drawable;Lorg/lwjgl/opengl/ContextAttribs;)V+108
j  org.lwjgl.opengl.Display.create(Lorg/lwjgl/opengl/PixelFormat;)V+12
j  net.minecraft.client.Minecraft.createDisplay()V+22
j  net.minecraft.client.Minecraft.startGame()V+115
j  net.minecraft.client.Minecraft.run()V+6
j  net.minecraft.client.main.Main.main([Ljava/lang/String;)V+1068
v  ~StubRoutines::call_stub
j  sun.reflect.NativeMethodAccessorImpl.invoke0(Ljava/lang/reflect/Method;Ljava/lang/Object;[Ljava/lang/Object;)Ljava/lang/Object;+0
j  sun.reflect.NativeMethodAccessorImpl.invoke(Ljava/lang/Object;[Ljava/lang/Object;)Ljava/lang/Object;+100
j  sun.reflect.DelegatingMethodAccessorImpl.invoke(Ljava/lang/Object;[Ljava/lang/Object;)Ljava/lang/Object;+6
j  java.lang.reflect.Method.invoke(Ljava/lang/Object;[Ljava/lang/Object;)Ljava/lang/Object;+56
j  net.minecraft.launchwrapper.Launch.launch([Ljava/lang/String;)V+661
j  net.minecraft.launchwrapper.Launch.main([Ljava/lang/String;)V+8
v  ~StubRoutines::call_stub
j  sun.reflect.NativeMethodAccessorImpl.invoke0(Ljava/lang/reflect/Method;Ljava/lang/Object;[Ljava/lang/Object;)Ljava/lang/Object;+0
j  sun.reflect.NativeMethodAccessorImpl.invoke(Ljava/lang/Object;[Ljava/lang/Object;)Ljava/lang/Object;+100
j  sun.reflect.DelegatingMethodAccessorImpl.invoke(Ljava/lang/Object;[Ljava/lang/Object;)Ljava/lang/Object;+6
j  java.lang.reflect.Method.invoke(Ljava/lang/Object;[Ljava/lang/Object;)Ljava/lang/Object;+56
j  net.minecraftforge.gradle.GradleStartCommon.launch([Ljava/lang/String;)V+169
j  GradleStart.main([Ljava/lang/String;)V+11
v  ~StubRoutines::call_stub

---------------  P R O C E S S  ---------------

Java Threads: ( => current thread )
  0x00007ff0c384e800 JavaThread "AWT-Shutdown" [_thread_blocked, id=60707, stack(0x0000000305e40000,0x0000000305f40000)]
  0x00007ff1052c0000 JavaThread "Timer hack thread" daemon [_thread_blocked, id=47343, stack(0x0000000305b37000,0x0000000305c37000)]
  0x00007ff0c5a0c800 JavaThread "Snooper Timer" daemon [_thread_blocked, id=72583, stack(0x0000000305d3d000,0x0000000305e3d000)]
  0x00007ff0c5885000 JavaThread "Snooper Timer" daemon [_thread_blocked, id=75475, stack(0x0000000305c3a000,0x0000000305d3a000)]
  0x00007ff0c4746000 JavaThread "AppKit Thread" daemon [_thread_in_native, id=259, stack(0x0000000303b4d000,0x000000030434d000)]
  0x00007ff12503d800 JavaThread "Service Thread" daemon [_thread_blocked, id=24331, stack(0x0000000305716000,0x0000000305816000)]
  0x00007ff125020000 JavaThread "C1 CompilerThread3" daemon [_thread_blocked, id=23555, stack(0x0000000305613000,0x0000000305713000)]
  0x00007ff12501f000 JavaThread "C2 CompilerThread2" daemon [_thread_blocked, id=31747, stack(0x0000000305510000,0x0000000305610000)]
  0x00007ff12501e000 JavaThread "C2 CompilerThread1" daemon [_thread_blocked, id=32259, stack(0x000000030540d000,0x000000030550d000)]
  0x00007ff12302c000 JavaThread "C2 CompilerThread0" daemon [_thread_blocked, id=22787, stack(0x000000030530a000,0x000000030540a000)]
  0x00007ff12501c800 JavaThread "Signal Dispatcher" daemon [_thread_blocked, id=32515, stack(0x0000000305207000,0x0000000305307000)]
  0x00007ff124839800 JavaThread "Finalizer" daemon [_thread_blocked, id=18035, stack(0x0000000304ff5000,0x00000003050f5000)]
  0x00007ff12403a800 JavaThread "Reference Handler" daemon [_thread_blocked, id=17475, stack(0x0000000304ef2000,0x0000000304ff2000)]
=>0x00007ff124010800 JavaThread "Client thread" [_thread_in_native, id=8707, stack(0x00000003043d1000,0x00000003044d1000)]

Other Threads:
  0x00007ff12500a800 VMThread [stack: 0x0000000304def000,0x0000000304eef000] [id=21507]
  0x00007ff12483a800 WatcherThread [stack: 0x0000000305819000,0x0000000305919000] [id=31235]

VM state:not at safepoint (normal execution)

VM Mutex/Monitor currently owned by a thread: None

heap address: 0x00000006c0000000, size: 4096 MB, Compressed Oops mode: Zero based, Oop shift amount: 3
Narrow klass base: 0x0000000000000000, Narrow klass shift: 3
Compressed class space size: 1073741824 Address: 0x00000007c0000000

Heap:
 PSYoungGen      total 510464K, used 258971K [0x000000076ab00000, 0x000000078c900000, 0x00000007c0000000)
  eden space 475136K, 54% used [0x000000076ab00000,0x000000077a7e6ce0,0x0000000787b00000)
  from space 35328K, 0% used [0x000000078a080000,0x000000078a080000,0x000000078c300000)
  to   space 38400K, 0% used [0x0000000787b00000,0x0000000787b00000,0x000000078a080000)
 ParOldGen       total 169472K, used 64551K [0x00000006c0000000, 0x00000006ca580000, 0x000000076ab00000)
  object space 169472K, 38% used [0x00000006c0000000,0x00000006c3f09fb8,0x00000006ca580000)
 Metaspace       used 24133K, capacity 24282K, committed 24576K, reserved 1071104K
  class space    used 3197K, capacity 3269K, committed 3328K, reserved 1048576K

Card table byte_map: [0x000000011ed7d000,0x000000011f57e000] byte_map_base: 0x000000011b77d000

Marking Bits: (ParMarkBitMap*) 0x000000010eab97f8
 Begin Bits: [0x000000011f57e000, 0x000000012357e000)
 End Bits:   [0x000000012357e000, 0x000000012757e000)

Polling page: 0x00000001000d9000

CodeCache: size=245760Kb used=11507Kb max_used=11525Kb free=234252Kb
 bounds [0x000000010fd7d000, 0x00000001108cd000, 0x000000011ed7d000]
 total_blobs=3127 nmethods=2668 adapters=372
 compilation: enabled

Compilation events (10 events):
Event: 9.304 Thread 0x00007ff12501f000 3053       4       java.lang.reflect.Proxy::isProxyClass (25 bytes)
Event: 9.306 Thread 0x00007ff12501f000 nmethod 3053 0x00000001108af050 code [0x00000001108af1a0, 0x00000001108af268]
Event: 9.334 Thread 0x00007ff125020000 3054       3       sun.reflect.ReflectionFactory::checkInitted (19 bytes)
Event: 9.335 Thread 0x00007ff125020000 nmethod 3054 0x00000001108b7950 code [0x00000001108b7ae0, 0x00000001108b7da8]
Event: 9.335 Thread 0x00007ff125020000 3055       3       java.lang.reflect.Modifier::isFinal (13 bytes)
Event: 9.335 Thread 0x00007ff125020000 nmethod 3055 0x00000001108b75d0 code [0x00000001108b7740, 0x00000001108b78d0]
Event: 9.335 Thread 0x00007ff125020000 3056       3       java.lang.reflect.Field::setFieldAccessor (34 bytes)
Event: 9.336 Thread 0x00007ff125020000 nmethod 3056 0x00000001108b6f90 code [0x00000001108b7120, 0x00000001108b74a8]
Event: 9.337 Thread 0x00007ff12501e000 3057       4       java.lang.Integer::valueOf (32 bytes)
Event: 9.339 Thread 0x00007ff12501e000 nmethod 3057 0x00000001108b3c10 code [0x00000001108b3d60, 0x00000001108b3e38]

GC Heap History (10 events):
Event: 3.567 GC heap before
{Heap before GC invocations=6 (full 1):
 PSYoungGen      total 141824K, used 141823K [0x000000076ab00000, 0x0000000774000000, 0x00000007c0000000)
  eden space 131072K, 100% used [0x000000076ab00000,0x0000000772b00000,0x0000000772b00000)
  from space 10752K, 99% used [0x0000000773580000,0x0000000773fffd38,0x0000000774000000)
  to   space 10752K, 0% used [0x0000000772b00000,0x0000000772b00000,0x0000000773580000)
 ParOldGen       total 175104K, used 39434K [0x00000006c0000000, 0x00000006cab00000, 0x000000076ab00000)
  object space 175104K, 22% used [0x00000006c0000000,0x00000006c2682ab8,0x00000006cab00000)
 Metaspace       used 15101K, capacity 15234K, committed 15488K, reserved 1062912K
  class space    used 1800K, capacity 1851K, committed 1920K, reserved 1048576K
Event: 3.587 GC heap after
Heap after GC invocations=6 (full 1):
 PSYoungGen      total 141824K, used 10732K [0x000000076ab00000, 0x000000077c000000, 0x00000007c0000000)
  eden space 131072K, 0% used [0x000000076ab00000,0x000000076ab00000,0x0000000772b00000)
  from space 10752K, 99% used [0x0000000772b00000,0x000000077357b3d8,0x0000000773580000)
  to   space 10752K, 0% used [0x000000077b580000,0x000000077b580000,0x000000077c000000)
 ParOldGen       total 175104K, used 45496K [0x00000006c0000000, 0x00000006cab00000, 0x000000076ab00000)
  object space 175104K, 25% used [0x00000006c0000000,0x00000006c2c6e2a0,0x00000006cab00000)
 Metaspace       used 15101K, capacity 15234K, committed 15488K, reserved 1062912K
  class space    used 1800K, capacity 1851K, committed 1920K, reserved 1048576K
}
Event: 5.919 GC heap before
{Heap before GC invocations=7 (full 1):
 PSYoungGen      total 141824K, used 141804K [0x000000076ab00000, 0x000000077c000000, 0x00000007c0000000)
  eden space 131072K, 100% used [0x000000076ab00000,0x0000000772b00000,0x0000000772b00000)
  from space 10752K, 99% used [0x0000000772b00000,0x000000077357b3d8,0x0000000773580000)
  to   space 10752K, 0% used [0x000000077b580000,0x000000077b580000,0x000000077c000000)
 ParOldGen       total 175104K, used 45496K [0x00000006c0000000, 0x00000006cab00000, 0x000000076ab00000)
  object space 175104K, 25% used [0x00000006c0000000,0x00000006c2c6e2a0,0x00000006cab00000)
 Metaspace       used 18376K, capacity 18586K, committed 18944K, reserved 1067008K
  class space    used 2162K, capacity 2245K, committed 2304K, reserved 1048576K
Event: 5.940 GC heap after
Heap after GC invocations=7 (full 1):
 PSYoungGen      total 249856K, used 10734K [0x000000076ab00000, 0x000000077ed00000, 0x00000007c0000000)
  eden space 239104K, 0% used [0x000000076ab00000,0x000000076ab00000,0x0000000779480000)
  from space 10752K, 99% used [0x000000077b580000,0x000000077bffbb18,0x000000077c000000)
  to   space 33792K, 0% used [0x0000000779480000,0x0000000779480000,0x000000077b580000)
 ParOldGen       total 175104K, used 62372K [0x00000006c0000000, 0x00000006cab00000, 0x000000076ab00000)
  object space 175104K, 35% used [0x00000006c0000000,0x00000006c3ce91a0,0x00000006cab00000)
 Metaspace       used 18376K, capacity 18586K, committed 18944K, reserved 1067008K
  class space    used 2162K, capacity 2245K, committed 2304K, reserved 1048576K
}
Event: 7.283 GC heap before
{Heap before GC invocations=8 (full 1):
 PSYoungGen      total 249856K, used 249838K [0x000000076ab00000, 0x000000077ed00000, 0x00000007c0000000)
  eden space 239104K, 100% used [0x000000076ab00000,0x0000000779480000,0x0000000779480000)
  from space 10752K, 99% used [0x000000077b580000,0x000000077bffbb18,0x000000077c000000)
  to   space 33792K, 0% used [0x0000000779480000,0x0000000779480000,0x000000077b580000)
 ParOldGen       total 175104K, used 62372K [0x00000006c0000000, 0x00000006cab00000, 0x000000076ab00000)
  object space 175104K, 35% used [0x00000006c0000000,0x00000006c3ce91a0,0x00000006cab00000)
 Metaspace       used 20093K, capacity 20250K, committed 20480K, reserved 1067008K
  class space    used 2445K, capacity 2501K, committed 2560K, reserved 1048576K
Event: 7.305 GC heap after
Heap after GC invocations=8 (full 1):
 PSYoungGen      total 272896K, used 26188K [0x000000076ab00000, 0x000000078c300000, 0x00000007c0000000)
  eden space 239104K, 0% used [0x000000076ab00000,0x000000076ab00000,0x0000000779480000)
  from space 33792K, 77% used [0x0000000779480000,0x000000077ae13298,0x000000077b580000)
  to   space 35328K, 0% used [0x000000078a080000,0x000000078a080000,0x000000078c300000)
 ParOldGen       total 175104K, used 62380K [0x00000006c0000000, 0x00000006cab00000, 0x000000076ab00000)
  object space 175104K, 35% used [0x00000006c0000000,0x00000006c3ceb1a0,0x00000006cab00000)
 Metaspace       used 20093K, capacity 20250K, committed 20480K, reserved 1067008K
  class space    used 2445K, capacity 2501K, committed 2560K, reserved 1048576K
}
Event: 7.812 GC heap before
{Heap before GC invocations=9 (full 1):
 PSYoungGen      total 272896K, used 204742K [0x000000076ab00000, 0x000000078c300000, 0x00000007c0000000)
  eden space 239104K, 74% used [0x000000076ab00000,0x000000077595e888,0x0000000779480000)
  from space 33792K, 77% used [0x0000000779480000,0x000000077ae13298,0x000000077b580000)
  to   space 35328K, 0% used [0x000000078a080000,0x000000078a080000,0x000000078c300000)
 ParOldGen       total 175104K, used 62380K [0x00000006c0000000, 0x00000006cab00000, 0x000000076ab00000)
  object space 175104K, 35% used [0x00000006c0000000,0x00000006c3ceb1a0,0x00000006cab00000)
 Metaspace       used 20871K, capacity 21050K, committed 21296K, reserved 1069056K
  class space    used 2605K, capacity 2661K, committed 2688K, reserved 1048576K
Event: 7.837 GC heap after
Heap after GC invocations=9 (full 1):
 PSYoungGen      total 510464K, used 32102K [0x000000076ab00000, 0x000000078c900000, 0x00000007c0000000)
  eden space 475136K, 0% used [0x000000076ab00000,0x000000076ab00000,0x0000000787b00000)
  from space 35328K, 90% used [0x000000078a080000,0x000000078bfd9810,0x000000078c300000)
  to   space 38400K, 0% used [0x0000000787b00000,0x0000000787b00000,0x000000078a080000)
 ParOldGen       total 175104K, used 65555K [0x00000006c0000000, 0x00000006cab00000, 0x000000076ab00000)
  object space 175104K, 37% used [0x00000006c0000000,0x00000006c4004f08,0x00000006cab00000)
 Metaspace       used 20871K, capacity 21050K, committed 21296K, reserved 1069056K
  class space    used 2605K, capacity 2661K, committed 2688K, reserved 1048576K
}
Event: 7.837 GC heap before
{Heap before GC invocations=10 (full 2):
 PSYoungGen      total 510464K, used 32102K [0x000000076ab00000, 0x000000078c900000, 0x00000007c0000000)
  eden space 475136K, 0% used [0x000000076ab00000,0x000000076ab00000,0x0000000787b00000)
  from space 35328K, 90% used [0x000000078a080000,0x000000078bfd9810,0x000000078c300000)
  to   space 38400K, 0% used [0x0000000787b00000,0x0000000787b00000,0x000000078a080000)
 ParOldGen       total 175104K, used 65555K [0x00000006c0000000, 0x00000006cab00000, 0x000000076ab00000)
  object space 175104K, 37% used [0x00000006c0000000,0x00000006c4004f08,0x00000006cab00000)
 Metaspace       used 20871K, capacity 21050K, committed 21296K, reserved 1069056K
  class space    used 2605K, capacity 2661K, committed 2688K, reserved 1048576K
Event: 7.917 GC heap after
Heap after GC invocations=10 (full 2):
 PSYoungGen      total 510464K, used 0K [0x000000076ab00000, 0x000000078c900000, 0x00000007c0000000)
  eden space 475136K, 0% used [0x000000076ab00000,0x000000076ab00000,0x0000000787b00000)
  from space 35328K, 0% used [0x000000078a080000,0x000000078a080000,0x000000078c300000)
  to   space 38400K, 0% used [0x0000000787b00000,0x0000000787b00000,0x000000078a080000)
 ParOldGen       total 169472K, used 64551K [0x00000006c0000000, 0x00000006ca580000, 0x000000076ab00000)
  object space 169472K, 38% used [0x00000006c0000000,0x00000006c3f09fb8,0x00000006ca580000)
 Metaspace       used 20871K, capacity 21050K, committed 21296K, reserved 1069056K
  class space    used 2605K, capacity 2661K, committed 2688K, reserved 1048576K
}

Deoptimization events (10 events):
Event: 8.569 Thread 0x00007ff124010800 Uncommon trap: reason=unstable_if action=reinterpret pc=0x00000001100fa8f8 method=net.minecraftforge.fml.common.asm.transformers.TerminalTransformer$ExitVisitor.visitMethod(ILjava/lang/String;Ljava/lang/String;Ljava/lang/String;[Ljava/lang/String;)Lorg/ob
Event: 8.604 Thread 0x00007ff124010800 Uncommon trap: reason=unstable_if action=reinterpret pc=0x000000011025d2e0 method=com.google.common.base.Splitter$SplittingIterator.computeNext()Ljava/lang/String; @ 193
Event: 8.605 Thread 0x00007ff124010800 Uncommon trap: reason=unstable_if action=reinterpret pc=0x000000011024ce9c method=com.google.common.base.Splitter$SplittingIterator.computeNext()Ljava/lang/String; @ 193
Event: 8.605 Thread 0x00007ff124010800 Uncommon trap: reason=unstable_if action=reinterpret pc=0x0000000110256e6c method=com.google.common.base.Splitter$SplittingIterator.computeNext()Ljava/lang/String; @ 193
Event: 8.640 Thread 0x00007ff124010800 Uncommon trap: reason=loop_limit_check action=maybe_recompile pc=0x000000011049184c method=java.util.regex.Pattern$Start.match(Ljava/util/regex/Matcher;ILjava/lang/CharSequence;)Z @ 37
Event: 8.686 Thread 0x00007ff124010800 Uncommon trap: reason=class_check action=maybe_recompile pc=0x000000011017faf0 method=java.util.regex.Pattern$Start.match(Ljava/util/regex/Matcher;ILjava/lang/CharSequence;)Z @ 44
Event: 8.689 Thread 0x00007ff124010800 Uncommon trap: reason=class_check action=maybe_recompile pc=0x000000011017faf0 method=java.util.regex.Pattern$Start.match(Ljava/util/regex/Matcher;ILjava/lang/CharSequence;)Z @ 44
Event: 8.690 Thread 0x00007ff124010800 Uncommon trap: reason=class_check action=maybe_recompile pc=0x000000011017faf0 method=java.util.regex.Pattern$Start.match(Ljava/util/regex/Matcher;ILjava/lang/CharSequence;)Z @ 44
Event: 8.690 Thread 0x00007ff124010800 Uncommon trap: reason=class_check action=maybe_recompile pc=0x000000011017faf0 method=java.util.regex.Pattern$Start.match(Ljava/util/regex/Matcher;ILjava/lang/CharSequence;)Z @ 44
Event: 8.941 Thread 0x00007ff124010800 Uncommon trap: reason=unstable_if action=reinterpret pc=0x00000001101424f8 method=java.util.HashMap.hash(Ljava/lang/Object;)I @ 1

Classes redefined (0 events):
No events

Internal exceptions (10 events):
Event: 3.033 Thread 0x00007ff124010800 Implicit null exception at 0x0000000110191eb4 to 0x0000000110193146
Event: 3.033 Thread 0x00007ff124010800 Exception <a 'java/lang/NullPointerException'> (0x000000076e70ea78) thrown at [/Users/admin/workspace/workspace/build-scripts/jobs/release/jobs/jdk8u/jdk8u-release-mac-x64-temurin/workspace/build/src/hotspot/src/share/vm/runtime/sharedRuntime.cpp, line 60
Event: 3.033 Thread 0x00007ff124010800 Implicit null exception at 0x0000000110191eb4 to 0x0000000110193146
Event: 3.033 Thread 0x00007ff124010800 Exception <a 'java/lang/NullPointerException'> (0x000000076e71d3f8) thrown at [/Users/admin/workspace/workspace/build-scripts/jobs/release/jobs/jdk8u/jdk8u-release-mac-x64-temurin/workspace/build/src/hotspot/src/share/vm/runtime/sharedRuntime.cpp, line 60
Event: 4.406 Thread 0x00007ff124010800 Exception <a 'java/lang/NoSuchFieldError': method resolution failed> (0x000000076e92e178) thrown at [/Users/admin/workspace/workspace/build-scripts/jobs/release/jobs/jdk8u/jdk8u-release-mac-x64-temurin/workspace/build/src/hotspot/src/share/vm/prims/method
Event: 4.416 Thread 0x00007ff124010800 Exception <a 'java/lang/NoSuchFieldError': method resolution failed> (0x000000076e93b838) thrown at [/Users/admin/workspace/workspace/build-scripts/jobs/release/jobs/jdk8u/jdk8u-release-mac-x64-temurin/workspace/build/src/hotspot/src/share/vm/prims/method
Event: 4.947 Thread 0x00007ff124010800 Exception <a 'java/io/FileNotFoundException'> (0x000000076e9dd7a8) thrown at [/Users/admin/workspace/workspace/build-scripts/jobs/release/jobs/jdk8u/jdk8u-release-mac-x64-temurin/workspace/build/src/hotspot/src/share/vm/prims/jni.cpp, line 712]
Event: 4.949 Thread 0x00007ff124010800 Exception <a 'java/io/FileNotFoundException'> (0x000000076e9ded08) thrown at [/Users/admin/workspace/workspace/build-scripts/jobs/release/jobs/jdk8u/jdk8u-release-mac-x64-temurin/workspace/build/src/hotspot/src/share/vm/prims/jni.cpp, line 712]
Event: 4.990 Thread 0x00007ff124010800 Exception <a 'java/lang/UnsatisfiedLinkError'> (0x000000076ea04170) thrown at [/Users/admin/workspace/workspace/build-scripts/jobs/release/jobs/jdk8u/jdk8u-release-mac-x64-temurin/workspace/build/src/hotspot/src/share/vm/prims/jvm.cpp, line 1518]
Event: 8.941 Thread 0x00007ff124010800 Implicit null exception at 0x00000001101422b5 to 0x00000001101424e9

Events (10 events):
Event: 9.338 loading class org/lwjgl/opengl/ContextGL
Event: 9.338 loading class org/lwjgl/opengl/ContextGL done
Event: 9.338 loading class org/lwjgl/opengl/ContextImplementation
Event: 9.338 loading class org/lwjgl/opengl/ContextImplementation done
Event: 9.339 loading class org/lwjgl/opengl/MacOSXContextImplementation
Event: 9.339 loading class org/lwjgl/opengl/MacOSXContextImplementation done
Event: 9.339 loading class org/lwjgl/opengl/GLContext
Event: 9.339 loading class org/lwjgl/opengl/GLContext done
Event: 9.340 loading class org/lwjgl/opengl/GLContext$CapabilitiesCacheEntry
Event: 9.340 loading class org/lwjgl/opengl/GLContext$CapabilitiesCacheEntry done


Dynamic libraries:
0x00007ff90b394000 	/System/Library/Frameworks/Cocoa.framework/Versions/A/Cocoa
0x00007ff810e66000 	/System/Library/Frameworks/AppKit.framework/Versions/C/AppKit
0x00007ff81475a000 	/System/Library/Frameworks/CoreData.framework/Versions/A/CoreData
0x00007ff80e23b000 	/System/Library/Frameworks/Foundation.framework/Versions/C/Foundation
0x00007ff81d679000 	/usr/lib/libSystem.B.dylib
0x00007ff812663000 	/System/Library/PrivateFrameworks/UIFoundation.framework/Versions/A/UIFoundation
0x00007ffb28ba4000 	/System/Library/PrivateFrameworks/CollectionViewCore.framework/Versions/A/CollectionViewCore
0x00007ff81a47d000 	/System/Library/PrivateFrameworks/XCTTargetBootstrap.framework/Versions/A/XCTTargetBootstrap
0x00007ffc1b67b000 	/System/Library/PrivateFrameworks/GenerativeModels.framework/Versions/A/GenerativeModels
0x00007ff8203ef000 	/System/Library/PrivateFrameworks/InternationalSupport.framework/Versions/A/InternationalSupport
0x00007ff820743000 	/System/Library/PrivateFrameworks/UserActivity.framework/Versions/A/UserActivity
0x00007ff814e85000 	/System/Library/PrivateFrameworks/BaseBoard.framework/Versions/A/BaseBoard
0x00007ffc12c33000 	/System/Library/PrivateFrameworks/FrontBoard.framework/Versions/A/FrontBoard
0x00007ff828615000 	/System/Library/PrivateFrameworks/FrontBoardServices.framework/Versions/A/FrontBoardServices
0x00007ffe1098f000 	/usr/lib/libRosetta.dylib
0x00007ffd241a6000 	/System/Library/PrivateFrameworks/UIIntelligenceSupport.framework/Versions/A/UIIntelligenceSupport
0x00007ffb1dbaa000 	/System/Library/Frameworks/SwiftUICore.framework/Versions/A/SwiftUICore
0x00007ffe0a5ed000 	/System/Library/PrivateFrameworks/WritingTools.framework/Versions/A/WritingTools
0x00007ffd295ec000 	/System/Library/PrivateFrameworks/WindowManagement.framework/Versions/A/WindowManagement
0x00007ff80ded2000 	/System/Library/Frameworks/SystemConfiguration.framework/Versions/A/SystemConfiguration
0x00007ff81f532000 	/usr/lib/libspindump.dylib
0x00007ff812848000 	/System/Library/Frameworks/UniformTypeIdentifiers.framework/Versions/A/UniformTypeIdentifiers
0x00007ff81c7ae000 	/usr/lib/libbsm.0.dylib
0x00007ff817d93000 	/usr/lib/libapp_launch_measurement.dylib
0x00007ff81695d000 	/System/Library/PrivateFrameworks/CoreAnalytics.framework/Versions/A/CoreAnalytics
0x00007ff817d96000 	/System/Library/PrivateFrameworks/CoreAutoLayout.framework/Versions/A/CoreAutoLayout
0x00007ff819a05000 	/System/Library/Frameworks/Metal.framework/Versions/A/Metal
0x00007ff81ae28000 	/usr/lib/liblangid.dylib
0x00007ff81a482000 	/System/Library/PrivateFrameworks/CoreSVG.framework/Versions/A/CoreSVG
0x00007ff8132c3000 	/System/Library/PrivateFrameworks/SkyLight.framework/Versions/A/SkyLight
0x00007ffc12981000 	/System/Library/PrivateFrameworks/FocusEngine.framework/Versions/A/FocusEngine
0x00007ff81381f000 	/System/Library/Frameworks/CoreGraphics.framework/Versions/A/CoreGraphics
0x00007ffc10741000 	/System/Library/PrivateFrameworks/DesignLibrary.framework/Versions/A/DesignLibrary
0x00007ff8265cf000 	/System/Library/Frameworks/Accelerate.framework/Versions/A/Accelerate
0x00007ff81f321000 	/System/Library/PrivateFrameworks/IconServices.framework/Versions/A/IconServices
0x00007ff8199e1000 	/System/Library/Frameworks/IOSurface.framework/Versions/A/IOSurface
0x00007ff81698b000 	/usr/lib/libDiagnosticMessagesClient.dylib
0x00007ff81d583000 	/usr/lib/libz.1.dylib
0x00007ff82ad08000 	/System/Library/Frameworks/ApplicationServices.framework/Versions/A/ApplicationServices
0x00007ff81a46a000 	/System/Library/PrivateFrameworks/DFRFoundation.framework/Versions/A/DFRFoundation
0x00007ff8106f9000 	/usr/lib/libicucore.A.dylib
0x00007ff821965000 	/System/Library/Frameworks/AudioToolbox.framework/Versions/A/AudioToolbox
0x00007ff8206f9000 	/System/Library/PrivateFrameworks/DataDetectorsCore.framework/Versions/A/DataDetectorsCore
0x00007ffd24fa8000 	/System/Library/PrivateFrameworks/UpdateCycle.framework/Versions/A/UpdateCycle
0x00007ff91da46000 	/System/Library/PrivateFrameworks/TextInput.framework/Versions/A/TextInput
0x00007ff81320d000 	/usr/lib/libMobileGestalt.dylib
0x00007ff81a18d000 	/System/Library/Frameworks/Carbon.framework/Versions/A/Frameworks/HIToolbox.framework/Versions/A/HIToolbox
0x00007ff817626000 	/System/Library/Frameworks/QuartzCore.framework/Versions/A/QuartzCore
0x00007ff8102f9000 	/System/Library/Frameworks/Security.framework/Versions/A/Security
0x00007ff825f37000 	/System/Library/Frameworks/Carbon.framework/Versions/A/Frameworks/SpeechRecognition.framework/Versions/A/SpeechRecognition
0x00007ff817a59000 	/System/Library/PrivateFrameworks/CoreUI.framework/Versions/A/CoreUI
0x00007ff80fb53000 	/System/Library/Frameworks/CoreAudio.framework/Versions/A/CoreAudio
0x00007ff816a80000 	/System/Library/Frameworks/DiskArbitration.framework/Versions/A/DiskArbitration
0x00007ff81faae000 	/System/Library/PrivateFrameworks/MultitouchSupport.framework/Versions/A/MultitouchSupport
0x00007ff81320c000 	/usr/lib/libenergytrace.dylib
0x00007ff91098f000 	/System/Library/PrivateFrameworks/RenderBox.framework/Versions/A/RenderBox
0x00007ff810d2a000 	/System/Library/Frameworks/IOKit.framework/Versions/A/IOKit
0x00007ff826357000 	/System/Library/Frameworks/CoreServices.framework/Versions/A/CoreServices
0x00007ff817d1f000 	/System/Library/PrivateFrameworks/PerformanceAnalysis.framework/Versions/A/PerformanceAnalysis
0x00007ffb15969000 	/System/Library/Frameworks/OpenGL.framework/Versions/A/OpenGL
0x00007ff817ddf000 	/usr/lib/libxml2.2.dylib
0x00007ff81c69d000 	/System/Library/PrivateFrameworks/MobileKeyBag.framework/Versions/A/MobileKeyBag
0x00007ff80cb95000 	/usr/lib/libobjc.A.dylib
0x00007ff80cf1a000 	/usr/lib/libc++.1.dylib
0x00007ff8262cd000 	/System/Library/Frameworks/Accessibility.framework/Versions/A/Accessibility
0x00007ff81413a000 	/System/Library/Frameworks/ColorSync.framework/Versions/A/ColorSync
0x00007ff80d041000 	/System/Library/Frameworks/CoreFoundation.framework/Versions/A/CoreFoundation
0x00007ff81a802000 	/System/Library/Frameworks/CoreImage.framework/Versions/A/CoreImage
0x00007ff80f918000 	/System/Library/Frameworks/CoreText.framework/Versions/A/CoreText
0x00007ffb18121000 	/System/Library/Frameworks/CoreTransferable.framework/Versions/A/CoreTransferable
0x00007ffb1857d000 	/System/Library/Frameworks/DataDetection.framework/Versions/A/DataDetection
0x00007ffb18592000 	/System/Library/Frameworks/DeveloperToolsSupport.framework/Versions/A/DeveloperToolsSupport
0x00007ff81a4bd000 	/System/Library/Frameworks/ImageIO.framework/Versions/A/ImageIO
0x00007ffb1ea66000 	/System/Library/Frameworks/Symbols.framework/Versions/A/Symbols
0x00007ff922a98000 	/System/Library/PrivateFrameworks/AttributeGraph.framework/Versions/A/AttributeGraph
0x00007ff8286f6000 	/System/Library/PrivateFrameworks/BoardServices.framework/Versions/A/BoardServices
0x00007ffa28349000 	/System/Library/PrivateFrameworks/FeatureFlags.framework/Versions/A/FeatureFlags
0x00007ffc1bb0c000 	/System/Library/PrivateFrameworks/Gestures.framework/Versions/A/Gestures
0x00007ff81d67e000 	/System/Library/PrivateFrameworks/SoftLinking.framework/Versions/A/SoftLinking
0x00007ffa12379000 	/usr/lib/swift/libswiftAccelerate.dylib
0x00007ff927e05000 	/usr/lib/swift/libswiftCompression.dylib
0x00007ff821343000 	/usr/lib/swift/libswiftCore.dylib
0x00007ff919a9d000 	/usr/lib/swift/libswiftCoreFoundation.dylib
0x00007ff919af1000 	/usr/lib/swift/libswiftCoreImage.dylib
0x00007ff8283a9000 	/usr/lib/swift/libswiftDispatch.dylib
0x00007ff919af2000 	/usr/lib/swift/libswiftIOKit.dylib
0x00007ff927df8000 	/usr/lib/swift/libswiftMetal.dylib
0x00007ffa17bd5000 	/usr/lib/swift/libswiftOSLog.dylib
0x00007ff82b2a6000 	/usr/lib/swift/libswiftObjectiveC.dylib
0x00007ffe12243000 	/usr/lib/swift/libswiftObservation.dylib
0x00007ffa0d828000 	/usr/lib/swift/libswiftQuartzCore.dylib
0x00007ffe122fe000 	/usr/lib/swift/libswiftSpatial.dylib
0x00007ffe123ad000 	/usr/lib/swift/libswiftSynchronization.dylib
0x00007ffa1236a000 	/usr/lib/swift/libswiftUniformTypeIdentifiers.dylib
0x00007ff919aad000 	/usr/lib/swift/libswiftXPC.dylib
0x00007ffe123ef000 	/usr/lib/swift/libswift_Builtin_float.dylib
0x00007ffe123f0000 	/usr/lib/swift/libswift_Concurrency.dylib
0x00007ff82b2aa000 	/usr/lib/swift/libswiftos.dylib
0x00007ff91d7f7000 	/usr/lib/swift/libswiftsimd.dylib
0x00007ff81d8f1000 	/usr/lib/libcompression.dylib
0x00007ff820331000 	/System/Library/PrivateFrameworks/TextureIO.framework/Versions/A/TextureIO
0x00007ff8142e2000 	/System/Library/Frameworks/ApplicationServices.framework/Versions/A/Frameworks/HIServices.framework/Versions/A/HIServices
0x00007ff81ef03000 	/usr/lib/libate.dylib
0x00007ff81d673000 	/usr/lib/system/libcache.dylib
0x00007ff81d62c000 	/usr/lib/system/libcommonCrypto.dylib
0x00007ff81d655000 	/usr/lib/system/libcompiler_rt.dylib
0x00007ff81d649000 	/usr/lib/system/libcopyfile.dylib
0x00007ff80cd2e000 	/usr/lib/system/libcorecrypto.dylib
0x00007ff80ce47000 	/usr/lib/system/libdispatch.dylib
0x00007ff80cbda000 	/usr/lib/system/libdyld.dylib
0x00007ff81d669000 	/usr/lib/system/libkeymgr.dylib
0x00007ff81d611000 	/usr/lib/system/libmacho.dylib
0x00007ff81c789000 	/usr/lib/system/libquarantine.dylib
0x00007ff81d666000 	/usr/lib/system/libremovefile.dylib
0x00007ff813289000 	/usr/lib/system/libsystem_asl.dylib
0x00007ff80ccb6000 	/usr/lib/system/libsystem_blocks.dylib
0x00007ff80ce92000 	/usr/lib/system/libsystem_c.dylib
0x00007ff81d65d000 	/usr/lib/system/libsystem_collections.dylib
0x00007ff81ae17000 	/usr/lib/system/libsystem_configuration.dylib
0x00007ff8199aa000 	/usr/lib/system/libsystem_containermanager.dylib
0x00007ff81d09a000 	/usr/lib/system/libsystem_coreservices.dylib
0x00007ff8109b0000 	/usr/lib/system/libsystem_darwin.dylib
0x00007ffe12705000 	/usr/lib/system/libsystem_darwindirectory.dylib
0x00007ff81d66a000 	/usr/lib/system/libsystem_dnssd.dylib
0x00007ffe1270a000 	/usr/lib/system/libsystem_eligibility.dylib
0x00007ff80ce8f000 	/usr/lib/system/libsystem_featureflags.dylib
0x00007ff80d012000 	/usr/lib/system/libsystem_info.dylib
0x00007ff81d597000 	/usr/lib/system/libsystem_m.dylib
0x00007ff80cdf5000 	/usr/lib/system/libsystem_malloc.dylib
0x00007ff8131f2000 	/usr/lib/system/libsystem_networkextension.dylib
0x00007ff810df8000 	/usr/lib/system/libsystem_notify.dylib
0x00007ff81ae1b000 	/usr/lib/system/libsystem_sandbox.dylib
0x00007ffe12715000 	/usr/lib/system/libsystem_sanitizers.dylib
0x00007ff81d662000 	/usr/lib/system/libsystem_secinit.dylib
0x00007ff80cfbd000 	/usr/lib/system/libsystem_kernel.dylib
0x00007ff80d008000 	/usr/lib/system/libsystem_platform.dylib
0x00007ff80cffc000 	/usr/lib/system/libsystem_pthread.dylib
0x00007ff815063000 	/usr/lib/system/libsystem_symptoms.dylib
0x00007ff80cd0e000 	/usr/lib/system/libsystem_trace.dylib
0x00007ffe1271d000 	/usr/lib/system/libsystem_trial.dylib
0x00007ff81d638000 	/usr/lib/system/libunwind.dylib
0x00007ff80ccba000 	/usr/lib/system/libxpc.dylib
0x00007ff80cfa5000 	/usr/lib/libc++abi.dylib
0x00007ffe11fc6000 	/usr/lib/libswiftPrespecialized.dylib
0x00007ff81d67b000 	/usr/lib/libfakelink.dylib
0x00007ff812e56000 	/System/Library/Frameworks/CFNetwork.framework/Versions/A/CFNetwork
0x00007ff81d6cc000 	/usr/lib/libarchive.2.dylib
0x00007ff823d99000 	/System/Library/Frameworks/Combine.framework/Versions/A/Combine
0x00007ffb28bcb000 	/System/Library/PrivateFrameworks/CollectionsInternal.framework/Versions/A/CollectionsInternal
0x00007ffd13821000 	/System/Library/PrivateFrameworks/ReflectionInternal.framework/Versions/A/ReflectionInternal
0x00007ffd14606000 	/System/Library/PrivateFrameworks/RuntimeInternal.framework/Versions/A/RuntimeInternal
0x00007ff91695b000 	/usr/lib/swift/libswiftDarwin.dylib
0x00007ffe123c1000 	/usr/lib/swift/libswiftSystem.dylib
0x00007ffe1245f000 	/usr/lib/swift/libswift_DarwinFoundation1.dylib
0x00007ffe1250f000 	/usr/lib/swift/libswift_StringProcessing.dylib
0x00007ff810caa000 	/System/Library/PrivateFrameworks/CoreServicesInternal.framework/Versions/A/CoreServicesInternal
0x00007ff81d641000 	/usr/lib/liboah.dylib
0x00007ff82a7c2000 	/System/Library/PrivateFrameworks/DiskImages.framework/Versions/A/DiskImages
0x00007ff9163fc000 	/System/Library/Frameworks/NetFS.framework/Versions/A/NetFS
0x00007ff817d5d000 	/System/Library/Frameworks/CoreServices.framework/Versions/A/Frameworks/FSEvents.framework/Versions/A/FSEvents
0x00007ff8109bb000 	/System/Library/Frameworks/CoreServices.framework/Versions/A/Frameworks/CarbonCore.framework/Versions/A/CarbonCore
0x00007ff8169f6000 	/System/Library/Frameworks/CoreServices.framework/Versions/A/Frameworks/Metadata.framework/Versions/A/Metadata
0x00007ff81d0a1000 	/System/Library/Frameworks/CoreServices.framework/Versions/A/Frameworks/OSServices.framework/Versions/A/OSServices
0x00007ff81d7a8000 	/System/Library/Frameworks/CoreServices.framework/Versions/A/Frameworks/SearchKit.framework/Versions/A/SearchKit
0x00007ff814fe0000 	/System/Library/Frameworks/CoreServices.framework/Versions/A/Frameworks/AE.framework/Versions/A/AE
0x00007ff80d4fe000 	/System/Library/Frameworks/CoreServices.framework/Versions/A/Frameworks/LaunchServices.framework/Versions/A/LaunchServices
0x00007ff81ec3b000 	/System/Library/Frameworks/CoreServices.framework/Versions/A/Frameworks/DictionaryServices.framework/Versions/A/DictionaryServices
0x00007ff817d6b000 	/System/Library/Frameworks/CoreServices.framework/Versions/A/Frameworks/SharedFileList.framework/Versions/A/SharedFileList
0x00007ff81d82a000 	/usr/lib/libapple_nghttp2.dylib
0x00007ff814c01000 	/usr/lib/libsqlite3.dylib
0x00007ff814de5000 	/System/Library/Frameworks/Accounts.framework/Versions/A/Accounts
0x00007ff82a9fc000 	/System/Library/PrivateFrameworks/AppSupport.framework/Versions/A/AppSupport
0x00007ff9188b2000 	/System/Library/Frameworks/AVFoundation.framework/Versions/A/AVFoundation
0x00007ff821fe2000 	/System/Library/Frameworks/GSS.framework/Versions/A/GSS
0x00007ff814f77000 	/System/Library/PrivateFrameworks/RunningBoardServices.framework/Versions/A/RunningBoardServices
0x00007ff82b22c000 	/System/Library/PrivateFrameworks/StreamingZip.framework/Versions/A/StreamingZip
0x00007ff81506b000 	/System/Library/Frameworks/Network.framework/Versions/A/Network
0x00007ff81d615000 	/usr/lib/system/libkxld.dylib
0x00007ffb2466e000 	/System/Library/PrivateFrameworks/AppleKeyStore.framework/Versions/A/AppleKeyStore
0x00007ffe1070c000 	/usr/lib/libCoreEntitlements.dylib
0x00007ffc289c5000 	/System/Library/PrivateFrameworks/MessageSecurity.framework/Versions/A/MessageSecurity
0x00007ff814be5000 	/System/Library/PrivateFrameworks/ProtocolBuffer.framework/Versions/A/ProtocolBuffer
0x00007ff827443000 	/System/Library/PrivateFrameworks/SymptomDiagnosticReporter.framework/Versions/A/SymptomDiagnosticReporter
0x00007ff81f038000 	/System/Library/PrivateFrameworks/CrashReporterSupport.framework/Versions/A/CrashReporterSupport
0x00007ff81d081000 	/System/Library/PrivateFrameworks/AppleFSCompression.framework/Versions/A/AppleFSCompression
0x00007ff81c796000 	/usr/lib/libcoretls.dylib
0x00007ff81eca9000 	/usr/lib/libcoretls_cfhelpers.dylib
0x00007ff81d8eb000 	/usr/lib/libpam.2.dylib
0x00007ff81ed26000 	/usr/lib/libxar.1.dylib
0x00007ff81ecab000 	/System/Library/PrivateFrameworks/APFS.framework/Versions/A/APFS
0x00007ffd1ecad000 	/System/Library/PrivateFrameworks/SwiftASN1Internal.framework/Versions/A/SwiftASN1Internal
0x00007ff81ed34000 	/usr/lib/libutil.dylib
0x00007ff81ae23000 	/System/Library/PrivateFrameworks/AppleSystemInfo.framework/Versions/A/AppleSystemInfo
0x00007ff81c478000 	/System/Library/PrivateFrameworks/IOMobileFramebuffer.framework/Versions/A/IOMobileFramebuffer
0x00007ff82a14c000 	/System/Library/PrivateFrameworks/CoreWiFi.framework/Versions/A/CoreWiFi
0x00007ff919963000 	/System/Library/PrivateFrameworks/LoggingSupport.framework/Versions/A/LoggingSupport
0x00007ff82203a000 	/System/Library/PrivateFrameworks/MobileAsset.framework/Versions/A/MobileAsset
0x00007ff827452000 	/System/Library/PrivateFrameworks/PowerLog.framework/Versions/A/PowerLog
0x00007ff828c87000 	/System/Library/PrivateFrameworks/Rapport.framework/Versions/A/Rapport
0x00007ffb1da4b000 	/System/Library/Frameworks/SwiftData.framework/Versions/A/SwiftData
0x00007ff817f74000 	/System/Library/PrivateFrameworks/UserManagement.framework/Versions/A/UserManagement
0x00007ff812d71000 	/usr/lib/libboringssl.dylib
0x00007ff815051000 	/usr/lib/libdns_services.dylib
0x00007ff9189ec000 	/usr/lib/libquic.dylib
0x00007ff8212cd000 	/usr/lib/libusrtcp.dylib
0x00007ffb254c7000 	/System/Library/PrivateFrameworks/AtomicsInternal.framework/Versions/A/AtomicsInternal
0x00007ffa2084f000 	/System/Library/PrivateFrameworks/InternalSwiftProtobuf.framework/Versions/A/InternalSwiftProtobuf
0x00007ffe1221f000 	/usr/lib/swift/libswiftDistributed.dylib
0x00007ff81ae22000 	/System/Library/PrivateFrameworks/AggregateDictionary.framework/Versions/A/AggregateDictionary
0x00007ffb25bd8000 	/System/Library/PrivateFrameworks/BiomeLibrary.framework/Versions/A/BiomeLibrary
0x00007ff928e2e000 	/System/Library/PrivateFrameworks/BiomeStreams.framework/Versions/A/BiomeStreams
0x00007ff924be9000 	/System/Library/PrivateFrameworks/BiomeFoundation.framework/Versions/A/BiomeFoundation
0x00007ffa0f7a6000 	/System/Library/PrivateFrameworks/BiomePubSub.framework/Versions/A/BiomePubSub
0x00007ff82c2ef000 	/System/Library/PrivateFrameworks/ProactiveSupport.framework/Versions/A/ProactiveSupport
0x00007ffb1f851000 	/System/Library/Frameworks/_LocationEssentials.framework/Versions/A/_LocationEssentials
0x00007ff81ec8a000 	/usr/lib/liblzma.5.dylib
0x00007ff82ad09000 	/System/Library/PrivateFrameworks/InternationalTextSearch.framework/Versions/A/InternationalTextSearch
0x00007ff921368000 	/System/Library/PrivateFrameworks/SoftwareUpdateCoreSupport.framework/Versions/A/SoftwareUpdateCoreSupport
0x00007ff9297d9000 	/System/Library/PrivateFrameworks/SoftwareUpdateCoreConnect.framework/Versions/A/SoftwareUpdateCoreConnect
0x00007ff82a8ac000 	/System/Library/PrivateFrameworks/RemoteServiceDiscovery.framework/Versions/A/RemoteServiceDiscovery
0x00007ff920f30000 	/System/Library/PrivateFrameworks/MSUDataAccessor.framework/Versions/A/MSUDataAccessor
0x00007ff91bcfd000 	/usr/lib/libbootpolicy.dylib
0x00007ff82a8c3000 	/System/Library/PrivateFrameworks/RemoteXPC.framework/Versions/A/RemoteXPC
0x00007ff928cdd000 	/usr/lib/libFDR.dylib
0x00007ffa0f3d0000 	/usr/lib/libamsupport.dylib
0x00007ffb23e38000 	/System/Library/PrivateFrameworks/AppleDeviceQuerySupport.framework/Versions/A/AppleDeviceQuerySupport
0x00007ffa1258a000 	/usr/lib/libpartition2_dynamic.dylib
0x00007ff81d808000 	/System/Library/PrivateFrameworks/AppleSauce.framework/Versions/A/AppleSauce
0x00007ffe10590000 	/usr/lib/libAppleArchive.dylib
0x00007ff81d08c000 	/usr/lib/libbz2.1.0.dylib
0x00007ff816a88000 	/System/Library/Frameworks/Accelerate.framework/Versions/A/Frameworks/vImage.framework/Versions/A/vImage
0x00007ff82632d000 	/System/Library/Frameworks/Accelerate.framework/Versions/A/Frameworks/vecLib.framework/Versions/A/vecLib
0x00007ff81ed68000 	/System/Library/Frameworks/Accelerate.framework/Versions/A/Frameworks/vecLib.framework/Versions/A/libvMisc.dylib
0x00007ff80da18000 	/System/Library/Frameworks/Accelerate.framework/Versions/A/Frameworks/vecLib.framework/Versions/A/libBLAS.dylib
0x00007ff817ec0000 	/System/Library/Frameworks/CoreVideo.framework/Versions/A/CoreVideo
0x00007ff821bec000 	/System/Library/Frameworks/ApplicationServices.framework/Versions/A/Frameworks/ATS.framework/Versions/A/ATS
0x00007ff8202be000 	/System/Library/Frameworks/ApplicationServices.framework/Versions/A/Frameworks/PrintCore.framework/Versions/A/PrintCore
0x00007ff821fac000 	/System/Library/Frameworks/ApplicationServices.framework/Versions/A/Frameworks/QD.framework/Versions/A/QD
0x00007ff821fa8000 	/System/Library/Frameworks/ApplicationServices.framework/Versions/A/Frameworks/ColorSyncLegacy.framework/Versions/A/ColorSyncLegacy
0x00007ff821bc1000 	/System/Library/Frameworks/ApplicationServices.framework/Versions/A/Frameworks/SpeechSynthesis.framework/Versions/A/SpeechSynthesis
0x00007ff819ebe000 	/System/Library/PrivateFrameworks/FontServices.framework/libFontParser.dylib
0x00007ff82a5e1000 	/System/Library/PrivateFrameworks/BackBoardServices.framework/Versions/A/BackBoardServices
0x00007ffb25aea000 	/System/Library/PrivateFrameworks/BackBoardHIDEventFoundation.framework/Versions/A/BackBoardHIDEventFoundation
0x00007ff80f421000 	/System/Library/Frameworks/CoreDisplay.framework/Versions/A/CoreDisplay
0x00007ff81faf3000 	/System/Library/Frameworks/VideoToolbox.framework/Versions/A/VideoToolbox
0x00007ff81d8e9000 	/System/Library/Frameworks/MetalPerformanceShaders.framework/Versions/A/MetalPerformanceShaders
0x00007ffd12871000 	/System/Library/PrivateFrameworks/ProDisplayLibrary.framework/Versions/A/ProDisplayLibrary
0x00007ff90bd63000 	/System/Library/PrivateFrameworks/IOSurfaceAccelerator.framework/Versions/A/IOSurfaceAccelerator
0x00007ff8199fc000 	/System/Library/PrivateFrameworks/IOAccelerator.framework/Versions/A/IOAccelerator
0x00007ff819d16000 	/System/Library/Frameworks/CoreMedia.framework/Versions/A/CoreMedia
0x00007ff8132a1000 	/System/Library/PrivateFrameworks/TCC.framework/Versions/A/TCC
0x00007ff81faac000 	/System/Library/PrivateFrameworks/WatchdogClient.framework/Versions/A/WatchdogClient
0x00007ff919a83000 	/usr/lib/swift/libswiftCoreAudio.dylib
0x00007ffa163df000 	/usr/lib/swift/libswiftCoreMedia.dylib
0x00007ffe123d8000 	/usr/lib/swift/libswiftVideoToolbox.dylib
0x00007ffa0f809000 	/System/Library/PrivateFrameworks/BiomeStorage.framework/Versions/A/BiomeStorage
0x00007ffc21957000 	/System/Library/PrivateFrameworks/IntelligencePlatformLibrary.framework/Versions/A/IntelligencePlatformLibrary
0x00007ffd1184c000 	/System/Library/PrivateFrameworks/PoirotSchematizer.framework/Versions/A/PoirotSchematizer
0x00007ffb265bd000 	/System/Library/PrivateFrameworks/BiomeSync.framework/Versions/A/BiomeSync
0x00007ffb25bbf000 	/System/Library/PrivateFrameworks/BiomeDSL.framework/Versions/A/BiomeDSL
0x00007ffd118c1000 	/System/Library/PrivateFrameworks/PoirotUDFs.framework/Versions/A/PoirotUDFs
0x00007ffe12463000 	/usr/lib/swift/libswift_DarwinFoundation2.dylib
0x00007ffe12464000 	/usr/lib/swift/libswift_DarwinFoundation3.dylib
0x00007ff828c7d000 	/System/Library/PrivateFrameworks/CoreTime.framework/Versions/A/CoreTime
0x00007ff81d6b4000 	/usr/lib/libiconv.2.dylib
0x00007ff81d610000 	/usr/lib/libcharset.1.dylib
0x00007ffd11817000 	/System/Library/PrivateFrameworks/PoirotSQLite.framework/Versions/A/PoirotSQLite
0x00007ffe12465000 	/usr/lib/swift/libswift_RegexParser.dylib
0x00007ffb27a1b000 	/System/Library/PrivateFrameworks/CascadeSets.framework/Versions/A/CascadeSets
0x00007ff8221b5000 	/System/Library/PrivateFrameworks/CorePhoneNumbers.framework/Versions/A/CorePhoneNumbers
0x00007ff81f89a000 	/System/Library/PrivateFrameworks/AppleJPEG.framework/Versions/A/AppleJPEG
0x00007ff81f29b000 	/usr/lib/libexpat.1.dylib
0x00007ff82018a000 	/System/Library/Frameworks/ImageIO.framework/Versions/A/Resources/libPng.dylib
0x00007ff8201b8000 	/System/Library/Frameworks/ImageIO.framework/Versions/A/Resources/libTIFF.dylib
0x00007ff8202a7000 	/System/Library/Frameworks/ImageIO.framework/Versions/A/Resources/libGIF.dylib
0x00007ff81f8e6000 	/System/Library/Frameworks/ImageIO.framework/Versions/A/Resources/libJP2.dylib
0x00007ff820249000 	/System/Library/Frameworks/ImageIO.framework/Versions/A/Resources/libJPEG.dylib
0x00007ff820240000 	/System/Library/Frameworks/ImageIO.framework/Versions/A/Resources/libRadiance.dylib
0x00007ffc1833c000 	/System/Library/PrivateFrameworks/GPUCompiler.framework/Versions/32023/Libraries/libllvm-flatbuffers.dylib
0x00007ffc12c25000 	/System/Library/PrivateFrameworks/FramePacing.framework/Versions/A/FramePacing
0x00007ffb1595c000 	/System/Library/Frameworks/OpenGL.framework/Versions/A/Libraries/libCoreFSCache.dylib
0x00007ffc13b8d000 	/System/Library/PrivateFrameworks/GPUCompiler.framework/Versions/32023/Libraries/libGPUCompilerUtils.dylib
0x00007ff8287c3000 	/System/Library/PrivateFrameworks/GraphicsServices.framework/Versions/A/GraphicsServices
0x00007ffb159ba000 	/System/Library/Frameworks/OpenGL.framework/Versions/A/Libraries/libGLU.dylib
0x00007ffb1597c000 	/System/Library/Frameworks/OpenGL.framework/Versions/A/Libraries/libGFXShared.dylib
0x00007ffb15b7b000 	/System/Library/Frameworks/OpenGL.framework/Versions/A/Libraries/libGL.dylib
0x00007ffb15985000 	/System/Library/Frameworks/OpenGL.framework/Versions/A/Libraries/libGLImage.dylib
0x00007ffb15979000 	/System/Library/Frameworks/OpenGL.framework/Versions/A/Libraries/libCVMSPluginSupport.dylib
0x00007ffb15964000 	/System/Library/Frameworks/OpenGL.framework/Versions/A/Libraries/libCoreVMClient.dylib
0x00007ff820239000 	/System/Library/PrivateFrameworks/GPUWrangler.framework/Versions/A/GPUWrangler
0x00007ff82021d000 	/System/Library/PrivateFrameworks/IOPresentment.framework/Versions/A/IOPresentment
0x00007ff820243000 	/System/Library/PrivateFrameworks/DSExternalDisplay.framework/Versions/A/DSExternalDisplay
0x00007ffd266b0000 	/System/Library/PrivateFrameworks/VideoToolboxParavirtualizationSupport.framework/Versions/A/VideoToolboxParavirtualizationSupport
0x00007ff81f24e000 	/System/Library/PrivateFrameworks/AppleVA.framework/Versions/A/AppleVA
0x00007ffb186b5000 	/System/Library/Frameworks/ExtensionFoundation.framework/Versions/A/ExtensionFoundation
0x00007ff8202ad000 	/System/Library/PrivateFrameworks/CMCaptureCore.framework/Versions/A/CMCaptureCore
0x00007ff81f524000 	/System/Library/PrivateFrameworks/AppServerSupport.framework/Versions/A/AppServerSupport
0x00007ff821fb6000 	/System/Library/PrivateFrameworks/perfdata.framework/Versions/A/perfdata
0x00007ff80f54a000 	/System/Library/PrivateFrameworks/AudioToolboxCore.framework/Versions/A/AudioToolboxCore
0x00007ff819cf1000 	/System/Library/PrivateFrameworks/caulk.framework/Versions/A/caulk
0x00007ff821ba8000 	/usr/lib/libAudioStatistics.dylib
0x00007ff918ad4000 	/System/Library/PrivateFrameworks/SystemPolicy.framework/Versions/A/SystemPolicy
0x00007ff821e58000 	/usr/lib/libSMC.dylib
0x00007ff920769000 	/usr/lib/swift/libswiftCoreMIDI.dylib
0x00007ff90b175000 	/System/Library/Frameworks/CoreMIDI.framework/Versions/A/CoreMIDI
0x00007ff820168000 	/usr/lib/libAudioToolboxUtility.dylib
0x00007ff821fc4000 	/usr/lib/libperfcheck.dylib
0x00007ffb2558c000 	/System/Library/PrivateFrameworks/AudioAnalytics.framework/Versions/A/AudioAnalytics
0x00007ffa2053e000 	/System/Library/Frameworks/OSLog.framework/Versions/A/OSLog
0x00007ffd0d912000 	/System/Library/PrivateFrameworks/OSEligibility.framework/Versions/A/OSEligibility
0x00007ffb19864000 	/System/Library/Frameworks/LightweightCodeRequirements.framework/Versions/A/LightweightCodeRequirements
0x00007ff81f189000 	/System/Library/PrivateFrameworks/PlugInKit.framework/Versions/A/PlugInKit
0x00007ff81c6b3000 	/System/Library/PrivateFrameworks/AssertionServices.framework/Versions/A/AssertionServices
0x00007ff81f2c0000 	/System/Library/PrivateFrameworks/IconFoundation.framework/Versions/A/IconFoundation
0x00007ffc1eb05000 	/System/Library/PrivateFrameworks/IconRendering.framework/Versions/A/IconRendering
0x00007ffd147bc000 	/System/Library/PrivateFrameworks/SFSymbols.framework/Versions/A/SFSymbols
0x00007ffb16660000 	/System/Library/Frameworks/OpenCL.framework/Versions/A/OpenCL
0x00007ff81f4cd000 	/System/Library/PrivateFrameworks/GraphVisualizer.framework/Versions/A/GraphVisualizer
0x00007ffc12b30000 	/System/Library/PrivateFrameworks/FontServices.framework/Versions/A/FontServices
0x00007ff81f4e0000 	/System/Library/PrivateFrameworks/OTSVG.framework/Versions/A/OTSVG
0x00007ff817a0d000 	/System/Library/Frameworks/ApplicationServices.framework/Versions/A/Frameworks/ATS.framework/Versions/A/Resources/libFontRegistry.dylib
0x00007ffe115ec000 	/usr/lib/libhvf.dylib
0x00007ffd0e464000 	/System/Library/PrivateFrameworks/ParsingInternal.framework/Versions/A/ParsingInternal
0x00007ffc12b34000 	/System/Library/PrivateFrameworks/FontServices.framework/libXTFontStaticRegistryData.dylib
0x00007ff81ad55000 	/System/Library/Frameworks/MetalPerformanceShaders.framework/Versions/A/Frameworks/MPSCore.framework/Versions/A/MPSCore
0x00007ff81cfdc000 	/System/Library/Frameworks/MetalPerformanceShaders.framework/Versions/A/Frameworks/MPSImage.framework/Versions/A/MPSImage
0x00007ff81c831000 	/System/Library/Frameworks/MetalPerformanceShaders.framework/Versions/A/Frameworks/MPSNeuralNetwork.framework/Versions/A/MPSNeuralNetwork
0x00007ff81cd7a000 	/System/Library/Frameworks/MetalPerformanceShaders.framework/Versions/A/Frameworks/MPSMatrix.framework/Versions/A/MPSMatrix
0x00007ff81cb30000 	/System/Library/Frameworks/MetalPerformanceShaders.framework/Versions/A/Frameworks/MPSRayIntersector.framework/Versions/A/MPSRayIntersector
0x00007ff81cdb9000 	/System/Library/Frameworks/MetalPerformanceShaders.framework/Versions/A/Frameworks/MPSNDArray.framework/Versions/A/MPSNDArray
0x00007ffb1a6ce000 	/System/Library/Frameworks/MetalPerformanceShaders.framework/Versions/A/Frameworks/MPSFunctions.framework/Versions/A/MPSFunctions
0x00007ffb1a6ae000 	/System/Library/Frameworks/MetalPerformanceShaders.framework/Versions/A/Frameworks/MPSBenchmarkLoop.framework/Versions/A/MPSBenchmarkLoop
0x00007ffb1a6e3000 	/System/Library/Frameworks/MetalPerformanceShaders.framework/Versions/A/Frameworks/MPSHost.framework/Versions/A/MPSHost
0x00007ff80d823000 	/System/Library/PrivateFrameworks/MetalTools.framework/Versions/A/MetalTools
0x00007ff91f071000 	/System/Library/PrivateFrameworks/IOAccelMemoryInfo.framework/Versions/A/IOAccelMemoryInfo
0x00007ffa0dc34000 	/System/Library/PrivateFrameworks/kperf.framework/Versions/A/kperf
0x00007ff919a7f000 	/System/Library/PrivateFrameworks/GPURawCounter.framework/Versions/A/GPURawCounter
0x00007ffa1bcb8000 	/System/Library/PrivateFrameworks/Symbolication.framework/Versions/A/Symbolication
0x00007ffd1140f000 	/System/Library/PrivateFrameworks/PhotosensitivityProcessing.framework/Versions/A/PhotosensitivityProcessing
0x00007ff828b19000 	/System/Library/PrivateFrameworks/CoreSymbolication.framework/Versions/A/CoreSymbolication
0x00007ff9199f8000 	/System/Library/PrivateFrameworks/MallocStackLogging.framework/Versions/A/MallocStackLogging
0x00007ff828afb000 	/System/Library/PrivateFrameworks/DebugSymbols.framework/Versions/A/DebugSymbols
0x00007ffa0c446000 	/System/Library/PrivateFrameworks/OSAnalytics.framework/Versions/A/OSAnalytics
0x00007ffc10bcf000 	/System/Library/PrivateFrameworks/DeviceRecovery.framework/Versions/A/DeviceRecovery
0x00007ff81d3b8000 	/System/Library/Frameworks/UserNotifications.framework/Versions/A/UserNotifications
0x00007ff91f6ec000 	/System/Library/PrivateFrameworks/SiriInstrumentation.framework/Versions/A/SiriInstrumentation
0x00007ffd1691f000 	/System/Library/PrivateFrameworks/SiriAnalytics.framework/Versions/A/SiriAnalytics
0x00007ff91ce36000 	/System/Library/PrivateFrameworks/FeedbackLogger.framework/Versions/A/FeedbackLogger
0x00007ffa17e82000 	/usr/lib/swift/libswiftAVFoundation.dylib
0x00007ffd247eb000 	/System/Library/PrivateFrameworks/UnifiedAssetFramework.framework/Versions/A/UnifiedAssetFramework
0x00007ff821b2c000 	/System/Library/PrivateFrameworks/AudioSession.framework/Versions/A/AudioSession
0x00007ff81f3e7000 	/System/Library/PrivateFrameworks/MediaExperience.framework/Versions/A/MediaExperience
0x00007ff821916000 	/System/Library/PrivateFrameworks/AudioSession.framework/libSessionUtility.dylib
0x00007ff827331000 	/System/Library/Frameworks/CoreBluetooth.framework/Versions/A/CoreBluetooth
0x00007ff81c530000 	/System/Library/PrivateFrameworks/CoreUtils.framework/Versions/A/CoreUtils
0x00007ff9116c1000 	/System/Library/PrivateFrameworks/HID.framework/Versions/A/HID
0x00007ffc0fc71000 	/System/Library/PrivateFrameworks/CoreUtilsExtras.framework/Versions/A/CoreUtilsExtras
0x00007ffc1ea53000 	/System/Library/PrivateFrameworks/IO80211.framework/Versions/A/IO80211
0x00007ff823af8000 	/System/Library/Frameworks/IOBluetooth.framework/Versions/A/IOBluetooth
0x00007ffe1225f000 	/usr/lib/swift/libswiftRegexBuilder.dylib
0x00007ff81f02f000 	/usr/lib/libIOReport.dylib
0x00007ffa283c7000 	/System/Library/PrivateFrameworks/WiFiPeerToPeer.framework/Versions/A/WiFiPeerToPeer
0x00007ff81c6c0000 	/System/Library/Frameworks/SecurityFoundation.framework/Versions/A/SecurityFoundation
0x00007ff80dbf6000 	/System/Library/PrivateFrameworks/Lexicon.framework/Versions/A/Lexicon
0x00007ffe11a49000 	/usr/lib/libmrc.dylib
0x00007ffc1eac5000 	/System/Library/PrivateFrameworks/IPConfiguration.framework/Versions/A/IPConfiguration
0x00007ffa1c3eb000 	/System/Library/PrivateFrameworks/Netrb.framework/Versions/A/Netrb
0x00007ff81c819000 	/usr/lib/libgermantok.dylib
0x00007ff81af38000 	/System/Library/PrivateFrameworks/LinguisticData.framework/Versions/A/LinguisticData
0x00007ff827534000 	/System/Library/PrivateFrameworks/MediaKit.framework/Versions/A/MediaKit
0x00007ff82748e000 	/System/Library/Frameworks/DiscRecording.framework/Versions/A/DiscRecording
0x00007ff81f2b7000 	/usr/lib/libheimdal-asn1.dylib
0x00007ff82b207000 	/System/Library/Frameworks/AudioUnit.framework/Versions/A/AudioUnit
0x00007ff817d2a000 	/System/Library/Frameworks/OpenDirectory.framework/Versions/A/OpenDirectory
0x00007ff817d36000 	/System/Library/Frameworks/OpenDirectory.framework/Versions/A/Frameworks/CFOpenDirectory.framework/Versions/A/CFOpenDirectory
0x00007ff823e58000 	/System/Library/PrivateFrameworks/GeoServices.framework/Versions/A/GeoServices
0x00007ff8218df000 	/System/Library/PrivateFrameworks/LocationSupport.framework/Versions/A/LocationSupport
0x00007ffc1b937000 	/System/Library/PrivateFrameworks/GeoServicesCore.framework/Versions/A/GeoServicesCore
0x00007ff912563000 	/System/Library/PrivateFrameworks/PhoneNumbers.framework/Versions/A/PhoneNumbers
0x00007ffc2362f000 	/System/Library/PrivateFrameworks/LocationLogEncryption.framework/Versions/A/LocationLogEncryption
0x00007ffb16d94000 	/System/Library/Frameworks/AVFAudio.framework/Versions/A/AVFAudio
0x00007ffb16ed0000 	/System/Library/Frameworks/AVRouting.framework/Versions/A/AVRouting
0x00007ff91265c000 	/usr/lib/libAccessibility.dylib
0x00007ffc222d8000 	/System/Library/PrivateFrameworks/IsolatedCoreAudioClient.framework/Versions/A/IsolatedCoreAudioClient
0x00007ffd2231b000 	/System/Library/PrivateFrameworks/Tightbeam.framework/Versions/A/Tightbeam
0x00007ffc0bbf9000 	/System/Library/PrivateFrameworks/CoreAudioOrchestration.framework/Versions/A/CoreAudioOrchestration
0x00007ffa12a5e000 	/System/Library/PrivateFrameworks/AFKUser.framework/Versions/A/AFKUser
0x00007ff8207b5000 	/System/Library/Frameworks/MediaToolbox.framework/Versions/A/MediaToolbox
0x00007ff827a12000 	/System/Library/PrivateFrameworks/CoreAVCHD.framework/Versions/A/CoreAVCHD
0x00007ff82661c000 	/System/Library/Frameworks/MediaAccessibility.framework/Versions/A/MediaAccessibility
0x00007ff827a0e000 	/System/Library/PrivateFrameworks/Mangrove.framework/Versions/A/Mangrove
0x00007ffb271bb000 	/System/Library/PrivateFrameworks/CMPhoto.framework/Versions/A/CMPhoto
0x00007ff8281bf000 	/System/Library/Frameworks/CoreTelephony.framework/Versions/A/CoreTelephony
0x00007ff8289c2000 	/System/Library/PrivateFrameworks/AppleVPA.framework/Versions/A/AppleVPA
0x00007ff827653000 	/System/Library/PrivateFrameworks/CoreAUC.framework/Versions/A/CoreAUC
0x00007ffb24346000 	/System/Library/PrivateFrameworks/AppleJPEGXL.framework/Versions/A/AppleJPEGXL
0x00007ff8221c4000 	/usr/lib/libTelephonyUtilDynamic.dylib
0x00007ffa235c9000 	/System/Library/Frameworks/CryptoKit.framework/Versions/A/CryptoKit
0x00007ff82b202000 	/System/Library/PrivateFrameworks/CryptoKitCBridging.framework/Versions/A/CryptoKitCBridging
0x00007ff8287d3000 	/System/Library/Frameworks/CryptoTokenKit.framework/Versions/A/CryptoTokenKit
0x00007ffc106dd000 	/System/Library/PrivateFrameworks/Dendrite.framework/Versions/A/Dendrite
0x00007ff919647000 	/System/Library/Frameworks/NaturalLanguage.framework/Versions/A/NaturalLanguage
0x00007ffa28354000 	/usr/lib/swift/libswiftNaturalLanguage.dylib
0x00007ffb2500a000 	/System/Library/PrivateFrameworks/AppleMobileFileIntegrity.framework/Versions/A/AppleMobileFileIntegrity
0x00007ffe109f6000 	/usr/lib/libTLE.dylib
0x00007ff919a28000 	/usr/lib/libmis.dylib
0x00007ffb10edf000 	/System/Library/PrivateFrameworks/ConfigProfileHelper.framework/Versions/A/ConfigProfileHelper
0x00007ff82b384000 	/System/Library/PrivateFrameworks/Espresso.framework/Versions/A/Espresso
0x00007ff818485000 	/System/Library/Frameworks/CoreML.framework/Versions/A/CoreML
0x00007ffa263b7000 	/usr/lib/libedit.3.dylib
0x00007ffb114c3000 	/System/Library/PrivateFrameworks/ANECompiler.framework/Versions/A/ANECompiler
0x00007ff90af9d000 	/System/Library/PrivateFrameworks/AppleNeuralEngine.framework/Versions/A/AppleNeuralEngine
0x00007ffc2373f000 	/System/Library/PrivateFrameworks/MIL.framework/Versions/A/MIL
0x00007ffb1a6ea000 	/System/Library/Frameworks/MetalPerformanceShadersGraph.framework/Versions/A/MetalPerformanceShadersGraph
0x00007ffc23f11000 	/System/Library/PrivateFrameworks/MLCompilerServices.framework/Versions/A/MLCompilerServices
0x00007ff82c2bd000 	/System/Library/PrivateFrameworks/ANEServices.framework/Versions/A/ANEServices
0x00007ff91f036000 	/usr/lib/libncurses.5.4.dylib
0x00007ff810e0a000 	/usr/lib/libsandbox.1.dylib
0x00007ff81f1cc000 	/usr/lib/libMatch.1.dylib
0x00007ffd0d6cf000 	/System/Library/PrivateFrameworks/ODIE.framework/Versions/A/ODIE
0x00007ffc26ce7000 	/System/Library/PrivateFrameworks/MLModelAsset.framework/Versions/A/MLModelAsset
0x00007ffc23eb7000 	/System/Library/PrivateFrameworks/MLCompilerRuntime.framework/Versions/A/MLCompilerRuntime
0x00007ff81cb92000 	/System/Library/Frameworks/MLCompute.framework/Versions/A/MLCompute
0x00007ffc23e3e000 	/System/Library/PrivateFrameworks/MLAssetIO.framework/Versions/A/MLAssetIO
0x00007ffe12236000 	/usr/lib/swift/libswiftMLCompute.dylib
0x00007ff8283be000 	/System/Library/PrivateFrameworks/AVFCore.framework/Versions/A/AVFCore
0x00007ff90ff47000 	/System/Library/PrivateFrameworks/AVFCapture.framework/Versions/A/AVFCapture
0x00007ffb27064000 	/System/Library/PrivateFrameworks/CMImaging.framework/Versions/A/CMImaging
0x00007ff910196000 	/System/Library/PrivateFrameworks/Quagga.framework/Versions/A/Quagga
0x00007ff9102c1000 	/System/Library/PrivateFrameworks/CMCapture.framework/Versions/A/CMCapture
0x00007ff821d49000 	/System/Library/Frameworks/CoreMediaIO.framework/Versions/A/CoreMediaIO
0x00007ffb26f9c000 	/System/Library/PrivateFrameworks/CMCaptureDevice.framework/Versions/A/CMCaptureDevice
0x00007ff81f606000 	/System/Library/PrivateFrameworks/CoreBrightness.framework/Versions/A/CoreBrightness
0x00007ffb27ee2000 	/System/Library/PrivateFrameworks/CinematicFraming.framework/Versions/A/CinematicFraming
0x00007ffc29cc2000 	/System/Library/PrivateFrameworks/ModelManagerServices.framework/Versions/A/ModelManagerServices
0x00007ffd1fa69000 	/System/Library/PrivateFrameworks/SystemStatus.framework/Versions/A/SystemStatus
0x00007ff9184cf000 	/System/Library/Frameworks/CoreMotion.framework/Versions/A/CoreMotion
0x00007ff928da5000 	/System/Library/PrivateFrameworks/TimeSync.framework/Versions/A/TimeSync
0x00007ffc10fb8000 	/System/Library/PrivateFrameworks/DistributedSensing.framework/Versions/A/DistributedSensing
0x00007ff923f02000 	/System/Library/PrivateFrameworks/MobileBluetooth.framework/Versions/A/MobileBluetooth
0x00007ffa0b069000 	/System/Library/PrivateFrameworks/IOKitten.framework/Versions/A/IOKitten
0x00007ffb241e9000 	/System/Library/PrivateFrameworks/AppleIntelligenceReporting.framework/Versions/A/AppleIntelligenceReporting
0x00007ff81c446000 	/System/Library/PrivateFrameworks/CoreEmoji.framework/Versions/A/CoreEmoji
0x00007ff80df58000 	/usr/lib/libCRFSuite.dylib
0x00007ff80f277000 	/System/Library/PrivateFrameworks/LanguageModeling.framework/Versions/A/LanguageModeling
0x00007ff81ae2a000 	/System/Library/PrivateFrameworks/CoreNLP.framework/Versions/A/CoreNLP
0x00007ff81442f000 	/System/Library/PrivateFrameworks/Montreal.framework/Versions/A/Montreal
0x00007ff81d6bb000 	/usr/lib/libcmph.dylib
0x00007ff81c7be000 	/usr/lib/libmecab.dylib
0x00007ff81d800000 	/usr/lib/libThaiTokenizer.dylib
0x00007ffc1b73a000 	/System/Library/PrivateFrameworks/GenerativeModelsFoundation.framework/Versions/A/GenerativeModelsFoundation
0x00007ffd22796000 	/System/Library/PrivateFrameworks/TokenGeneration.framework/Versions/A/TokenGeneration
0x00007ffc1b569000 	/System/Library/PrivateFrameworks/GenerativeFunctions.framework/Versions/A/GenerativeFunctions
0x00007ffc1b5ac000 	/System/Library/PrivateFrameworks/GenerativeFunctionsFoundation.framework/Versions/A/GenerativeFunctionsFoundation
0x00007ffc29971000 	/System/Library/PrivateFrameworks/ModelCatalog.framework/Versions/A/ModelCatalog
0x00007ffd15ca5000 	/System/Library/PrivateFrameworks/SensitiveContentAnalysisML.framework/Versions/A/SensitiveContentAnalysisML
0x00007ffc1b626000 	/System/Library/PrivateFrameworks/GenerativeFunctionsInstrumentation.framework/Versions/A/GenerativeFunctionsInstrumentation
0x00007ffd12f64000 	/System/Library/PrivateFrameworks/PromptKit.framework/Versions/A/PromptKit
0x00007ffd12a12000 	/System/Library/PrivateFrameworks/ProactiveDaemonSupport.framework/Versions/A/ProactiveDaemonSupport
0x00007ffd22967000 	/System/Library/PrivateFrameworks/TokenGenerationCore.framework/Versions/A/TokenGenerationCore
0x00007ff91a5c3000 	/System/Library/PrivateFrameworks/Trial.framework/Versions/A/Trial
0x00007ff91a545000 	/System/Library/PrivateFrameworks/TrialProto.framework/Versions/A/TrialProto
0x00007ffb23ea0000 	/System/Library/PrivateFrameworks/AppleFlatBuffers.framework/Versions/A/AppleFlatBuffers
0x00007ffd15f0b000 	/System/Library/PrivateFrameworks/SentencePieceInternal.framework/Versions/A/SentencePieceInternal
0x00007ff826670000 	/System/Library/Frameworks/Vision.framework/Versions/A/Vision
0x00007ffc0f933000 	/System/Library/PrivateFrameworks/CoreSceneUnderstanding.framework/Versions/A/CoreSceneUnderstanding
0x00007ffd27219000 	/System/Library/PrivateFrameworks/VisionCore.framework/Versions/A/VisionCore
0x00007ff922c3f000 	/System/Library/Frameworks/Vision.framework/libfaceCore.dylib
0x00007ff92395e000 	/System/Library/PrivateFrameworks/Futhark.framework/Versions/A/Futhark
0x00007ff927bb4000 	/System/Library/PrivateFrameworks/InertiaCam.framework/Versions/A/InertiaCam
0x00007ff9236c6000 	/System/Library/PrivateFrameworks/TextRecognition.framework/Versions/A/TextRecognition
0x00007ff81f06b000 	/System/Library/PrivateFrameworks/CVNLP.framework/Versions/A/CVNLP
0x00007ffa20a38000 	/System/Library/PrivateFrameworks/HIDDisplay.framework/Versions/A/HIDDisplay
0x00007ff820279000 	/System/Library/Frameworks/ApplicationServices.framework/Versions/A/Frameworks/ATSUI.framework/Versions/A/ATSUI
0x00007ff821f39000 	/usr/lib/libcups.2.dylib
0x00007ff821fd3000 	/System/Library/Frameworks/Kerberos.framework/Versions/A/Kerberos
0x00007ff821c36000 	/usr/lib/libresolv.9.dylib
0x00007ff81f539000 	/System/Library/PrivateFrameworks/Heimdal.framework/Versions/A/Heimdal
0x00007ff82b206000 	/System/Library/Frameworks/Kerberos.framework/Versions/A/Libraries/libHeimdalProxy.dylib
0x00007ff82202b000 	/System/Library/PrivateFrameworks/CommonAuth.framework/Versions/A/CommonAuth
0x00007ff91256d000 	/System/Library/PrivateFrameworks/AXCoreUtilities.framework/Versions/A/AXCoreUtilities
0x00007ffe1055b000 	/usr/lib/libAXSafeCategoryBundle.dylib
0x00007ffb1ea7f000 	/System/Library/Frameworks/TabularData.framework/Versions/A/TabularData
0x00007ffb251ab000 	/System/Library/PrivateFrameworks/ArgumentParserInternal.framework/Versions/A/ArgumentParserInternal
0x00007ff81c22c000 	/System/Library/Frameworks/Accelerate.framework/Versions/A/Frameworks/vecLib.framework/Versions/A/libvDSP.dylib
0x00007ff81d9d9000 	/System/Library/Frameworks/Accelerate.framework/Versions/A/Frameworks/vecLib.framework/Versions/A/libLAPACK.dylib
0x00007ff81c81c000 	/System/Library/Frameworks/Accelerate.framework/Versions/A/Frameworks/vecLib.framework/Versions/A/libLinearAlgebra.dylib
0x00007ff81d844000 	/System/Library/Frameworks/Accelerate.framework/Versions/A/Frameworks/vecLib.framework/Versions/A/libSparseBLAS.dylib
0x00007ff81d9d3000 	/System/Library/Frameworks/Accelerate.framework/Versions/A/Frameworks/vecLib.framework/Versions/A/libQuadrature.dylib
0x00007ff81af3e000 	/System/Library/Frameworks/Accelerate.framework/Versions/A/Frameworks/vecLib.framework/Versions/A/libBNNS.dylib
0x00007ff80dcfc000 	/System/Library/Frameworks/Accelerate.framework/Versions/A/Frameworks/vecLib.framework/Versions/A/libSparse.dylib
0x00007ff821f9c000 	/System/Library/PrivateFrameworks/NetAuth.framework/Versions/A/NetAuth
0x00007ff817f34000 	/System/Library/PrivateFrameworks/login.framework/Versions/A/Frameworks/loginsupport.framework/Versions/A/loginsupport
0x00007ff81c78c000 	/usr/lib/libCheckFix.dylib
0x00007ff81698d000 	/System/Library/PrivateFrameworks/MetadataUtilities.framework/Versions/A/MetadataUtilities
0x00007ffc1f453000 	/System/Library/PrivateFrameworks/InstalledContentLibrary.framework/Versions/A/InstalledContentLibrary
0x00007ff810cec000 	/System/Library/PrivateFrameworks/CoreServicesStore.framework/Versions/A/CoreServicesStore
0x00007ffa0dd3e000 	/System/Library/PrivateFrameworks/MobileSystemServices.framework/Versions/A/MobileSystemServices
0x00007ff81ed38000 	/usr/lib/libxslt.1.dylib
0x00007ff81c74f000 	/System/Library/PrivateFrameworks/BackgroundTaskManagement.framework/Versions/A/BackgroundTaskManagement
0x00007ff82a972000 	/usr/lib/libcurl.4.dylib
0x00007ffe11396000 	/usr/lib/libcrypto.46.dylib
0x00007ffe11f53000 	/usr/lib/libssl.48.dylib
0x00007ff82a652000 	/System/Library/Frameworks/LDAP.framework/Versions/A/LDAP
0x00007ff82a68c000 	/System/Library/PrivateFrameworks/TrustEvaluationAgent.framework/Versions/A/TrustEvaluationAgent
0x00007ff821c53000 	/usr/lib/libsasl2.2.dylib
0x00007ff91695a000 	/usr/lib/swift/libswiftCoreGraphics.dylib
0x00007ff826cdc000 	/usr/lib/swift/libswiftFoundation.dylib
0x00007ffb108a9000 	/usr/lib/swift/libswiftSwiftOnoneSupport.dylib
0x00007ffe12598000 	/usr/lib/swift/libswiftsys_time.dylib
0x00007ffa1c426000 	/System/Library/PrivateFrameworks/CoreMaterial.framework/Versions/A/CoreMaterial
0x00007ffe109f5000 	/usr/lib/libSpatial.dylib
0x00007ffe10473000 	/System/Library/SubFrameworks/UIUtilities.framework/Versions/A/UIUtilities
0x000000010e3e5000 	/Users/zvwgvx/.cache/rbw-forge-ui/jdk8u502-b07/Contents/Home/jre/lib/server/libjvm.dylib
0x0000000108729000 	/Users/zvwgvx/.cache/rbw-forge-ui/jdk8u502-b07/Contents/Home/jre/lib/libverify.dylib
0x000000010d800000 	/Users/zvwgvx/.cache/rbw-forge-ui/jdk8u502-b07/Contents/Home/jre/lib/libjava.dylib
0x0000000108780000 	/Users/zvwgvx/.cache/rbw-forge-ui/jdk8u502-b07/Contents/Home/jre/lib/libzip.dylib
0x000000012acbb000 	/Users/zvwgvx/.cache/rbw-forge-ui/jdk8u502-b07/Contents/Home/jre/lib/libnio.dylib
0x000000012ad1e000 	/Users/zvwgvx/.cache/rbw-forge-ui/jdk8u502-b07/Contents/Home/jre/lib/libnet.dylib
0x000000012ad9d000 	/Users/zvwgvx/.cache/rbw-forge-ui/jdk8u502-b07/Contents/Home/jre/lib/libmanagement.dylib
0x000000012bf7c000 	/Users/zvwgvx/.cache/rbw-forge-ui/jdk8u502-b07/Contents/Home/jre/lib/libawt.dylib
0x000000012c1af000 	/Users/zvwgvx/.cache/rbw-forge-ui/jdk8u502-b07/Contents/Home/jre/lib/libmlib_image.dylib
0x00007ffb1984c000 	/System/Library/Frameworks/JavaNativeFoundation.framework/Versions/A/JavaNativeFoundation
0x00007ffb19855000 	/System/Library/Frameworks/JavaRuntimeSupport.framework/Versions/A/JavaRuntimeSupport
0x00007ff9184ce000 	/System/Library/Frameworks/Carbon.framework/Versions/A/Carbon
0x00007ff90d95c000 	/System/Library/Frameworks/Carbon.framework/Versions/A/Frameworks/CommonPanels.framework/Versions/A/CommonPanels
0x00007ff82a95f000 	/System/Library/Frameworks/Carbon.framework/Versions/A/Frameworks/Help.framework/Versions/A/Help
0x00007ff90d960000 	/System/Library/Frameworks/Carbon.framework/Versions/A/Frameworks/ImageCapture.framework/Versions/A/ImageCapture
0x00007ff90d93d000 	/System/Library/Frameworks/Carbon.framework/Versions/A/Frameworks/OpenScripting.framework/Versions/A/OpenScripting
0x00007ff90d95b000 	/System/Library/Frameworks/Carbon.framework/Versions/A/Frameworks/Ink.framework/Versions/A/Ink
0x00007ff90d958000 	/System/Library/Frameworks/Carbon.framework/Versions/A/Frameworks/SecurityHI.framework/Versions/A/SecurityHI
0x00007ffe10886000 	/usr/lib/libInterpreterSecurity.dylib
0x00007ffa0fb39000 	/System/Library/PrivateFrameworks/XprotectFramework.framework/Versions/A/XprotectFramework
0x00007ff9119d0000 	/System/Library/PrivateFrameworks/yara.framework/Versions/A/yara
0x00007ffe10874000 	/usr/lib/libEndpointSecuritySystem.dylib
0x000000012c31e000 	/Users/zvwgvx/.cache/rbw-forge-ui/jdk8u502-b07/Contents/Home/jre/lib/libawt_lwawt.dylib
0x000000012bf0f000 	/Users/zvwgvx/.cache/rbw-forge-ui/jdk8u502-b07/Contents/Home/jre/lib/libosxapp.dylib
0x00007ff9169be000 	/System/Library/Frameworks/ExceptionHandling.framework/Versions/A/ExceptionHandling
0x00007ff817bf9000 	/System/Library/PrivateFrameworks/ViewBridge.framework/Versions/A/ViewBridge
0x00007ffb17011000 	/System/Library/Frameworks/AppIntents.framework/Versions/A/AppIntents
0x00007ffb1d2d8000 	/System/Library/Frameworks/RelevanceKit.framework/Versions/A/RelevanceKit
0x00007ff81d406000 	/System/Library/Frameworks/CoreSpotlight.framework/Versions/A/CoreSpotlight
0x00007ffc231f8000 	/System/Library/PrivateFrameworks/LinkServices.framework/Versions/A/LinkServices
0x00007ff826f84000 	/System/Library/Frameworks/Contacts.framework/Versions/A/Contacts
0x00007ffb22ade000 	/System/Library/PrivateFrameworks/AppIntentsTypeSupport.framework/Versions/A/AppIntentsTypeSupport
0x00007ffc11098000 	/System/Library/PrivateFrameworks/DoNotDisturb.framework/Versions/A/DoNotDisturb
0x00007ffc2305b000 	/System/Library/PrivateFrameworks/LinkMetadata.framework/Versions/A/LinkMetadata
0x00007ff919aa3000 	/usr/lib/swift/libswiftIntents.dylib
0x00007ff91f18d000 	/System/Library/PrivateFrameworks/IntentsCore.framework/Versions/A/IntentsCore
0x00007ffb25966000 	/System/Library/PrivateFrameworks/AvailabilityKit.framework/Versions/A/AvailabilityKit
0x00007ffb22771000 	/System/Library/PrivateFrameworks/AppIntentSchemas.framework/Versions/A/AppIntentSchemas
0x00007ffb18ea0000 	/System/Library/Frameworks/GeoToolbox.framework/Versions/A/GeoToolbox
0x00007ffc18968000 	/System/Library/PrivateFrameworks/GRDBInternal.framework/Versions/A/GRDBInternal
0x00007ffd1e46c000 	/System/Library/PrivateFrameworks/StatusKit.framework/Versions/A/StatusKit
0x00007ff826dae000 	/System/Library/PrivateFrameworks/ContactsPersistence.framework/Versions/A/ContactsPersistence
0x00007ff825f3b000 	/System/Library/PrivateFrameworks/AppleLDAP.framework/Versions/A/AppleLDAP
0x00007ff82ad0c000 	/System/Library/Frameworks/ClassKit.framework/Versions/A/ClassKit
0x00007ff90aa1e000 	/System/Library/PrivateFrameworks/CoreSuggestions.framework/Versions/A/CoreSuggestions
0x00007ff826cdd000 	/System/Library/PrivateFrameworks/ContactsFoundation.framework/Versions/A/ContactsFoundation
0x00007ff828788000 	/System/Library/PrivateFrameworks/vCard.framework/Versions/A/vCard
0x00007ffb290d8000 	/System/Library/PrivateFrameworks/ContactsMetrics.framework/Versions/A/ContactsMetrics
0x00007ff81f5e5000 	/System/Library/PrivateFrameworks/login.framework/Versions/A/login
0x00007ffc27681000 	/System/Library/PrivateFrameworks/ManagedOrganizationContacts.framework/Versions/A/ManagedOrganizationContacts
0x00007ff8183b0000 	/System/Library/PrivateFrameworks/CloudDocs.framework/Versions/A/CloudDocs
0x00007ff911f24000 	/System/Library/PrivateFrameworks/ProactiveEventTracker.framework/Versions/A/ProactiveEventTracker
0x00007ff827c1b000 	/System/Library/PrivateFrameworks/GenerationalStorage.framework/Versions/A/GenerationalStorage
0x00007ff82211f000 	/System/Library/PrivateFrameworks/CacheDelete.framework/Versions/A/CacheDelete
0x00007ff82b33b000 	/System/Library/Frameworks/QuickLookThumbnailing.framework/Versions/A/QuickLookThumbnailing
0x00007ff827a3d000 	/System/Library/Frameworks/FileProvider.framework/Versions/A/FileProvider
0x00007ff81285e000 	/System/Library/PrivateFrameworks/DesktopServicesPriv.framework/Versions/A/DesktopServicesPriv
0x00007ff91951c000 	/System/Library/PrivateFrameworks/FTServices.framework/Versions/A/FTServices
0x00007ff911677000 	/System/Library/PrivateFrameworks/CloudServices.framework/Versions/A/CloudServices
0x00007ff8196f3000 	/System/Library/Frameworks/CoreLocation.framework/Versions/A/CoreLocation
0x00007ff829a6a000 	/System/Library/Frameworks/Intents.framework/Versions/A/Intents
0x00007ff81d0ce000 	/System/Library/PrivateFrameworks/AuthKit.framework/Versions/A/AuthKit
0x00007ff92074c000 	/usr/lib/swift/libswiftCoreLocation.dylib
0x00007ff823756000 	/System/Library/PrivateFrameworks/Sharing.framework/Versions/A/Sharing
0x00007ff823133000 	/System/Library/PrivateFrameworks/IDSFoundation.framework/Versions/A/IDSFoundation
0x00007ff82a14b000 	/System/Library/PrivateFrameworks/Apple80211.framework/Versions/A/Apple80211
0x00007ff81c4b2000 	/System/Library/Frameworks/CoreWLAN.framework/Versions/A/CoreWLAN
0x00007ff82186b000 	/System/Library/PrivateFrameworks/IMFoundation.framework/Versions/A/IMFoundation
0x00007ff9119cf000 	/System/Library/PrivateFrameworks/Marco.framework/Versions/A/Marco
0x00007ff814e6f000 	/System/Library/PrivateFrameworks/CommonUtilities.framework/Versions/A/CommonUtilities
0x00007ff90d926000 	/System/Library/PrivateFrameworks/Engram.framework/Versions/A/Engram
0x00007ffe0aec4000 	/System/Library/PrivateFrameworks/XPCDistributed.framework/Versions/A/XPCDistributed
0x00007ff90d8c8000 	/usr/lib/libtidy.A.dylib
0x00007ff81f81d000 	/System/Library/PrivateFrameworks/Bom.framework/Versions/A/Bom
0x00007ff821c73000 	/usr/lib/libParallelCompression.dylib
0x00007ff821c66000 	/System/Library/PrivateFrameworks/MultiverseSupport.framework/Versions/A/MultiverseSupport
0x00007ff827567000 	/System/Library/PrivateFrameworks/DiskManagement.framework/Versions/A/DiskManagement
0x00007ff827481000 	/System/Library/PrivateFrameworks/AppleIDAuthSupport.framework/Versions/A/AppleIDAuthSupport
0x00007ffb1ff2d000 	/System/Library/PrivateFrameworks/AAAFoundation.framework/Versions/A/AAAFoundation
0x00007ff822171000 	/System/Library/PrivateFrameworks/KeychainCircle.framework/Versions/A/KeychainCircle
0x00007ff912564000 	/System/Library/PrivateFrameworks/URLFormatting.framework/Versions/A/URLFormatting
0x00007ff82a967000 	/usr/lib/libcsfde.dylib
0x00007ff81f1d4000 	/usr/lib/libCoreStorage.dylib
0x00007ff823bcc000 	/System/Library/PrivateFrameworks/ProtectedCloudStorage.framework/Versions/A/ProtectedCloudStorage
0x00007ff82a963000 	/System/Library/PrivateFrameworks/EFILogin.framework/Versions/A/EFILogin
0x00007ff827c45000 	/System/Library/PrivateFrameworks/OctagonTrust.framework/Versions/A/OctagonTrust
0x00007ff822f0a000 	/System/Library/PrivateFrameworks/IDS.framework/Versions/A/IDS
0x00007ff828852000 	/System/Library/Frameworks/LocalAuthentication.framework/Versions/A/LocalAuthentication
0x00007ffc23417000 	/System/Library/PrivateFrameworks/LocalAuthenticationCore.framework/Versions/A/LocalAuthenticationCore
0x00007ffc235b4000 	/System/Library/PrivateFrameworks/LocalAuthenticationCredentialServices.framework/Versions/A/LocalAuthenticationCredentialServices
0x00007ff8288b6000 	/System/Library/Frameworks/LocalAuthentication.framework/Support/SharedUtils.framework/Versions/A/SharedUtils
0x00007ffb2543e000 	/System/Library/PrivateFrameworks/AsyncAlgorithmsInternal.framework/Versions/A/AsyncAlgorithmsInternal
0x00007ff9287d5000 	/System/Library/PrivateFrameworks/FTAWD.framework/Versions/A/FTAWD
0x00007ff82b2c7000 	/System/Library/PrivateFrameworks/IntentsFoundation.framework/Versions/A/IntentsFoundation
0x00007ff817f37000 	/System/Library/PrivateFrameworks/ApplePushService.framework/Versions/A/ApplePushService
0x00007ff817f9e000 	/System/Library/Frameworks/CloudKit.framework/Versions/A/CloudKit
0x00007ffa10f7f000 	/System/Library/PrivateFrameworks/DeviceIdentity.framework/Versions/A/DeviceIdentity
0x00007ffb1d71b000 	/System/Library/Frameworks/SharedWithYouCore.framework/Versions/A/SharedWithYouCore
0x00007ffb286af000 	/System/Library/PrivateFrameworks/CloudTelemetry.framework/Versions/A/CloudTelemetry
0x00007ff82add3000 	/System/Library/PrivateFrameworks/AppleAccount.framework/Versions/A/AppleAccount
0x00007ff82b2e0000 	/System/Library/PrivateFrameworks/C2.framework/Versions/A/C2
0x00007ffb2834c000 	/System/Library/PrivateFrameworks/CloudCoreInternal.framework/Versions/A/CloudCoreInternal
0x00007ffb2810f000 	/System/Library/PrivateFrameworks/CloudAsset.framework/Versions/A/CloudAsset
0x00007ff82b2d7000 	/System/Library/Frameworks/PushKit.framework/Versions/A/PushKit
0x00007ffb286cf000 	/System/Library/PrivateFrameworks/CloudTelemetryTools.framework/Versions/A/CloudTelemetryTools
0x00007ffb286c2000 	/System/Library/PrivateFrameworks/CloudTelemetryShared.dylib
0x00007ff90ad09000 	/System/Library/PrivateFrameworks/RTCReporting.framework/Versions/A/RTCReporting
0x00007ffb1ff4c000 	/System/Library/PrivateFrameworks/AAAFoundationSwift.framework/Versions/A/AAAFoundationSwift
0x00007ff82afbb000 	/System/Library/PrivateFrameworks/AppleIDSSOAuthentication.framework/Versions/A/AppleIDSSOAuthentication
0x00007ffb1f778000 	/System/Library/Frameworks/_AppIntents_AppKit.framework/Versions/A/_AppIntents_AppKit
0x000000012d5c5000 	/usr/lib/libobjc-trampolines.dylib
0x00007ff923a5f000 	/System/Library/CoreServices/RawCamera.bundle/Contents/MacOS/RawCamera
0x00007ff92072f000 	/System/Library/Frameworks/Accelerate.framework/Versions/A/Frameworks/vImage.framework/Versions/A/Libraries/libCGInterfaces.dylib
0x00007ffe1055f000 	/usr/lib/libAccessibilityBaseImplementations.dylib
0x00007ffe0a5f2000 	/System/Library/PrivateFrameworks/WritingToolsUI.framework/Versions/A/WritingToolsUI
0x00007ffc1b3de000 	/System/Library/PrivateFrameworks/GenerativeAssistantSettings.framework/Versions/A/GenerativeAssistantSettings
0x00007ffd20238000 	/System/Library/PrivateFrameworks/TextComposer.framework/Versions/A/TextComposer
0x00007ffc1b3b7000 	/System/Library/PrivateFrameworks/GenerativeAssistantCommon.framework/Versions/A/GenerativeAssistantCommon
0x00007ff92180d000 	/System/Library/Frameworks/SwiftUI.framework/Versions/A/SwiftUI
0x00007ffb224e6000 	/System/Library/PrivateFrameworks/Anvil.framework/Versions/A/Anvil
0x00007ffc1b79c000 	/System/Library/PrivateFrameworks/GenerativePartnerService.framework/Versions/A/GenerativePartnerService
0x00007ffc1b7c1000 	/System/Library/PrivateFrameworks/GenerativePartnerServiceUI.framework/Versions/A/GenerativePartnerServiceUI
0x00007ff9196c6000 	/System/Library/Frameworks/SafariServices.framework/Versions/A/SafariServices
0x00007ff916a4b000 	/System/Library/Frameworks/WebKit.framework/Versions/A/WebKit
0x00007ffb1f7a9000 	/System/Library/Frameworks/_AuthenticationServices_SwiftUI.framework/Versions/A/_AuthenticationServices_SwiftUI
0x00007ff920d9c000 	/System/Library/PrivateFrameworks/AppStoreDaemon.framework/Versions/A/AppStoreDaemon
0x00007ff90b3e7000 	/System/Library/PrivateFrameworks/AppleMediaServices.framework/Versions/A/AppleMediaServices
0x00007ff91ce61000 	/System/Library/PrivateFrameworks/AppleMediaServicesUI.framework/Versions/A/AppleMediaServicesUI
0x00007ffb0fec2000 	/System/Library/PrivateFrameworks/JetEngine.framework/Versions/A/JetEngine
0x00007ff91a45f000 	/System/Library/PrivateFrameworks/OnBoardingKit.framework/Versions/A/OnBoardingKit
0x00007ffd161df000 	/System/Library/PrivateFrameworks/Settings.framework/Versions/A/Settings
0x00007ffb1880a000 	/System/Library/Frameworks/ExtensionKit.framework/Versions/A/ExtensionKit
0x00007ffb18848000 	/System/Library/Frameworks/FSKit.framework/Versions/A/FSKit
0x00007ffd20126000 	/System/Library/PrivateFrameworks/TextAnimationSupport.framework/Versions/A/TextAnimationSupport
0x00007ffd1377d000 	/System/Library/PrivateFrameworks/RecapPerformanceTesting.framework/Versions/A/RecapPerformanceTesting
0x00007ff91a450000 	/System/Library/PrivateFrameworks/SignpostCollection.framework/Versions/A/SignpostCollection
0x00007ff90ad33000 	/System/Library/Frameworks/WebKit.framework/Versions/A/Frameworks/WebKitLegacy.framework/Versions/A/WebKitLegacy
0x00007ff82affc000 	/System/Library/PrivateFrameworks/CorePrediction.framework/Versions/A/CorePrediction
0x00007ff818a34000 	/System/Library/Frameworks/WebKit.framework/Versions/A/Frameworks/WebCore.framework/Versions/A/Frameworks/libwebrtc.dylib
0x00007ff821cde000 	/System/Library/Frameworks/SecurityInterface.framework/Versions/A/SecurityInterface
0x00007ff91a45e000 	/System/Library/PrivateFrameworks/WebInspectorUI.framework/Versions/A/WebInspectorUI
0x00007ff90d962000 	/System/Library/Frameworks/JavaScriptCore.framework/Versions/A/JavaScriptCore
0x00007ff91268c000 	/System/Library/Frameworks/WebKit.framework/Versions/A/Frameworks/WebCore.framework/Versions/A/WebCore
0x00007ffb17a9e000 	/System/Library/Frameworks/BrowserEngineCore.framework/Versions/A/BrowserEngineCore
0x00007ffb1f369000 	/System/Library/Frameworks/WebKit.framework/Versions/A/Frameworks/WebCore.framework/Versions/A/Frameworks/libANGLE-shared.dylib
0x00007ffd29086000 	/System/Library/PrivateFrameworks/WebGPU.framework/Versions/A/WebGPU
0x00007ff91c470000 	/System/Library/Frameworks/SceneKit.framework/Versions/A/SceneKit
0x00007ffa0e64d000 	/System/Library/Frameworks/ModelIO.framework/Versions/A/ModelIO
0x00007ff823cc9000 	/System/Library/Frameworks/MetalKit.framework/Versions/A/MetalKit
0x00007ff826250000 	/System/Library/Frameworks/GLKit.framework/Versions/A/GLKit
0x00007ffe128cf000 	/usr/lib/usd/libusd_ms.dylib
0x00007ffd246b6000 	/System/Library/PrivateFrameworks/USDLib_FormatLoaderProxy.framework/Versions/A/USDLib_FormatLoaderProxy
0x00007ffe12593000 	/usr/lib/swift/libswift_errno.dylib
0x00007ff9194fc000 	/System/Library/PrivateFrameworks/CoreOptimization.framework/Versions/A/CoreOptimization
0x00007ffb2582a000 	/System/Library/PrivateFrameworks/AuthenticationServicesCore.framework/Versions/A/AuthenticationServicesCore
0x00007ff923f45000 	/System/Library/Frameworks/AuthenticationServices.framework/Versions/A/AuthenticationServices
0x00007ff81f165000 	/System/Library/PrivateFrameworks/SharedWebCredentials.framework/Versions/A/SharedWebCredentials
0x00007ff91b3ff000 	/System/Library/PrivateFrameworks/SafariCore.framework/Versions/A/SafariCore
0x00007ff923a0e000 	/System/Library/PrivateFrameworks/SafariFoundation.framework/Versions/A/SafariFoundation
0x00007ffb26c56000 	/System/Library/PrivateFrameworks/CBORLibrary.framework/Versions/A/CBORLibrary
0x00007ffb27af3000 	/System/Library/PrivateFrameworks/Chirp.framework/Versions/A/Chirp
0x00007ffb28598000 	/System/Library/PrivateFrameworks/CloudSubscriptionFeatures.framework/Versions/A/CloudSubscriptionFeatures
0x00007ffb1121f000 	/System/Library/PrivateFrameworks/RemoteManagement.framework/Versions/A/RemoteManagement
0x00007ffd13af5000 	/System/Library/PrivateFrameworks/RemoteManagementModel.framework/Versions/A/RemoteManagementModel
0x00007ffd13b85000 	/System/Library/PrivateFrameworks/RemoteManagementStore.framework/Versions/A/RemoteManagementStore
0x00007ff823ce7000 	/usr/lib/libxcselect.dylib
0x00007ff923977000 	/System/Library/PrivateFrameworks/DifferentialPrivacy.framework/Versions/A/DifferentialPrivacy
0x00007ffc27687000 	/System/Library/PrivateFrameworks/ManagedSettingsObjC.framework/Versions/A/ManagedSettingsObjC
0x00007ff82c473000 	/System/Library/PrivateFrameworks/ConfigurationProfiles.framework/Versions/A/ConfigurationProfiles
0x00007ffc23634000 	/System/Library/PrivateFrameworks/LockdownMode.framework/Versions/A/LockdownMode
0x00007ffd2527d000 	/System/Library/PrivateFrameworks/VDAF.framework/Versions/A/VDAF
0x00007ff826632000 	/System/Library/PrivateFrameworks/SystemAdministration.framework/Versions/A/SystemAdministration
0x00007ff90fe52000 	/System/Library/PrivateFrameworks/PowerlogControl.framework/Versions/A/PowerlogControl
0x00007ff90fe54000 	/usr/lib/libUniversalAccess.dylib
0x00007ff90bd6d000 	/System/Library/PrivateFrameworks/FamilyControls.framework/Versions/A/FamilyControls
0x00007ff825f14000 	/System/Library/Frameworks/DirectoryService.framework/Versions/A/DirectoryService
0x00007ff82a9f6000 	/System/Library/PrivateFrameworks/LoginUIKit.framework/Versions/A/Frameworks/LoginUICore.framework/Versions/A/LoginUICore
0x00007ff81f81c000 	/usr/lib/libodfde.dylib
0x00007ff90bd68000 	/System/Library/PrivateFrameworks/UniversalAccess.framework/Versions/A/Libraries/libUAPreferences.dylib
0x00007ff90bd90000 	/System/Library/PrivateFrameworks/CommerceKit.framework/Versions/A/Frameworks/CommerceCore.framework/Versions/A/CommerceCore
0x00007ff821d16000 	/System/Library/PrivateFrameworks/CoreFollowUp.framework/Versions/A/CoreFollowUp
0x00007ffc1031c000 	/System/Library/PrivateFrameworks/DMCUtilities.framework/Versions/A/DMCUtilities
0x00007ffc236b7000 	/System/Library/PrivateFrameworks/MDMClientLibrary.framework/Versions/A/MDMClientLibrary
0x00007ffd13b7a000 	/System/Library/PrivateFrameworks/RemoteManagementProtocol.framework/Versions/A/RemoteManagementProtocol
0x00007ffc1028b000 	/System/Library/PrivateFrameworks/DEPClientLibrary.framework/Versions/A/DEPClientLibrary
0x00007ffc102b3000 	/System/Library/PrivateFrameworks/DMCEnrollmentLibrary.framework/Versions/A/DMCEnrollmentLibrary
0x00007ff90ff37000 	/System/Library/PrivateFrameworks/SetupAssistantFramework.framework/Versions/A/SetupAssistantFramework
0x00007ff82b051000 	/System/Library/PrivateFrameworks/AuthKitUI.framework/Versions/A/AuthKitUI
0x00007ff82aa3b000 	/System/Library/PrivateFrameworks/AppSSO.framework/Versions/A/AppSSO
0x00007ff920b02000 	/System/Library/PrivateFrameworks/LocalAuthenticationUI.framework/Versions/A/LocalAuthenticationUI
0x00007ffd1146b000 	/System/Library/PrivateFrameworks/PlatformSSO.framework/Versions/A/PlatformSSO
0x00007ffd1156f000 	/System/Library/PrivateFrameworks/PlatformSSOCore.framework/Versions/A/PlatformSSOCore
0x00007ffb198dc000 	/System/Library/Frameworks/LocalAuthenticationEmbeddedUI.framework/Versions/A/LocalAuthenticationEmbeddedUI
0x00007ff9215e2000 	/System/Library/PrivateFrameworks/AOSUI.framework/Versions/A/AOSUI
0x00007ff911d01000 	/System/Library/Frameworks/ContactsUI.framework/Versions/A/ContactsUI
0x00007ff82722c000 	/System/Library/PrivateFrameworks/FamilyCircle.framework/Versions/A/FamilyCircle
0x00007ffa0ff6e000 	/System/Library/Frameworks/LinkPresentation.framework/Versions/A/LinkPresentation
0x00007ff9118c3000 	/System/Library/PrivateFrameworks/IASUtilities.framework/Versions/A/IASUtilities
0x00007ffc1e9b4000 	/System/Library/PrivateFrameworks/IASUtilitiesCore.framework/Versions/A/IASUtilitiesCore
0x00007ffd13bed000 	/System/Library/PrivateFrameworks/RemoteUI.framework/Versions/A/RemoteUI
0x00007ffc22ae9000 	/System/Library/PrivateFrameworks/LiftUI.framework/Versions/A/LiftUI
0x00007ffe0afc2000 	/System/Library/PrivateFrameworks/_IconServices_SwiftUI.framework/Versions/A/_IconServices_SwiftUI
0x00007ffb284de000 	/System/Library/PrivateFrameworks/CloudSettings.framework/Versions/A/CloudSettings
0x00007ff90aaee000 	/System/Library/Frameworks/EventKit.framework/Versions/A/EventKit
0x00007ff91a66f000 	/System/Library/PrivateFrameworks/SearchFoundation.framework/Versions/A/SearchFoundation
0x00007ffa120d1000 	/System/Library/PrivateFrameworks/Email.framework/Versions/A/Email
0x00007ff919117000 	/System/Library/PrivateFrameworks/CoreRoutine.framework/Versions/A/CoreRoutine
0x00007ffb10bc8000 	/System/Library/PrivateFrameworks/VoiceShortcutClient.framework/Versions/A/VoiceShortcutClient
0x00007ff92938a000 	/System/Library/PrivateFrameworks/Categories.framework/Versions/A/Categories
0x00007ff92149b000 	/System/Library/PrivateFrameworks/ChronoServices.framework/Versions/A/ChronoServices
0x00007ffb275c6000 	/System/Library/PrivateFrameworks/CalendarDatabase.framework/Versions/A/CalendarDatabase
0x00007ffb27507000 	/System/Library/PrivateFrameworks/CalendarDaemon.framework/Versions/A/CalendarDaemon
0x00007ff82c3d6000 	/System/Library/PrivateFrameworks/CalendarFoundation.framework/Versions/A/CalendarFoundation
0x00007ff82c390000 	/System/Library/PrivateFrameworks/iCalendar.framework/Versions/A/iCalendar
0x00007ffc10511000 	/System/Library/PrivateFrameworks/DataAccessExpress.framework/Versions/A/DataAccessExpress
0x00007ff911e55000 	/System/Library/PrivateFrameworks/ContactsAutocomplete.framework/Versions/A/ContactsAutocomplete
0x00007ff9213e4000 	/System/Library/PrivateFrameworks/FTClientServices.framework/Versions/A/FTClientServices
0x00007ffd1ea61000 	/System/Library/PrivateFrameworks/StorageContainersPrivate.framework/Versions/A/StorageContainersPrivate
0x00007ffe1221b000 	/usr/lib/swift/libswiftCoreMediaIO.dylib
0x00007ff91173e000 	/System/Library/PrivateFrameworks/CoreDAV.framework/Versions/A/CoreDAV
0x00007ff90a9bb000 	/System/Library/PrivateFrameworks/CalDAV.framework/Versions/A/CalDAV
0x00007ff9166b4000 	/System/Library/PrivateFrameworks/TelephonyUtilities.framework/Versions/A/TelephonyUtilities
0x00007ffb198a1000 	/System/Library/Frameworks/LiveCommunicationKit.framework/Versions/A/LiveCommunicationKit
0x00007ffb28cfc000 	/System/Library/PrivateFrameworks/CommunicationTrust.framework/Versions/A/CommunicationTrust
0x00007ff91b217000 	/System/Library/Frameworks/CallKit.framework/Versions/A/CallKit
0x00007ff827225000 	/System/Library/PrivateFrameworks/CommunicationsFilter.framework/Versions/A/CommunicationsFilter
0x00007ffa264f5000 	/System/Library/PrivateFrameworks/IMTransferServices.framework/Versions/A/IMTransferServices
0x00007ff919516000 	/System/Library/PrivateFrameworks/IncomingCallFilter.framework/Versions/A/IncomingCallFilter
0x00007ffd0c946000 	/System/Library/PrivateFrameworks/NeighborhoodActivityConduit.framework/Versions/A/NeighborhoodActivityConduit
0x00007ff91d817000 	/System/Library/PrivateFrameworks/CallHistory.framework/Versions/A/CallHistory
0x00007ffe106f9000 	/usr/lib/libBASupport.dylib
0x00007ffb27996000 	/System/Library/PrivateFrameworks/CallsUtilities.framework/Versions/A/CallsUtilities
0x00007ffb279a0000 	/System/Library/PrivateFrameworks/CallsXPC.framework/Versions/A/CallsXPC
0x00007ffb1135d000 	/usr/lib/swift/libswiftCallKit.dylib
0x00007ffb2798a000 	/System/Library/PrivateFrameworks/CallsPersistence.framework/Versions/A/CallsPersistence
0x00007ffb1d594000 	/System/Library/Frameworks/SensitiveContentAnalysis.framework/Versions/A/SensitiveContentAnalysis
0x00007ff91e9c5000 	/System/Library/PrivateFrameworks/PeopleSuggester.framework/Versions/A/PeopleSuggester
0x00007ff928123000 	/System/Library/PrivateFrameworks/SpotlightReceiver.framework/Versions/A/SpotlightReceiver
0x00007ffe0af8a000 	/System/Library/PrivateFrameworks/_AppIntentsServices_AppIntents.framework/Versions/A/_AppIntentsServices_AppIntents
0x00007ffb228b0000 	/System/Library/PrivateFrameworks/AppIntentsServices.framework/Versions/A/AppIntentsServices
0x00007ff82c37a000 	/System/Library/PrivateFrameworks/CoreRecents.framework/Versions/A/CoreRecents
0x00007ffb1f815000 	/System/Library/Frameworks/_GeoToolbox_AppIntents.framework/Versions/A/_GeoToolbox_AppIntents
0x00007ffa1be7c000 	/System/Library/PrivateFrameworks/DiagnosticRequest.framework/Versions/A/DiagnosticRequest
0x00007ffd13829000 	/System/Library/PrivateFrameworks/RegulatoryDomain.framework/Versions/A/RegulatoryDomain
0x00007ff82632b000 	/usr/lib/libCTGreenTeaLogger.dylib
0x00007ffc2360d000 	/System/Library/PrivateFrameworks/LocalStatusKit.framework/Versions/A/LocalStatusKit
0x00007ff91658f000 	/System/Library/PrivateFrameworks/CoreParsec.framework/Versions/A/CoreParsec
0x00007ffa120c5000 	/System/Library/PrivateFrameworks/EmailAddressing.framework/Versions/A/EmailAddressing
0x00007ffa0de03000 	/System/Library/PrivateFrameworks/EmailCore.framework/Versions/A/EmailCore
0x00007ffa0ef93000 	/System/Library/PrivateFrameworks/EmailFoundation.framework/Versions/A/EmailFoundation
0x00007ffd0f028000 	/System/Library/PrivateFrameworks/PegasusAPI.framework/Versions/A/PegasusAPI
0x00007ffd0fc3b000 	/System/Library/PrivateFrameworks/PegasusConfiguration.framework/Versions/A/PegasusConfiguration
0x00007ffd22c8b000 	/System/Library/PrivateFrameworks/ToolKit.framework/Versions/A/ToolKit
0x00007ffd13f20000 	/System/Library/PrivateFrameworks/ReplicatorEngine.framework/Versions/A/ReplicatorEngine
0x00007ffd14098000 	/System/Library/PrivateFrameworks/ReplicatorServices.framework/Versions/A/ReplicatorServices
0x00007ffd1fadf000 	/System/Library/PrivateFrameworks/SystemWake.framework/Versions/A/SystemWake
0x00007ff91b3e6000 	/System/Library/PrivateFrameworks/ContextKit.framework/Versions/A/ContextKit
0x00007ffb29224000 	/System/Library/PrivateFrameworks/ContextKitCore.framework/Versions/A/ContextKitCore
0x00007ff9197ab000 	/System/Library/Frameworks/LocalAuthentication.framework/Support/DaemonUtils.framework/Versions/A/DaemonUtils
0x00007ffc23578000 	/System/Library/PrivateFrameworks/LocalAuthenticationCoreUI.framework/Versions/A/LocalAuthenticationCoreUI
0x00007ff91ce2c000 	/System/Library/PrivateFrameworks/BridgeXPC.framework/Versions/A/BridgeXPC
0x00007ff91a534000 	/System/Library/PrivateFrameworks/CoreKDL.framework/Versions/A/CoreKDL
0x00007ff918acd000 	/System/Library/PrivateFrameworks/EmbeddedOSSupportHost.framework/Versions/A/EmbeddedOSSupportHost
0x00007ff90c890000 	/System/Library/PrivateFrameworks/LoginUIKit.framework/Versions/A/LoginUIKit
0x00007ff9297ee000 	/System/Library/PrivateFrameworks/StorageKit.framework/Versions/A/StorageKit
0x00007ffb12cf3000 	/System/Library/Frameworks/DeviceCheck.framework/Versions/A/DeviceCheck
0x00007ffc10d9c000 	/System/Library/PrivateFrameworks/DiskImages2.framework/Versions/A/DiskImages2
0x00007ff929866000 	/System/Library/PrivateFrameworks/CoreWLANKit.framework/Versions/A/CoreWLANKit
0x00007ffd2855b000 	/System/Library/PrivateFrameworks/Wallpaper.framework/Versions/A/Wallpaper
0x00007ffe12232000 	/usr/lib/swift/libswiftGLKit.dylib
0x00007ffe1223d000 	/usr/lib/swift/libswiftMetalKit.dylib
0x00007ffe1223f000 	/usr/lib/swift/libswiftModelIO.dylib
0x00007ffe122fb000 	/usr/lib/swift/libswiftSceneKit.dylib
0x00007ffa12f8b000 	/System/Library/PrivateFrameworks/DynamicDesktop.framework/Versions/A/DynamicDesktop
0x00007ffd286ac000 	/System/Library/PrivateFrameworks/WallpaperFoundation.framework/Versions/A/WallpaperFoundation
0x00007ffd286fa000 	/System/Library/PrivateFrameworks/WallpaperTypes.framework/Versions/A/WallpaperTypes
0x00007ffa2815e000 	/System/Library/PrivateFrameworks/SystemDesktopAppearance.framework/Versions/A/SystemDesktopAppearance
0x00007ffe0df90000 	/System/Library/PrivateFrameworks/icloudMCCKit.framework/Versions/A/icloudMCCKit
0x00007ffb23b6d000 	/System/Library/PrivateFrameworks/AppleAccountUI.framework/Versions/A/AppleAccountUI
0x00007ffa1c3f4000 	/System/Library/PrivateFrameworks/PreferencePanesSupport.framework/Versions/A/PreferencePanesSupport
0x00007ff921789000 	/System/Library/PrivateFrameworks/FindMyDeviceUI.framework/Versions/A/FindMyDeviceUI
0x00007ffe0bbad000 	/System/Library/PrivateFrameworks/iCloudQuotaUI.framework/Versions/A/iCloudQuotaUI
0x00007ffa1c5b3000 	/System/Library/PrivateFrameworks/CoreCDPUI.framework/Versions/A/CoreCDPUI
0x00007ff91b156000 	/System/Library/PrivateFrameworks/CoreFollowUpUI.framework/Versions/A/CoreFollowUpUI
0x00007ff9283b9000 	/System/Library/PrivateFrameworks/IMCore.framework/Versions/A/IMCore
0x00007ff90feb9000 	/System/Library/PrivateFrameworks/CoreCDP.framework/Versions/A/CoreCDP
0x00007ff90b3d3000 	/System/Library/PrivateFrameworks/AskPermission.framework/Versions/A/AskPermission
0x00007ff91f100000 	/System/Library/Frameworks/Quartz.framework/Versions/A/Quartz
0x00007ffa0c590000 	/System/Library/PrivateFrameworks/CloudPhotoServicesConfiguration.framework/Versions/A/CloudPhotoServicesConfiguration
0x00007ff91d634000 	/System/Library/PrivateFrameworks/CommerceKit.framework/Versions/A/CommerceKit
0x00007ffa0deca000 	/System/Library/PrivateFrameworks/FindMyMac.framework/Versions/A/FindMyMac
0x00007ffa0dda9000 	/System/Library/Frameworks/PreferencePanes.framework/Versions/A/PreferencePanes
0x00007ff920bf3000 	/System/Library/Frameworks/AddressBook.framework/Versions/A/AddressBook
0x00007ff82c7a7000 	/System/Library/PrivateFrameworks/AOSAccounts.framework/Versions/A/AOSAccounts
0x00007ff82662d000 	/System/Library/PrivateFrameworks/AppleSRP.framework/Versions/A/AppleSRP
0x00007ff82b214000 	/System/Library/PrivateFrameworks/NetFSServer.framework/Versions/A/NetFSServer
0x00007ff91c33a000 	/System/Library/Frameworks/PDFKit.framework/Versions/A/PDFKit
0x00007ffe12253000 	/usr/lib/swift/libswiftPassKit.dylib
0x00007ffa20947000 	/System/Library/Frameworks/PassKit.framework/Versions/A/PassKit
0x00007ff90c997000 	/System/Library/PrivateFrameworks/PassKitCore.framework/Versions/A/PassKitCore
0x00007ffd0ea54000 	/System/Library/PrivateFrameworks/PassKitMacHelperTemp.framework/Versions/A/PassKitMacHelperTemp
0x00007ffe10631000 	/usr/lib/libAppleSSE.dylib
0x00007ff9197df000 	/System/Library/PrivateFrameworks/BiometricKit.framework/Versions/A/BiometricKit
0x00007ffd146b4000 	/System/Library/PrivateFrameworks/SEService.framework/Versions/A/SEService
0x00007ffb18905000 	/System/Library/Frameworks/FinanceKit.framework/Versions/A/FinanceKit
0x00007ff91f1aa000 	/System/Library/PrivateFrameworks/NearField.framework/Versions/A/NearField
0x00007ffd1463f000 	/System/Library/PrivateFrameworks/SESShared.framework/Versions/A/SESShared
0x00007ffd148b0000 	/System/Library/PrivateFrameworks/STSXPCHelperClient.framework/Versions/A/STSXPCHelperClient
0x00007ff920fea000 	/usr/lib/libnfshared.dylib
0x00007ffd1f88b000 	/System/Library/PrivateFrameworks/Symptoms.framework/Versions/A/Frameworks/SymptomPresentationFeed.framework/Versions/A/SymptomPresentationFeed
0x00007ffb2471b000 	/System/Library/PrivateFrameworks/AppleMediaServicesKitInternal.framework/Versions/A/AppleMediaServicesKitInternal
0x00007ffd1f5be000 	/System/Library/PrivateFrameworks/SymptomShared.framework/Versions/A/SymptomShared
0x00007ffa23823000 	/System/Library/PrivateFrameworks/PassKitUIFoundation.framework/Versions/A/PassKitUIFoundation
0x00007ff825f4c000 	/System/Library/Frameworks/MapKit.framework/Versions/A/MapKit
0x00007ffc1b84d000 	/System/Library/PrivateFrameworks/GeoAnalytics.framework/Versions/A/GeoAnalytics
0x00007ff921018000 	/System/Library/PrivateFrameworks/Navigation.framework/Versions/A/Navigation
0x00007ffa0b475000 	/System/Library/PrivateFrameworks/VectorKit.framework/Versions/A/VectorKit
0x00007ff91197c000 	/System/Library/PrivateFrameworks/VirtualGarage.framework/Versions/A/VirtualGarage
0x00007ff921222000 	/System/Library/Frameworks/ExternalAccessory.framework/ExternalAccessory
0x00007ff92123c000 	/System/Library/PrivateFrameworks/IAP.framework/Versions/A/IAP
0x00007ff82621a000 	/System/Library/PrivateFrameworks/IOPlatformPluginFamily.framework/Versions/A/IOPlatformPluginFamily
0x00007ffb25969000 	/System/Library/PrivateFrameworks/AvatarKit.framework/Versions/A/AvatarKit
0x00007ffb25a34000 	/System/Library/PrivateFrameworks/AvatarPersistence.framework/Versions/A/AvatarPersistence
0x00007ffb1edbb000 	/System/Library/Frameworks/TipKit.framework/Versions/A/TipKit
0x00007ff90c48e000 	/System/Library/PrivateFrameworks/IMSharedUtilities.framework/Versions/A/IMSharedUtilities
0x00007ffe121ff000 	/usr/lib/swift/libswiftAppleArchive.dylib
0x00007ffd25371000 	/System/Library/PrivateFrameworks/VFX.framework/Versions/A/VFX
0x00007ffa1e5b8000 	/System/Library/PrivateFrameworks/AppleCVA.framework/Versions/A/AppleCVA
0x00007ffb25a33000 	/System/Library/PrivateFrameworks/AvatarKitContent.framework/Versions/A/AvatarKitContent
0x00007ffb1a626000 	/System/Library/Frameworks/MetalFX.framework/Versions/A/MetalFX
0x00007ffb28dea000 	/System/Library/PrivateFrameworks/CompositorNonUI.framework/Versions/A/CompositorNonUI
0x00007ffb16d93000 	/System/Library/Frameworks/ARKit.framework/Versions/A/ARKit
0x00007ffb210f2000 	/System/Library/PrivateFrameworks/ARKitCore.framework/Versions/A/ARKitCore
0x00007ffe10726000 	/usr/lib/libDisplayWarpSupport.dylib
0x00007ffc0bd33000 	/System/Library/PrivateFrameworks/CoreComposite.framework/Versions/A/CoreComposite
0x00007ffe11088000 	/usr/lib/libchannel.dylib
0x00007ffe11e68000 	/usr/lib/librealtime_safety.dylib
0x00007ffb2117e000 	/System/Library/PrivateFrameworks/ARKitFoundation.framework/Versions/A/ARKitFoundation
0x00007ffb23bfa000 	/System/Library/PrivateFrameworks/AppleDepth.framework/Versions/A/AppleDepth
0x00007ffb23dbf000 	/System/Library/PrivateFrameworks/AppleDepthCore.framework/Versions/A/AppleDepthCore
0x00007ff826358000 	/System/Library/PrivateFrameworks/CoreAppleCVA.framework/Versions/A/CoreAppleCVA
0x00007ff911ac3000 	/System/Library/PrivateFrameworks/ContactsUICore.framework/Versions/A/ContactsUICore
0x00007ff91962c000 	/System/Library/PrivateFrameworks/ContactsDonation.framework/Versions/A/ContactsDonation
0x00007ff918ee3000 	/System/Library/PrivateFrameworks/DataDetectors.framework/Versions/A/DataDetectors
0x00007ff90a9a9000 	/System/Library/Frameworks/MediaLibrary.framework/Versions/A/MediaLibrary
0x00007ff827215000 	/System/Library/PrivateFrameworks/PersonaKit.framework/Versions/A/PersonaKit
0x00007ff911ab2000 	/System/Library/PrivateFrameworks/PersonaUI.framework/Versions/A/PersonaUI
0x00007ffa0d79c000 	/System/Library/PrivateFrameworks/Transparency.framework/Versions/A/Transparency
0x00007ffc1265d000 	/System/Library/PrivateFrameworks/FindMyLocate.framework/Versions/A/FindMyLocate
0x00007ff91b0d5000 	/System/Library/PrivateFrameworks/IntlPreferences.framework/Versions/A/IntlPreferences
0x00007ffc0fc15000 	/System/Library/PrivateFrameworks/CoreTransparency.framework/Versions/A/CoreTransparency
0x00007ffc12555000 	/System/Library/PrivateFrameworks/FindMyCommon.framework/Versions/A/FindMyCommon
0x00007ffc12384000 	/System/Library/PrivateFrameworks/FindMyBase.framework/Versions/A/FindMyBase
0x00007ffb1c2dd000 	/System/Library/Frameworks/NearbyInteraction.framework/Versions/A/NearbyInteraction
0x00007ff826e26000 	/System/Library/PrivateFrameworks/AddressBookCore.framework/Versions/A/AddressBookCore
0x00007ff920d7b000 	/System/Library/PrivateFrameworks/ToneKit.framework/Versions/A/ToneKit
0x00007ff91b11b000 	/System/Library/PrivateFrameworks/ToneLibrary.framework/Versions/A/ToneLibrary
0x00007ffb290ad000 	/System/Library/PrivateFrameworks/ContactsAccounts.framework/Versions/A/ContactsAccounts
0x00007ff91f01c000 	/System/Library/PrivateFrameworks/Lookup.framework/Versions/A/Lookup
0x00007ffb1cb39000 	/System/Library/Frameworks/QuickLookUI.framework/Versions/A/QuickLookUI
0x00007ffb1d514000 	/System/Library/Frameworks/ScreenCaptureKit.framework/Versions/A/ScreenCaptureKit
0x00007ff91be6e000 	/System/Library/Frameworks/Quartz.framework/Versions/A/Frameworks/QuartzComposer.framework/Versions/A/QuartzComposer
0x00007ff91b0ad000 	/System/Library/Frameworks/Quartz.framework/Versions/A/Frameworks/QuartzFilters.framework/Versions/A/QuartzFilters
0x00007ff91a01a000 	/System/Library/Frameworks/Quartz.framework/Versions/A/Frameworks/ImageKit.framework/Versions/A/ImageKit
0x00007ff9184cd000 	/System/Library/PrivateFrameworks/CorePDF.framework/Versions/A/CorePDF
0x00007ff823c66000 	/System/Library/Frameworks/QuickLook.framework/Versions/A/QuickLook
0x00007ff90c88b000 	/System/Library/PrivateFrameworks/DisplayServices.framework/Versions/A/DisplayServices
0x00007ff91b02a000 	/System/Library/Frameworks/ImageCaptureCore.framework/Versions/A/ImageCaptureCore
0x00007ffd27266000 	/System/Library/PrivateFrameworks/VisionKitCore.framework/Versions/A/VisionKitCore
0x00007ff91655f000 	/System/Library/PrivateFrameworks/QuickLookSupport.framework/Versions/A/QuickLookSupport
0x00007ffc27fcc000 	/System/Library/PrivateFrameworks/MediaAnalysisServices.framework/Versions/A/MediaAnalysisServices
0x00007ff91def5000 	/System/Library/PrivateFrameworks/PhotoLibraryServices.framework/Versions/A/PhotoLibraryServices
0x00007ff91ac18000 	/System/Library/Frameworks/Photos.framework/Versions/A/Photos
0x00007ffa10376000 	/System/Library/PrivateFrameworks/PhotosFormats.framework/Versions/A/PhotosFormats
0x00007ffd26481000 	/System/Library/PrivateFrameworks/VectorSearch.framework/Versions/A/VectorSearch
0x00007ffa0c5b9000 	/System/Library/PrivateFrameworks/CloudPhotoLibrary.framework/Versions/A/CloudPhotoLibrary
0x00007ffa15d76000 	/System/Library/PrivateFrameworks/CloudPhotoServices.framework/Versions/A/CloudPhotoServices
0x00007ffa1223e000 	/System/Library/PrivateFrameworks/CoreMediaStream.framework/Versions/A/CoreMediaStream
0x00007ff827c77000 	/System/Library/PrivateFrameworks/CPAnalytics.framework/Versions/A/CPAnalytics
0x00007ffa0e580000 	/System/Library/PrivateFrameworks/MediaConversionService.framework/Versions/A/MediaConversionService
0x00007ff90c47c000 	/System/Library/PrivateFrameworks/PhotoFoundation.framework/Versions/A/PhotoFoundation
0x00007ffd10200000 	/System/Library/PrivateFrameworks/PhotoLibraryServicesCore.framework/Versions/A/PhotoLibraryServicesCore
0x00007ff927b06000 	/System/Library/PrivateFrameworks/MMCS.framework/Versions/A/MMCS
0x00007ff90a7e7000 	/System/Library/PrivateFrameworks/ChunkingLibrary.framework/Versions/A/ChunkingLibrary
0x00007ff8265fc000 	/System/Library/PrivateFrameworks/AssetCacheServices.framework/Versions/A/AssetCacheServices
0x00007ff8288c3000 	/System/Library/PrivateFrameworks/AVFoundationCF.framework/Versions/A/AVFoundationCF
0x00007ffa263eb000 	/usr/lib/swift/libswiftDemangle.dylib
0x00007ffc1eb81000 	/System/Library/PrivateFrameworks/ImageCaptureDevices.framework/Versions/A/ImageCaptureDevices
0x00007ff9191ad000 	/System/Library/PrivateFrameworks/MediaStream.framework/Versions/A/MediaStream
0x00007ffa0eac3000 	/System/Library/PrivateFrameworks/NeutrinoCore.framework/Versions/A/NeutrinoCore
0x00007ff81466a000 	/System/Library/PrivateFrameworks/NLP.framework/Versions/A/NLP
0x00007ffa14aab000 	/System/Library/PrivateFrameworks/PhotoImaging.framework/Versions/A/PhotoImaging
0x00007ffa15d36000 	/System/Library/PrivateFrameworks/PhotosImagingFoundation.framework/Versions/A/PhotosImagingFoundation
0x00007ffd10db6000 	/System/Library/PrivateFrameworks/PhotosIntelligenceCore.framework/Versions/A/PhotosIntelligenceCore
0x00007ff828d71000 	/System/Library/PrivateFrameworks/EmbeddedAcousticRecognition.framework/Versions/A/EmbeddedAcousticRecognition
0x00007ff922ad8000 	/System/Library/PrivateFrameworks/EmojiFoundation.framework/Versions/A/EmojiFoundation
0x00007ffa0c843000 	/System/Library/PrivateFrameworks/SDAPI.framework/Versions/A/SDAPI
0x00007ffc222ce000 	/System/Library/PrivateFrameworks/IsolatedContextLogging.framework/Versions/A/IsolatedContextLogging
0x00007ffa15d84000 	/System/Library/PrivateFrameworks/AutoLoop.framework/Versions/A/AutoLoop
0x00007ffd118ed000 	/System/Library/PrivateFrameworks/Portrait.framework/Versions/A/Portrait
0x00007ffc12cfe000 	/System/Library/PrivateFrameworks/FusionTracker.framework/Versions/A/FusionTracker
0x00007ff91b8df000 	/System/Library/PrivateFrameworks/iTunesCloud.framework/Versions/A/iTunesCloud
0x00007ff924c42000 	/System/Library/PrivateFrameworks/DAAPKit.framework/Versions/A/DAAPKit
0x00007ff9168fa000 	/System/Library/PrivateFrameworks/DeviceManagement.framework/Versions/A/DeviceManagement
0x00007ffa1bdcf000 	/System/Library/PrivateFrameworks/ScreenTimeUI.framework/Versions/A/ScreenTimeUI
0x00007ff918edd000 	/System/Library/PrivateFrameworks/QuickLookNonBaseSystem.framework/Versions/A/QuickLookNonBaseSystem
0x00007ff919705000 	/System/Library/PrivateFrameworks/Catalyst.framework/Versions/A/Catalyst
0x00007ff91b2ba000 	/System/Library/PrivateFrameworks/ScreenTimeCore.framework/Versions/A/ScreenTimeCore
0x00007ffa0f79f000 	/System/Library/PrivateFrameworks/ScreenTimeServiceUI.framework/Versions/A/ScreenTimeServiceUI
0x00007ff927ca4000 	/System/Library/PrivateFrameworks/ConfigurationEngineModel.framework/Versions/A/ConfigurationEngineModel
0x00007ffa0b429000 	/System/Library/PrivateFrameworks/UsageTracking.framework/Versions/A/UsageTracking
0x00007ffb185a8000 	/System/Library/Frameworks/DeviceActivity.framework/Versions/A/DeviceActivity
0x00007ffa0b3fb000 	/System/Library/PrivateFrameworks/KnowledgeMonitor.framework/Versions/A/KnowledgeMonitor
0x00007ffa237ca000 	/System/Library/PrivateFrameworks/BluetoothManager.framework/Versions/A/BluetoothManager
0x00007ffb199af000 	/System/Library/Frameworks/ManagedSettings.framework/Versions/A/ManagedSettings
0x00007ffc276cb000 	/System/Library/PrivateFrameworks/ManagedSettingsSupport.framework/Versions/A/ManagedSettingsSupport
0x00007ffa20a44000 	/System/Library/Frameworks/ReplayKit.framework/Versions/A/ReplayKit
0x00007ff90d8fa000 	/System/Library/PrivateFrameworks/MarkupUI.framework/Versions/A/MarkupUI
0x00007ff918eb6000 	/System/Library/PrivateFrameworks/SidecarCore.framework/Versions/A/SidecarCore
0x00007ff91bd0f000 	/System/Library/PrivateFrameworks/AnnotationKit.framework/Versions/A/AnnotationKit
0x00007ff91a267000 	/System/Library/Frameworks/PencilKit.framework/Versions/A/PencilKit
0x00007ff91a43d000 	/System/Library/PrivateFrameworks/SidecarUI.framework/Versions/A/SidecarUI
0x00007ff919af3000 	/System/Library/PrivateFrameworks/CoreHandwriting.framework/Versions/A/CoreHandwriting
0x00007ff80df8e000 	/usr/lib/libmecabra.dylib
0x00007ff912060000 	/System/Library/PrivateFrameworks/Calculate.framework/Versions/A/Calculate
0x00007ff81ed62000 	/usr/lib/libChineseTokenizer.dylib
0x00007ffb11147000 	/System/Library/PrivateFrameworks/ScreenReaderCore.framework/Versions/A/ScreenReaderCore
0x00007ffd1ea08000 	/System/Library/PrivateFrameworks/StocksKit.framework/Versions/A/StocksKit
0x00007ff911098000 	/System/Library/PrivateFrameworks/OAuth.framework/Versions/A/OAuth
0x00007ffd1e75e000 	/System/Library/PrivateFrameworks/StocksCore.framework/Versions/A/StocksCore
0x00007ffd1fdc0000 	/System/Library/PrivateFrameworks/TeaFoundation.framework/Versions/A/TeaFoundation
0x00007ffd1ff42000 	/System/Library/PrivateFrameworks/TeaSettings.framework/Versions/A/TeaSettings
0x00007ffa2797c000 	/System/Library/PrivateFrameworks/NewsCore.framework/Versions/A/NewsCore
0x00007ffd1fd6b000 	/System/Library/PrivateFrameworks/TeaDB.framework/Versions/A/TeaDB
0x00007ffa2498a000 	/System/Library/PrivateFrameworks/RemoteConfiguration.framework/Versions/A/RemoteConfiguration
0x00007ffa27502000 	/System/Library/PrivateFrameworks/NewsTransport.framework/Versions/A/NewsTransport
0x00007ffa2796d000 	/System/Library/PrivateFrameworks/NewsFoundation.framework/Versions/A/NewsFoundation
0x00007ffd0cf14000 	/System/Library/PrivateFrameworks/NewsURLBucket.framework/Versions/A/NewsURLBucket
0x00007ff91da11000 	/System/Library/PrivateFrameworks/MobileInstallation.framework/Versions/A/MobileInstallation
0x00007ffb1ef07000 	/System/Library/Frameworks/Translation.framework/Versions/A/Translation
0x00007ffa1766b000 	/System/Library/PrivateFrameworks/RevealCore.framework/Versions/A/RevealCore
0x00007ffa17660000 	/System/Library/PrivateFrameworks/Reveal.framework/Versions/A/Reveal
0x00007ffa0f471000 	/System/Library/Frameworks/Speech.framework/Versions/A/Speech
0x00007ffb20068000 	/System/Library/PrivateFrameworks/AIMLExperimentationAnalytics.framework/Versions/A/AIMLExperimentationAnalytics
0x00007ffb222b2000 	/System/Library/PrivateFrameworks/AlgorithmsInternal.framework/Versions/A/AlgorithmsInternal
0x00007ffd23486000 	/System/Library/PrivateFrameworks/TranslationUIServices.framework/Versions/A/TranslationUIServices
0x00007ffd22462000 	/System/Library/PrivateFrameworks/TipKitCore.framework/Versions/A/TipKitCore
0x00007ff922b59000 	/System/Library/PrivateFrameworks/CoreCDPInternal.framework/Versions/A/CoreCDPInternal
0x00007ffc1f258000 	/System/Library/PrivateFrameworks/InputAnalytics.framework/Versions/A/InputAnalytics
0x00007ff928ccd000 	/System/Library/Frameworks/InstantMessage.framework/Versions/A/InstantMessage
0x00007ff920afc000 	/System/Library/PrivateFrameworks/IDSKVStore.framework/Versions/A/IDSKVStore
0x00007ff9207ab000 	/System/Library/PrivateFrameworks/IMDPersistence.framework/Versions/A/IMDPersistence
0x00007ffd25274000 	/System/Library/PrivateFrameworks/UserSafety.framework/Versions/A/UserSafety
0x00007ffa22952000 	/System/Library/PrivateFrameworks/BlastDoor.framework/Versions/A/BlastDoor
0x00007ffc231c9000 	/System/Library/PrivateFrameworks/LinkPresentationStyleSheetParsing.framework/Versions/A/LinkPresentationStyleSheetParsing
0x00007ffd11ab0000 	/System/Library/PrivateFrameworks/PosterFoundation.framework/Versions/A/PosterFoundation
0x00007ffd11b3c000 	/System/Library/PrivateFrameworks/PosterModel.framework/Versions/A/PosterModel
0x00007ffd11b1a000 	/System/Library/PrivateFrameworks/PosterFuturesKit.framework/Versions/A/PosterFuturesKit
0x00007ffc121a8000 	/System/Library/PrivateFrameworks/FeedbackService.framework/Versions/A/FeedbackService
0x00007ff919585000 	/System/Library/PrivateFrameworks/CoreSDB.framework/Versions/A/CoreSDB
0x00007ffb2523a000 	/System/Library/PrivateFrameworks/AskToCore.framework/Versions/A/AskToCore
0x00007ffa1c5b0000 	/System/Library/PrivateFrameworks/MachineSettings.framework/Versions/A/MachineSettings
0x00007ffa0dd23000 	/System/Library/PrivateFrameworks/BezelServices.framework/Versions/A/BezelServices
0x00007ff924cd2000 	/System/Library/PrivateFrameworks/SPOwner.framework/Versions/A/SPOwner
0x00007ff91d696000 	/System/Library/PrivateFrameworks/FMCore.framework/Versions/A/FMCore
0x00007ffe0bb0a000 	/System/Library/PrivateFrameworks/iCloudQuota.framework/Versions/A/iCloudQuota
0x00007ff911a1a000 	/System/Library/PrivateFrameworks/CoreRecognition.framework/Versions/A/CoreRecognition
0x00007ffa0dddf000 	/System/Library/PrivateFrameworks/InAppMessages.framework/Versions/A/InAppMessages
0x00007ffb0fde3000 	/System/Library/PrivateFrameworks/JetUI.framework/Versions/A/JetUI
0x00007ffc225f1000 	/System/Library/PrivateFrameworks/JetPack.framework/Versions/A/JetPack
0x00007ffa0ddd7000 	/System/Library/PrivateFrameworks/InAppMessagesCore.framework/Versions/A/InAppMessagesCore
0x00007ffe0afcf000 	/System/Library/PrivateFrameworks/_JetEngine_SwiftUI.framework/Versions/A/_JetEngine_SwiftUI
0x00007ffd1f8b3000 	/System/Library/PrivateFrameworks/Synapse.framework/Versions/A/Synapse
0x00007ffb27386000 	/System/Library/PrivateFrameworks/CSExattrCrypto.framework/Versions/A/CSExattrCrypto
0x00007ff91ed21000 	/System/Library/PrivateFrameworks/StoreFoundation.framework/Versions/A/StoreFoundation
0x00007ff91d690000 	/System/Library/PrivateFrameworks/ServerInformation.framework/Versions/A/ServerInformation
0x00007ff91d09b000 	/System/Library/PrivateFrameworks/Install.framework/Frameworks/DistributionKit.framework/Versions/A/DistributionKit
0x00007ff916321000 	/System/Library/PrivateFrameworks/PackageKit.framework/Versions/A/PackageKit
0x00007ff91d0bc000 	/System/Library/PrivateFrameworks/OSPersonalization.framework/Versions/A/OSPersonalization
0x00007ff91f26b000 	/System/Library/PrivateFrameworks/BridgeOSSoftwareUpdate.framework/Versions/A/BridgeOSSoftwareUpdate
0x00007ff919a08000 	/System/Library/PrivateFrameworks/StorageManagement.framework/Versions/A/StorageManagement
0x00007ffa0f2f4000 	/usr/lib/libauthinstall.dylib
0x00007ff91f273000 	/System/Library/PrivateFrameworks/InstallerDiagnostics.framework/Versions/A/InstallerDiagnostics
0x00007ffa0f987000 	/usr/lib/libcrypto.42.dylib
0x00007ffe12748000 	/usr/lib/updaters/libAppleTconUARPUpdater.dylib
0x00007ff91f25b000 	/System/Library/PrivateFrameworks/GPUInfo.framework/Versions/A/GPUInfo
0x00007ffa0ded0000 	/System/Library/PrivateFrameworks/MobileActivationMacOS.framework/Versions/A/MobileActivationMacOS
0x00007ff910fd5000 	/System/Library/PrivateFrameworks/AccountsDaemon.framework/Versions/A/AccountsDaemon
0x00007ff91f2bb000 	/System/Library/PrivateFrameworks/AOSKit.framework/Versions/A/AOSKit
0x00007ff81f04b000 	/System/Library/PrivateFrameworks/AppSSOCore.framework/Versions/A/AppSSOCore
0x00007ffb25b35000 	/System/Library/PrivateFrameworks/BackgroundSystemTasks.framework/Versions/A/BackgroundSystemTasks
0x00007ff82b24c000 	/System/Library/PrivateFrameworks/DuetActivityScheduler.framework/Versions/A/DuetActivityScheduler
0x00007ffa0c4e5000 	/System/Library/PrivateFrameworks/NetworkServiceProxy.framework/Versions/A/NetworkServiceProxy
0x00007ff82628a000 	/usr/lib/libnetworkextension.dylib
0x00007ffd1f5cd000 	/System/Library/PrivateFrameworks/Symptoms.framework/Versions/A/Frameworks/SymptomAnalytics.framework/Versions/A/SymptomAnalytics
0x00007ff822c11000 	/System/Library/Frameworks/NetworkExtension.framework/Versions/A/NetworkExtension
0x00007ff829a14000 	/System/Library/PrivateFrameworks/CoreDuetContext.framework/Versions/A/CoreDuetContext
0x00007ff812b13000 	/System/Library/PrivateFrameworks/CoreDuet.framework/Versions/A/CoreDuet
0x00007ff90c1d4000 	/System/Library/PrivateFrameworks/AssistantServices.framework/Versions/A/AssistantServices
0x00007ff828a30000 	/System/Library/PrivateFrameworks/SAObjects.framework/Versions/A/SAObjects
0x00007ff90bd9b000 	/System/Library/PrivateFrameworks/MediaRemote.framework/Versions/A/MediaRemote
0x00007ffd1c273000 	/System/Library/PrivateFrameworks/SiriTTSService.framework/Versions/A/SiriTTSService
0x00007ffd17199000 	/System/Library/PrivateFrameworks/SiriCrossDeviceArbitration.framework/Versions/A/SiriCrossDeviceArbitration
0x00007ffc11d7e000 	/System/Library/PrivateFrameworks/FaceTimeNameUtility.framework/Versions/A/FaceTimeNameUtility
0x00007ffd171e8000 	/System/Library/PrivateFrameworks/SiriCrossDeviceArbitrationFeedback.framework/Versions/A/SiriCrossDeviceArbitrationFeedback
0x00007ffa0e7d3000 	/System/Library/PrivateFrameworks/UIKitServices.framework/Versions/A/UIKitServices
0x00007ff911837000 	/System/Library/PrivateFrameworks/MediaServices.framework/Versions/A/MediaServices
0x00007ff81f4a3000 	/System/Library/PrivateFrameworks/PersistentConnection.framework/Versions/A/PersistentConnection
0x00007ffd1d91a000 	/System/Library/PrivateFrameworks/SonicFoundation.framework/Versions/A/SonicFoundation
0x00007ff9217d9000 	/usr/lib/libtailspin.dylib
0x00007ffa15e96000 	/System/Library/PrivateFrameworks/Osprey.framework/Versions/A/Osprey
0x00007ffd1b891000 	/System/Library/PrivateFrameworks/SiriTTS.framework/Versions/A/SiriTTS
0x00007ffd1a662000 	/System/Library/PrivateFrameworks/SiriPowerInstrumentation.framework/Versions/A/SiriPowerInstrumentation
0x00007ffd1fd69000 	/System/Library/PrivateFrameworks/TailspinSymbolication.framework/Versions/A/TailspinSymbolication
0x00007ffc103d6000 	/System/Library/PrivateFrameworks/Darwinup.framework/Versions/A/Darwinup
0x00007ffa0e5b9000 	/System/Library/PrivateFrameworks/SignpostSupport.framework/Versions/A/SignpostSupport
0x00007ff919501000 	/System/Library/PrivateFrameworks/FeatureFlagsSupport.framework/Versions/A/FeatureFlagsSupport
0x00007ffa0dc39000 	/System/Library/PrivateFrameworks/ktrace.framework/Versions/A/ktrace
0x00007ffa0e809000 	/System/Library/PrivateFrameworks/SampleAnalysis.framework/Versions/A/SampleAnalysis
0x00007ffa17626000 	/System/Library/PrivateFrameworks/kperfdata.framework/Versions/A/kperfdata
0x00007ff823d93000 	/usr/lib/libdscsym.dylib
0x00007ffa17bbf000 	/System/Library/PrivateFrameworks/BulkSymbolication.framework/Versions/A/BulkSymbolication
0x00007ff82c472000 	/System/Library/PrivateFrameworks/CoreDuetDaemonProtocol.framework/Versions/A/CoreDuetDaemonProtocol
0x00007ff91eb90000 	/System/Library/PrivateFrameworks/CaptiveNetwork.framework/Versions/A/CaptiveNetwork
0x00007ff82a86c000 	/System/Library/PrivateFrameworks/EAP8021X.framework/Versions/A/EAP8021X
0x00007ffc101b8000 	/System/Library/PrivateFrameworks/CryptoKitPrivate.framework/Versions/A/CryptoKitPrivate
0x00007ff918afd000 	/System/Library/PrivateFrameworks/FindMyDevice.framework/Versions/A/FindMyDevice
0x00007ff90c97a000 	/System/Library/PrivateFrameworks/FMCoreLite.framework/Versions/A/FMCoreLite
0x00007ff81c77f000 	/System/Library/Frameworks/ServiceManagement.framework/Versions/A/ServiceManagement
0x000000013904c000 	/Users/zvwgvx/.cache/rbw-forge-ui/jdk8u502-b07/Contents/Home/jre/lib/libfontmanager.dylib
0x00000001391da000 	/Users/zvwgvx/.cache/rbw-forge-ui/jdk8u502-b07/Contents/Home/jre/lib/libfreetype.dylib
0x000000013ab2e000 	/System/Library/Extensions/AGXMetalG16G_B0.bundle/Contents/MacOS/AGXMetalG16G_B0
0x00007ff9116d3000 	/System/Library/PrivateFrameworks/IOGPU.framework/Versions/A/IOGPU
0x00000001393fe000 	/Users/zvwgvx/.cache/rbw-forge-ui/gradle-user-home/caches/minecraft/net/minecraft/natives/1.8.9/liblwjgl.dylib
0x0000000139129000 	/Users/zvwgvx/.cache/rbw-forge-ui/jdk8u502-b07/Contents/Home/jre/lib/libjawt.dylib
0x00007ffb15b86000 	/System/Library/Frameworks/OpenGL.framework/Versions/A/Resources/GLEngine.bundle/GLEngine
0x00007ffb159fa000 	/System/Library/Frameworks/OpenGL.framework/Versions/A/Libraries/libGLProgrammability.dylib
0x000000013a56b000 	/System/Library/Extensions/AppleMetalOpenGLRenderer.bundle/Contents/MacOS/AppleMetalOpenGLRenderer
0x00007ffb15cf0000 	/System/Library/Frameworks/OpenGL.framework/Versions/A/Resources/GLRendererFloat.bundle/GLRendererFloat

VM Arguments:
jvm_args: -Drbw.ui.preview.control.file=/Users/zvwgvx/Project/rbw-client/game/client-mod/preview/rbw-ui-preview.json -Drbw.ui.preview.theme.file=/Users/zvwgvx/Project/rbw-client/game/client-mod/preview/rbw-ui-theme.json -Drbw.utility.settings.file=/Users/zvwgvx/Project/rbw-client/game/client-mod/preview/rbw-utility-settings.json -Dfile.encoding=UTF-8 -Duser.country=VN -Duser.language=en -Duser.variant 
java_command: GradleStart --width 1277 --height 717
java_class_path (initial): /Users/zvwgvx/.cache/rbw-forge-ui/gradle-user-home/caches/minecraft/deobfedDeps/compileDummy.jar:/Users/zvwgvx/.cache/rbw-forge-ui/gradle-user-home/caches/minecraft/deobfedDeps/providedDummy.jar:/Users/zvwgvx/.cache/rbw-forge-ui/gradle-user-home/caches/minecraft/net/minecraftforge/forge/1.8.9-11.15.1.2318-1.8.9/stable/22/forgeBin-1.8.9-11.15.1.2318-1.8.9.jar:/Users/zvwgvx/.cache/rbw-forge-ui/gradle-user-home/caches/modules-2/files-2.1/com.mojang/netty/1.8.8/a796914d1c8a55b4da9f4a8856dd9623375d8bb/netty-1.8.8.jar:/Users/zvwgvx/.cache/rbw-forge-ui/gradle-user-home/caches/modules-2/files-2.1/oshi-project/oshi-core/1.1/9ddf7b048a8d701be231c0f4f95fd986198fd2d8/oshi-core-1.1.jar:/Users/zvwgvx/.cache/rbw-forge-ui/gradle-user-home/caches/modules-2/files-2.1/net.java.dev.jna/jna/3.4.0/803ff252fedbd395baffd43b37341dc4a150a554/jna-3.4.0.jar:/Users/zvwgvx/.cache/rbw-forge-ui/gradle-user-home/caches/modules-2/files-2.1/net.java.dev.jna/platform/3.4.0/e3f70017be8100d3d6923f50b3d2ee17714e9c13/platform-3.4.0.jar:/Users/zvwgvx/.cache/rbw-forge-ui/gradle-user-home/caches/modules-2/files-2.1/com.ibm.icu/icu4j-core-mojang/51.2/63d216a9311cca6be337c1e458e587f99d382b84/icu4j-core-mojang-51.2.jar:/Users/zvwgvx/.cache/rbw-forge-ui/gradle-user-home/caches/modules-2/files-2.1/net.sf.jopt-simple/jopt-simple/4.6/306816fb57cf94f108a43c95731b08934dcae15c/jopt-simple-4.6.jar:/Users/zvwgvx/.cache/rbw-forge-ui/gradle-user-home/caches/modules-2/files-2.1/io.netty/netty-all/4.0.23.Final/294104aaf1781d6a56a07d561e792c5d0c95f45/netty-all-4.0.23.Final.jar:/Users/zvwgvx/.cache/rbw-forge-ui/gradle-user-home/caches/modules-2/files-2.1/com.google.guava/guava/17.0/9c6ef172e8de35fd8d4d8783e4821e57cdef7445/guava-17.0.jar:/Users/zvwgvx/.cache/rbw-forge-ui/gradle-user-home/caches/modules-2/files-2.1/org.apache.commons/commons-lang3/3.3.2/90a3822c38ec8c996e84c16a3477ef632cbc87a3/commons-lang3-3.3.2.jar:/Users/zvwgvx/.cache/rbw-forge-ui/gradle-user-home/caches/modules-2/files-2.1/commo
Launcher Type: SUN_STANDARD

Environment Variables:
JAVA_HOME=/Users/zvwgvx/.cache/rbw-forge-ui/jdk8u502-b07/Contents/Home
PATH=/Users/zvwgvx/.local/bin:/opt/homebrew/bin:/opt/homebrew/sbin:/usr/local/bin:/System/Cryptexes/App/usr/bin:/usr/bin:/bin:/usr/sbin:/sbin:/var/run/com.apple.security.cryptexd/codex.system/bootstrap/usr/local/bin:/var/run/com.apple.security.cryptexd/codex.system/bootstrap/usr/bin:/var/run/com.apple.security.cryptexd/codex.system/bootstrap/usr/appleinternal/bin:/pkg/env/global/bin:/Library/Apple/usr/bin:/Library/TeX/texbin:/Users/zvwgvx/.codex/tmp/arg0/codex-arg0fgEHZ3:/Users/zvwgvx/.cache/codex-runtimes/codex-primary-runtime/dependencies/bin/override:/opt/homebrew/Caskroom/miniconda/base/condabin:/Users/zvwgvx/.codeium/windsurf/bin:/Users/zvwgvx/.antigravity/antigravity/bin:/Users/zvwgvx/.opencode/bin:/Users/zvwgvx/.local/bin:/opt/homebrew/opt/libpq/bin:/Users/zvwgvx/Library/Python/3.9/bin:/Users/zvwgvx/.cargo/bin:/Users/zvwgvx/.lmstudio/bin:/Users/zvwgvx/.cache/codex-runtimes/codex-primary-runtime/dependencies/bin/fallback:/Applications/ChatGPT.app/Contents/Resources
SHELL=/bin/zsh

Signal Handlers:
SIGSEGV: [libjvm.dylib+0x55aaa3], sa_mask[0]=11111111111111111111111111111111, sa_flags=SA_ONSTACK|SA_RESTART|SA_SIGINFO
SIGBUS: [libjvm.dylib+0x55aaa3], sa_mask[0]=11111111111111111111111111111111, sa_flags=SA_RESTART|SA_SIGINFO
SIGFPE: [libjvm.dylib+0x45ac51], sa_mask[0]=11111111111111111111111111111111, sa_flags=SA_RESTART|SA_SIGINFO
SIGPIPE: [libjvm.dylib+0x45ac51], sa_mask[0]=11111111111111111111111111111111, sa_flags=SA_RESTART|SA_SIGINFO
SIGXFSZ: [libjvm.dylib+0x45ac51], sa_mask[0]=11111111111111111111111111111111, sa_flags=SA_RESTART|SA_SIGINFO
SIGILL: [libjvm.dylib+0x45ac51], sa_mask[0]=11111111111111111111111111111111, sa_flags=SA_RESTART|SA_SIGINFO
SIGUSR1: SIG_DFL, sa_mask[0]=00000000000000000000000000000000, sa_flags=none
SIGUSR2: [libjvm.dylib+0x45b523], sa_mask[0]=00100000000000000000000000000000, sa_flags=SA_RESTART|SA_SIGINFO
SIGHUP: [libjvm.dylib+0x45975d], sa_mask[0]=11111111111111111111111111111111, sa_flags=SA_RESTART|SA_SIGINFO
SIGINT: [libjvm.dylib+0x45975d], sa_mask[0]=11111111111111111111111111111111, sa_flags=SA_RESTART|SA_SIGINFO
SIGTERM: [libjvm.dylib+0x45975d], sa_mask[0]=11111111111111111111111111111111, sa_flags=SA_RESTART|SA_SIGINFO
SIGQUIT: [libjvm.dylib+0x45975d], sa_mask[0]=11111111111111111111111111111111, sa_flags=SA_RESTART|SA_SIGINFO


---------------  S Y S T E M  ---------------

OS:Bsduname:Darwin 25.6.0 Darwin Kernel Version 25.6.0: Sat Jul 11 15:26:29 PDT 2026; root:xnu-12377.161.13~4/RELEASE_ARM64_T8132 x86_64
rlimit: STACK 8176k, CORE 0k, NPROC 2666, NOFILE 12544, AS infinity
load average:4.77 4.36 4.09

CPU:total 10 (initial active 10) (1 cores per cpu, 1 threads per core) family 6 model 44 stepping 0, cmov, cx8, fxsr, mmx, sse, sse2, sse3, ssse3, sse4.1, sse4.2, popcnt, aes, clmul, tsc, tscinvbit, tscinv

Memory: 4k page, physical 16777216k(26028k free)

/proc/meminfo:


vm_info: OpenJDK 64-Bit Server VM (25.502-b07) for bsd-amd64 JRE (1.8.0_502-b07), built on Jul 21 2026 18:17:15 by "admin" with gcc Apple LLVM 15.0.0 (clang-1500.1.0.2.5)

time: Thu Aug 13 23:11:02 2026
timezone: +07
elapsed time: 9.402725 seconds (0d 0h 0m 9s)

