#
# A fatal error has been detected by the Java Runtime Environment:
#
#  SIGSEGV (0xb) at pc=0x00007ff805a0d5e2, pid=90410, tid=0x0000000000002303
#
# JRE version: OpenJDK Runtime Environment (8.0_502-b07) (build 1.8.0_502-b07)
# Java VM: OpenJDK 64-Bit Server VM (25.502-b07 mixed mode bsd-amd64 compressed oops)
# Problematic frame:
# C  [libobjc.A.dylib+0x85e2]  objc_release+0x22
#
# Failed to write core dump. Core dumps have been disabled. To enable core dumping, try "ulimit -c unlimited" before starting Java again
#
# If you would like to submit a bug report, please visit:
#   https://github.com/adoptium/adoptium-support/issues
# The crash happened outside the Java Virtual Machine in native code.
# See problematic frame for where to report the bug.
#

---------------  T H R E A D  ---------------

Current thread (0x00007f8b1000a800):  JavaThread "Client thread" [_thread_in_native, id=8963, stack(0x000000030547c000,0x000000030557c000)]

siginfo: si_signo: 11 (SIGSEGV), si_code: 1 (SEGV_MAPERR), si_addr: 0x000007f8a9987ca8

Registers:
RAX=0x600007f8a9987c88, RBX=0x00007f8b1005f000, RCX=0x00007ffffffffff8, RDX=0x000007f8a9987c88
RSP=0x000000030557a468, RBP=0x000000030557a4a0, RSI=0x0100000000000000, RDI=0x00007f8a9986abc0
R8 =0x013dff8a99f31357, R9 =0x0000000000000000, R10=0x00007ff8466997b8, R11=0x00007ff805efe9a4
R12=0xa3a3a3a3a3a3a3a3, R13=0x0000000000000001, R14=0x00007f8b1005f0d8, R15=0x00007f8a9986abc0
RIP=0x00007ff805a0d5e2, EFLAGS=0x0000000000000246, ERR=0x0000000000000004
  TRAPNO=0x000000000000000e

Top of Stack: (sp=0x000000030557a468)
0x000000030557a468:   00007ff805a10f15 f70650fba5da004f
0x000000030557a478:   00007f8b1005f0d8 0000000000000000
0x000000030557a488:   000000013aaf26e0 00007f8b1005f000
0x000000030557a498:   00007f8b1000a800 000000030557a4c0
0x000000030557a4a8:   00007ff805a0e353 00007f8b1005f0d8
0x000000030557a4b8:   00007ff825689ad3 000000030557a4e0
0x000000030557a4c8:   00007ff805eedaef f70650fba5da004f
0x000000030557a4d8:   00007f8a99f6d570 000000030557a520
0x000000030557a4e8:   00007ff8070c8413 000000030557a520
0x000000030557a4f8:   0000000139d02e0f 000000013aaf26e8
0x000000030557a508:   f70650fba5da004f 000000013aaf26e8
0x000000030557a518:   000000030557a5a8 000000030557a580
0x000000030557a528:   0000000110594e47 000000013aaf1790
0x000000030557a538:   0000000110594b62 000000030557a540
0x000000030557a548:   000000013aaf26e0 000000030557a5a8
0x000000030557a558:   000000013aaf2c48 0000000000000000
0x000000030557a568:   000000013aaf26e8 0000000000000000
0x000000030557a578:   000000030557a5a0 000000030557a5f0
0x000000030557a588:   0000000110584ffd 000000077a835b48
0x000000030557a598:   000000011058ea58 000000077a854078
0x000000030557a5a8:   000000077a6e3740 000000030557a5b0
0x000000030557a5b8:   000000013aaf25e7 000000030557a620
0x000000030557a5c8:   000000013aaf2c48 0000000000000000
0x000000030557a5d8:   000000013aaf2658 000000030557a5a0
0x000000030557a5e8:   000000030557a610 000000030557a678
0x000000030557a5f8:   0000000110585042 0000000000000000
0x000000030557a608:   000000077a6e3740 000000077a854078
0x000000030557a618:   000000077a6e3688 000000077a835bd8
0x000000030557a628:   00000001105909e7 000000077a835be8
0x000000030557a638:   000000030557a628 000000013aaeffd6
0x000000030557a648:   000000030557a688 000000013aaf0e70
0x000000030557a658:   0000000000000000 000000013aaf0008 

Instructions: (pc=0x00007ff805a0d5e2)
0x00007ff805a0d5c2:   ff 0f 94 c0 89 f9 08 c1 f6 c1 01 75 68 48 b9 f8
0x00007ff805a0d5d2:   ff ff ff ff 7f 00 00 48 8b 07 48 89 c2 48 21 ca
0x00007ff805a0d5e2:   48 8b 72 20 40 f6 c6 04 74 4c a8 01 74 6a 48 ba
0x00007ff805a0d5f2:   00 00 00 00 00 00 80 00 48 be 00 00 00 00 00 00 

Register to memory mapping:

RAX=0x600007f8a9987c88 is an unknown value
RBX=0x00007f8b1005f000 is an unknown value
RCX=0x00007ffffffffff8 is an unknown value
RDX=0x000007f8a9987c88 is an unknown value
RSP=0x000000030557a468 is pointing into the stack for thread: 0x00007f8b1000a800
RBP=0x000000030557a4a0 is pointing into the stack for thread: 0x00007f8b1000a800
RSI=0x0100000000000000 is an unknown value
RDI=0x00007f8a9986abc0 is an unknown value
R8 =0x013dff8a99f31357 is an unknown value
R9 =0x0000000000000000 is an unknown value
R10=0x00007ff8466997b8: OBJC_CLASS_$___NSCFType+0 in /System/Library/Frameworks/CoreFoundation.framework/Versions/A/CoreFoundation at 0x00007ff805eb1000
R11=0x00007ff805efe9a4: -[__NSCFType release]+0 in /System/Library/Frameworks/CoreFoundation.framework/Versions/A/CoreFoundation at 0x00007ff805eb1000
R12=0xa3a3a3a3a3a3a3a3 is an unknown value
R13=0x0000000000000001 is an unknown value
R14=0x00007f8b1005f0d8 is an unknown value
R15=0x00007f8a9986abc0 is an unknown value


Stack: [0x000000030547c000,0x000000030557c000],  sp=0x000000030557a468,  free space=1017k
Native frames: (J=compiled Java code, j=interpreted, Vv=VM code, C=native code)
C  [libobjc.A.dylib+0x85e2]  objc_release+0x22
C  [libobjc.A.dylib+0x9353]  objc_autoreleasePoolPop+0xec
C  [CoreFoundation+0x3caef]  _CFAutoreleasePoolPop+0x16
C  [Foundation+0x1d413]  -[NSAutoreleasePool release]+0x83
j  org.lwjgl.opengl.MacOSXContextImplementation.setView(Ljava/nio/ByteBuffer;Ljava/nio/ByteBuffer;)V+0
j  org.lwjgl.opengl.MacOSXContextImplementation.makeCurrent(Lorg/lwjgl/opengl/PeerInfo;Ljava/nio/ByteBuffer;)V+7
j  org.lwjgl.opengl.ContextGL.makeCurrent()V+46
j  org.lwjgl.opengl.DrawableGL.makeCurrent()V+14
j  org.lwjgl.opengl.Display.makeCurrent()V+3
j  org.lwjgl.opengl.Display.makeCurrentAndSetSwapInterval()V+0
j  org.lwjgl.opengl.Display.create(Lorg/lwjgl/opengl/PixelFormat;Lorg/lwjgl/opengl/Drawable;Lorg/lwjgl/opengl/ContextAttribs;)V+108
j  org.lwjgl.opengl.Display.create(Lorg/lwjgl/opengl/PixelFormat;)V+12
j  net.minecraft.client.Minecraft.createDisplay()V+22
j  net.minecraft.client.Minecraft.startGame()V+115
j  net.minecraft.client.Minecraft.run()V+6
j  net.minecraft.client.main.Main.main([Ljava/lang/String;)V+1068
v  ~StubRoutines::call_stub
V  [libjvm.dylib+0x2b54e5]  JavaCalls::call_helper(JavaValue*, methodHandle*, JavaCallArguments*, Thread*)+0x72f
V  [libjvm.dylib+0x4a1146]  Reflection::invoke(instanceKlassHandle, methodHandle, Handle, bool, objArrayHandle, BasicType, objArrayHandle, bool, Thread*)+0xa9e
V  [libjvm.dylib+0x4a1641]  Reflection::invoke_method(oopDesc*, Handle, objArrayHandle, Thread*)+0x135
V  [libjvm.dylib+0x329a49]  JVM_InvokeMethod+0x19d
j  sun.reflect.NativeMethodAccessorImpl.invoke0(Ljava/lang/reflect/Method;Ljava/lang/Object;[Ljava/lang/Object;)Ljava/lang/Object;+0
j  sun.reflect.NativeMethodAccessorImpl.invoke(Ljava/lang/Object;[Ljava/lang/Object;)Ljava/lang/Object;+100
j  sun.reflect.DelegatingMethodAccessorImpl.invoke(Ljava/lang/Object;[Ljava/lang/Object;)Ljava/lang/Object;+6
j  java.lang.reflect.Method.invoke(Ljava/lang/Object;[Ljava/lang/Object;)Ljava/lang/Object;+56
j  net.minecraft.launchwrapper.Launch.launch([Ljava/lang/String;)V+661
j  net.minecraft.launchwrapper.Launch.main([Ljava/lang/String;)V+8
v  ~StubRoutines::call_stub
V  [libjvm.dylib+0x2b54e5]  JavaCalls::call_helper(JavaValue*, methodHandle*, JavaCallArguments*, Thread*)+0x72f
V  [libjvm.dylib+0x4a1146]  Reflection::invoke(instanceKlassHandle, methodHandle, Handle, bool, objArrayHandle, BasicType, objArrayHandle, bool, Thread*)+0xa9e
V  [libjvm.dylib+0x4a1641]  Reflection::invoke_method(oopDesc*, Handle, objArrayHandle, Thread*)+0x135
V  [libjvm.dylib+0x329a49]  JVM_InvokeMethod+0x19d
j  sun.reflect.NativeMethodAccessorImpl.invoke0(Ljava/lang/reflect/Method;Ljava/lang/Object;[Ljava/lang/Object;)Ljava/lang/Object;+0
j  sun.reflect.NativeMethodAccessorImpl.invoke(Ljava/lang/Object;[Ljava/lang/Object;)Ljava/lang/Object;+100
j  sun.reflect.DelegatingMethodAccessorImpl.invoke(Ljava/lang/Object;[Ljava/lang/Object;)Ljava/lang/Object;+6
j  java.lang.reflect.Method.invoke(Ljava/lang/Object;[Ljava/lang/Object;)Ljava/lang/Object;+56
j  net.minecraftforge.gradle.GradleStartCommon.launch([Ljava/lang/String;)V+169
j  GradleStart.main([Ljava/lang/String;)V+11
v  ~StubRoutines::call_stub
V  [libjvm.dylib+0x2b54e5]  JavaCalls::call_helper(JavaValue*, methodHandle*, JavaCallArguments*, Thread*)+0x72f
V  [libjvm.dylib+0x2f0d8f]  jni_invoke_static(JNIEnv_*, JavaValue*, _jobject*, JNICallType, _jmethodID*, JNI_ArgumentPusher*, Thread*)+0x239
V  [libjvm.dylib+0x2f38d3]  jni_CallStaticVoidMethod+0x17b
C  [java+0x997c]  JavaMain+0x9a3
C  [libsystem_pthread.dylib+0x5d49]  _pthread_start+0x73
C  [libsystem_pthread.dylib+0x182f]  thread_start+0xf
C  0x0000000000000000

Java frames: (J=compiled Java code, j=interpreted, Vv=VM code)
j  org.lwjgl.opengl.MacOSXContextImplementation.setView(Ljava/nio/ByteBuffer;Ljava/nio/ByteBuffer;)V+0
j  org.lwjgl.opengl.MacOSXContextImplementation.makeCurrent(Lorg/lwjgl/opengl/PeerInfo;Ljava/nio/ByteBuffer;)V+7
j  org.lwjgl.opengl.ContextGL.makeCurrent()V+46
j  org.lwjgl.opengl.DrawableGL.makeCurrent()V+14
j  org.lwjgl.opengl.Display.makeCurrent()V+3
j  org.lwjgl.opengl.Display.makeCurrentAndSetSwapInterval()V+0
j  org.lwjgl.opengl.Display.create(Lorg/lwjgl/opengl/PixelFormat;Lorg/lwjgl/opengl/Drawable;Lorg/lwjgl/opengl/ContextAttribs;)V+108
j  org.lwjgl.opengl.Display.create(Lorg/lwjgl/opengl/PixelFormat;)V+12
j  net.minecraft.client.Minecraft.createDisplay()V+22
j  net.minecraft.client.Minecraft.startGame()V+115
j  net.minecraft.client.Minecraft.run()V+6
j  net.minecraft.client.main.Main.main([Ljava/lang/String;)V+1068
v  ~StubRoutines::call_stub
j  sun.reflect.NativeMethodAccessorImpl.invoke0(Ljava/lang/reflect/Method;Ljava/lang/Object;[Ljava/lang/Object;)Ljava/lang/Object;+0
j  sun.reflect.NativeMethodAccessorImpl.invoke(Ljava/lang/Object;[Ljava/lang/Object;)Ljava/lang/Object;+100
j  sun.reflect.DelegatingMethodAccessorImpl.invoke(Ljava/lang/Object;[Ljava/lang/Object;)Ljava/lang/Object;+6
j  java.lang.reflect.Method.invoke(Ljava/lang/Object;[Ljava/lang/Object;)Ljava/lang/Object;+56
j  net.minecraft.launchwrapper.Launch.launch([Ljava/lang/String;)V+661
j  net.minecraft.launchwrapper.Launch.main([Ljava/lang/String;)V+8
v  ~StubRoutines::call_stub
j  sun.reflect.NativeMethodAccessorImpl.invoke0(Ljava/lang/reflect/Method;Ljava/lang/Object;[Ljava/lang/Object;)Ljava/lang/Object;+0
j  sun.reflect.NativeMethodAccessorImpl.invoke(Ljava/lang/Object;[Ljava/lang/Object;)Ljava/lang/Object;+100
j  sun.reflect.DelegatingMethodAccessorImpl.invoke(Ljava/lang/Object;[Ljava/lang/Object;)Ljava/lang/Object;+6
j  java.lang.reflect.Method.invoke(Ljava/lang/Object;[Ljava/lang/Object;)Ljava/lang/Object;+56
j  net.minecraftforge.gradle.GradleStartCommon.launch([Ljava/lang/String;)V+169
j  GradleStart.main([Ljava/lang/String;)V+11
v  ~StubRoutines::call_stub

---------------  P R O C E S S  ---------------

Java Threads: ( => current thread )
  0x00007f8a98946800 JavaThread "AWT-Shutdown" [_thread_blocked, id=68859, stack(0x0000000306eeb000,0x0000000306feb000)]
  0x00007f8a8f91f800 JavaThread "Timer hack thread" daemon [_thread_blocked, id=66931, stack(0x0000000306be2000,0x0000000306ce2000)]
  0x00007f8a98544000 JavaThread "Snooper Timer" daemon [_thread_blocked, id=86575, stack(0x0000000306de8000,0x0000000306ee8000)]
  0x00007f8a98907800 JavaThread "Snooper Timer" daemon [_thread_blocked, id=53775, stack(0x0000000306ce5000,0x0000000306de5000)]
  0x00007f8a988be000 JavaThread "AppKit Thread" daemon [_thread_in_native, id=259, stack(0x0000000304bf8000,0x00000003053f8000)]
  0x00007f8b0f070000 JavaThread "Service Thread" daemon [_thread_blocked, id=30479, stack(0x00000003067c2000,0x00000003068c2000)]
  0x00007f8aef010800 JavaThread "C1 CompilerThread3" daemon [_thread_blocked, id=23043, stack(0x00000003066bf000,0x00000003067bf000)]
  0x00007f8b1008b800 JavaThread "C2 CompilerThread2" daemon [_thread_blocked, id=31235, stack(0x00000003065bc000,0x00000003066bc000)]
  0x00007f8b1008a800 JavaThread "C2 CompilerThread1" daemon [_thread_blocked, id=31491, stack(0x00000003064b9000,0x00000003065b9000)]
  0x00007f8b0f03c800 JavaThread "C2 CompilerThread0" daemon [_thread_blocked, id=32259, stack(0x00000003063b6000,0x00000003064b6000)]
  0x00007f8b10088800 JavaThread "Signal Dispatcher" daemon [_thread_blocked, id=22275, stack(0x00000003062b3000,0x00000003063b3000)]
  0x00007f8b0f02c800 JavaThread "Finalizer" daemon [_thread_blocked, id=21151, stack(0x00000003060a0000,0x00000003061a0000)]
  0x00007f8b0f026000 JavaThread "Reference Handler" daemon [_thread_blocked, id=17507, stack(0x0000000305f9d000,0x000000030609d000)]
=>0x00007f8b1000a800 JavaThread "Client thread" [_thread_in_native, id=8963, stack(0x000000030547c000,0x000000030557c000)]

Other Threads:
  0x00007f8b1005c000 VMThread [stack: 0x0000000305e9a000,0x0000000305f9a000] [id=21251]
  0x00007f8b10061000 WatcherThread [stack: 0x00000003068c5000,0x00000003069c5000] [id=23811]

VM state:not at safepoint (normal execution)

VM Mutex/Monitor currently owned by a thread: None

heap address: 0x00000006c0000000, size: 4096 MB, Compressed Oops mode: Zero based, Oop shift amount: 3
Narrow klass base: 0x0000000000000000, Narrow klass shift: 3
Compressed class space size: 1073741824 Address: 0x00000007c0000000

Heap:
 PSYoungGen      total 510976K, used 268681K [0x000000076ab00000, 0x000000078c900000, 0x00000007c0000000)
  eden space 476160K, 56% used [0x000000076ab00000,0x000000077b162448,0x0000000787c00000)
  from space 34816K, 0% used [0x000000078a100000,0x000000078a100000,0x000000078c300000)
  to   space 37888K, 0% used [0x0000000787c00000,0x0000000787c00000,0x000000078a100000)
 ParOldGen       total 169472K, used 63596K [0x00000006c0000000, 0x00000006ca580000, 0x000000076ab00000)
  object space 169472K, 37% used [0x00000006c0000000,0x00000006c3e1b3d0,0x00000006ca580000)
 Metaspace       used 24262K, capacity 24474K, committed 24832K, reserved 1071104K
  class space    used 3197K, capacity 3269K, committed 3328K, reserved 1048576K

Card table byte_map: [0x000000011f57d000,0x000000011fd7e000] byte_map_base: 0x000000011bf7d000

Marking Bits: (ParMarkBitMap*) 0x000000010f2b97f8
 Begin Bits: [0x000000011fd7e000, 0x0000000123d7e000)
 End Bits:   [0x0000000123d7e000, 0x0000000127d7e000)

Polling page: 0x0000000100940000

CodeCache: size=245760Kb used=11893Kb max_used=11958Kb free=233866Kb
 bounds [0x000000011057d000, 0x000000011113d000, 0x000000011f57d000]
 total_blobs=3241 nmethods=2782 adapters=372
 compilation: enabled

Compilation events (10 events):
Event: 4.576 Thread 0x00007f8aef010800 nmethod 3211 0x0000000110a81690 code [0x0000000110a817e0, 0x0000000110a818f0]
Event: 4.584 Thread 0x00007f8b1008b800 3212       4       java.util.HashMap::get (23 bytes)
Event: 4.588 Thread 0x00007f8b1008b800 nmethod 3212 0x0000000111123d50 code [0x0000000111123f20, 0x0000000111124650]
Event: 4.624 Thread 0x00007f8b0f03c800 nmethod 3201 0x000000011112bb50 code [0x000000011112c3a0, 0x0000000111132398]
Event: 4.660 Thread 0x00007f8aef010800 3213       3       sun.reflect.ReflectionFactory::checkInitted (19 bytes)
Event: 4.660 Thread 0x00007f8aef010800 nmethod 3213 0x00000001106964d0 code [0x0000000110696660, 0x0000000110696928]
Event: 4.663 Thread 0x00007f8aef010800 3214       3       java.lang.reflect.Modifier::isFinal (13 bytes)
Event: 4.664 Thread 0x00007f8aef010800 nmethod 3214 0x0000000110780a90 code [0x0000000110780c00, 0x0000000110780d90]
Event: 4.666 Thread 0x00007f8aef010800 3215       3       java.lang.reflect.Field::setFieldAccessor (34 bytes)
Event: 4.667 Thread 0x00007f8aef010800 nmethod 3215 0x00000001106f2610 code [0x00000001106f27a0, 0x00000001106f2b28]

GC Heap History (10 events):
Event: 1.896 GC heap before
{Heap before GC invocations=6 (full 1):
 PSYoungGen      total 141824K, used 141820K [0x000000076ab00000, 0x0000000774000000, 0x00000007c0000000)
  eden space 131072K, 100% used [0x000000076ab00000,0x0000000772b00000,0x0000000772b00000)
  from space 10752K, 99% used [0x0000000773580000,0x0000000773fff1f0,0x0000000774000000)
  to   space 10752K, 0% used [0x0000000772b00000,0x0000000772b00000,0x0000000773580000)
 ParOldGen       total 175104K, used 40002K [0x00000006c0000000, 0x00000006cab00000, 0x000000076ab00000)
  object space 175104K, 22% used [0x00000006c0000000,0x00000006c27108a0,0x00000006cab00000)
 Metaspace       used 15075K, capacity 15234K, committed 15488K, reserved 1062912K
  class space    used 1798K, capacity 1851K, committed 1920K, reserved 1048576K
Event: 1.906 GC heap after
Heap after GC invocations=6 (full 1):
 PSYoungGen      total 141824K, used 10726K [0x000000076ab00000, 0x000000077c000000, 0x00000007c0000000)
  eden space 131072K, 0% used [0x000000076ab00000,0x000000076ab00000,0x0000000772b00000)
  from space 10752K, 99% used [0x0000000772b00000,0x0000000773579a98,0x0000000773580000)
  to   space 10752K, 0% used [0x000000077b580000,0x000000077b580000,0x000000077c000000)
 ParOldGen       total 175104K, used 45819K [0x00000006c0000000, 0x00000006cab00000, 0x000000076ab00000)
  object space 175104K, 26% used [0x00000006c0000000,0x00000006c2cbef10,0x00000006cab00000)
 Metaspace       used 15075K, capacity 15234K, committed 15488K, reserved 1062912K
  class space    used 1798K, capacity 1851K, committed 1920K, reserved 1048576K
}
Event: 2.874 GC heap before
{Heap before GC invocations=7 (full 1):
 PSYoungGen      total 141824K, used 141798K [0x000000076ab00000, 0x000000077c000000, 0x00000007c0000000)
  eden space 131072K, 100% used [0x000000076ab00000,0x0000000772b00000,0x0000000772b00000)
  from space 10752K, 99% used [0x0000000772b00000,0x0000000773579a98,0x0000000773580000)
  to   space 10752K, 0% used [0x000000077b580000,0x000000077b580000,0x000000077c000000)
 ParOldGen       total 175104K, used 45819K [0x00000006c0000000, 0x00000006cab00000, 0x000000076ab00000)
  object space 175104K, 26% used [0x00000006c0000000,0x00000006c2cbef10,0x00000006cab00000)
 Metaspace       used 18216K, capacity 18484K, committed 18688K, reserved 1064960K
  class space    used 2123K, capacity 2212K, committed 2304K, reserved 1048576K
Event: 2.887 GC heap after
Heap after GC invocations=7 (full 1):
 PSYoungGen      total 250368K, used 10747K [0x000000076ab00000, 0x000000077ec00000, 0x00000007c0000000)
  eden space 239616K, 0% used [0x000000076ab00000,0x000000076ab00000,0x0000000779500000)
  from space 10752K, 99% used [0x000000077b580000,0x000000077bffecd8,0x000000077c000000)
  to   space 33280K, 0% used [0x0000000779500000,0x0000000779500000,0x000000077b580000)
 ParOldGen       total 175104K, used 61059K [0x00000006c0000000, 0x00000006cab00000, 0x000000076ab00000)
  object space 175104K, 34% used [0x00000006c0000000,0x00000006c3ba0e00,0x00000006cab00000)
 Metaspace       used 18216K, capacity 18484K, committed 18688K, reserved 1064960K
  class space    used 2123K, capacity 2212K, committed 2304K, reserved 1048576K
}
Event: 3.692 GC heap before
{Heap before GC invocations=8 (full 1):
 PSYoungGen      total 250368K, used 250363K [0x000000076ab00000, 0x000000077ec00000, 0x00000007c0000000)
  eden space 239616K, 100% used [0x000000076ab00000,0x0000000779500000,0x0000000779500000)
  from space 10752K, 99% used [0x000000077b580000,0x000000077bffecd8,0x000000077c000000)
  to   space 33280K, 0% used [0x0000000779500000,0x0000000779500000,0x000000077b580000)
 ParOldGen       total 175104K, used 61059K [0x00000006c0000000, 0x00000006cab00000, 0x000000076ab00000)
  object space 175104K, 34% used [0x00000006c0000000,0x00000006c3ba0e00,0x00000006cab00000)
 Metaspace       used 20218K, capacity 20442K, committed 20736K, reserved 1067008K
  class space    used 2444K, capacity 2501K, committed 2560K, reserved 1048576K
Event: 3.703 GC heap after
Heap after GC invocations=8 (full 1):
 PSYoungGen      total 272896K, used 26019K [0x000000076ab00000, 0x000000078c300000, 0x00000007c0000000)
  eden space 239616K, 0% used [0x000000076ab00000,0x000000076ab00000,0x0000000779500000)
  from space 33280K, 78% used [0x0000000779500000,0x000000077ae68cb8,0x000000077b580000)
  to   space 34816K, 0% used [0x000000078a100000,0x000000078a100000,0x000000078c300000)
 ParOldGen       total 175104K, used 61067K [0x00000006c0000000, 0x00000006cab00000, 0x000000076ab00000)
  object space 175104K, 34% used [0x00000006c0000000,0x00000006c3ba2e00,0x00000006cab00000)
 Metaspace       used 20218K, capacity 20442K, committed 20736K, reserved 1067008K
  class space    used 2444K, capacity 2501K, committed 2560K, reserved 1048576K
}
Event: 3.978 GC heap before
{Heap before GC invocations=9 (full 1):
 PSYoungGen      total 272896K, used 204720K [0x000000076ab00000, 0x000000078c300000, 0x00000007c0000000)
  eden space 239616K, 74% used [0x000000076ab00000,0x00000007759836a8,0x0000000779500000)
  from space 33280K, 78% used [0x0000000779500000,0x000000077ae68cb8,0x000000077b580000)
  to   space 34816K, 0% used [0x000000078a100000,0x000000078a100000,0x000000078c300000)
 ParOldGen       total 175104K, used 61067K [0x00000006c0000000, 0x00000006cab00000, 0x000000076ab00000)
  object space 175104K, 34% used [0x00000006c0000000,0x00000006c3ba2e00,0x00000006cab00000)
 Metaspace       used 20931K, capacity 21114K, committed 21296K, reserved 1069056K
  class space    used 2596K, capacity 2661K, committed 2688K, reserved 1048576K
Event: 3.992 GC heap after
Heap after GC invocations=9 (full 1):
 PSYoungGen      total 510976K, used 31062K [0x000000076ab00000, 0x000000078c900000, 0x00000007c0000000)
  eden space 476160K, 0% used [0x000000076ab00000,0x000000076ab00000,0x0000000787c00000)
  from space 34816K, 89% used [0x000000078a100000,0x000000078bf55a98,0x000000078c300000)
  to   space 37888K, 0% used [0x0000000787c00000,0x0000000787c00000,0x000000078a100000)
 ParOldGen       total 175104K, used 64592K [0x00000006c0000000, 0x00000006cab00000, 0x000000076ab00000)
  object space 175104K, 36% used [0x00000006c0000000,0x00000006c3f14238,0x00000006cab00000)
 Metaspace       used 20931K, capacity 21114K, committed 21296K, reserved 1069056K
  class space    used 2596K, capacity 2661K, committed 2688K, reserved 1048576K
}
Event: 3.992 GC heap before
{Heap before GC invocations=10 (full 2):
 PSYoungGen      total 510976K, used 31062K [0x000000076ab00000, 0x000000078c900000, 0x00000007c0000000)
  eden space 476160K, 0% used [0x000000076ab00000,0x000000076ab00000,0x0000000787c00000)
  from space 34816K, 89% used [0x000000078a100000,0x000000078bf55a98,0x000000078c300000)
  to   space 37888K, 0% used [0x0000000787c00000,0x0000000787c00000,0x000000078a100000)
 ParOldGen       total 175104K, used 64592K [0x00000006c0000000, 0x00000006cab00000, 0x000000076ab00000)
  object space 175104K, 36% used [0x00000006c0000000,0x00000006c3f14238,0x00000006cab00000)
 Metaspace       used 20931K, capacity 21114K, committed 21296K, reserved 1069056K
  class space    used 2596K, capacity 2661K, committed 2688K, reserved 1048576K
Event: 4.038 GC heap after
Heap after GC invocations=10 (full 2):
 PSYoungGen      total 510976K, used 0K [0x000000076ab00000, 0x000000078c900000, 0x00000007c0000000)
  eden space 476160K, 0% used [0x000000076ab00000,0x000000076ab00000,0x0000000787c00000)
  from space 34816K, 0% used [0x000000078a100000,0x000000078a100000,0x000000078c300000)
  to   space 37888K, 0% used [0x0000000787c00000,0x0000000787c00000,0x000000078a100000)
 ParOldGen       total 169472K, used 63596K [0x00000006c0000000, 0x00000006ca580000, 0x000000076ab00000)
  object space 169472K, 37% used [0x00000006c0000000,0x00000006c3e1b3d0,0x00000006ca580000)
 Metaspace       used 20931K, capacity 21114K, committed 21296K, reserved 1069056K
  class space    used 2596K, capacity 2661K, committed 2688K, reserved 1048576K
}

Deoptimization events (10 events):
Event: 4.389 Thread 0x00007f8b1000a800 Uncommon trap: reason=unstable_if action=reinterpret pc=0x0000000110b66b5c method=net.minecraftforge.fml.common.asm.transformers.TerminalTransformer$ExitVisitor.visitMethod(ILjava/lang/String;Ljava/lang/String;Ljava/lang/String;[Ljava/lang/String;)Lorg/ob
Event: 4.409 Thread 0x00007f8b1000a800 Uncommon trap: reason=unstable_if action=reinterpret pc=0x0000000110a647e4 method=com.google.common.base.Splitter$SplittingIterator.computeNext()Ljava/lang/String; @ 193
Event: 4.410 Thread 0x00007f8b1000a800 Uncommon trap: reason=unstable_if action=reinterpret pc=0x0000000110a3a760 method=com.google.common.base.Splitter$SplittingIterator.computeNext()Ljava/lang/String; @ 193
Event: 4.410 Thread 0x00007f8b1000a800 Uncommon trap: reason=unstable_if action=reinterpret pc=0x0000000110a51d6c method=com.google.common.base.Splitter$SplittingIterator.computeNext()Ljava/lang/String; @ 193
Event: 4.429 Thread 0x00007f8b1000a800 Uncommon trap: reason=loop_limit_check action=maybe_recompile pc=0x0000000110a3f58c method=java.util.regex.Pattern$Start.match(Ljava/util/regex/Matcher;ILjava/lang/CharSequence;)Z @ 37
Event: 4.502 Thread 0x00007f8b1000a800 Uncommon trap: reason=unstable_if action=reinterpret pc=0x000000011097fbb8 method=java.util.HashMap.hash(Ljava/lang/Object;)I @ 1
Event: 4.579 Thread 0x00007f8b1000a800 Uncommon trap: reason=class_check action=maybe_recompile pc=0x0000000110ff8c1c method=java.text.SimpleDateFormat.subFormat(IILjava/text/Format$FieldDelegate;Ljava/lang/StringBuffer;Z)V @ 1254
Event: 4.579 Thread 0x00007f8b1000a800 Uncommon trap: reason=class_check action=maybe_recompile pc=0x0000000110ff8c1c method=java.text.SimpleDateFormat.subFormat(IILjava/text/Format$FieldDelegate;Ljava/lang/StringBuffer;Z)V @ 1254
Event: 4.579 Thread 0x00007f8b1000a800 Uncommon trap: reason=class_check action=maybe_recompile pc=0x0000000110ff8c1c method=java.text.SimpleDateFormat.subFormat(IILjava/text/Format$FieldDelegate;Ljava/lang/StringBuffer;Z)V @ 1254
Event: 4.580 Thread 0x00007f8b1000a800 Uncommon trap: reason=class_check action=maybe_recompile pc=0x0000000110ff8c1c method=java.text.SimpleDateFormat.subFormat(IILjava/text/Format$FieldDelegate;Ljava/lang/StringBuffer;Z)V @ 1254

Classes redefined (0 events):
No events

Internal exceptions (10 events):
Event: 1.720 Thread 0x00007f8b1000a800 Implicit null exception at 0x000000011098d034 to 0x000000011098e2c6
Event: 1.720 Thread 0x00007f8b1000a800 Exception <a 'java/lang/NullPointerException'> (0x000000076e89e530) thrown at [/Users/admin/workspace/workspace/build-scripts/jobs/release/jobs/jdk8u/jdk8u-release-mac-x64-temurin/workspace/build/src/hotspot/src/share/vm/runtime/sharedRuntime.cpp, line 60
Event: 1.720 Thread 0x00007f8b1000a800 Implicit null exception at 0x000000011098d034 to 0x000000011098e2c6
Event: 1.720 Thread 0x00007f8b1000a800 Exception <a 'java/lang/NullPointerException'> (0x000000076e8b3918) thrown at [/Users/admin/workspace/workspace/build-scripts/jobs/release/jobs/jdk8u/jdk8u-release-mac-x64-temurin/workspace/build/src/hotspot/src/share/vm/runtime/sharedRuntime.cpp, line 60
Event: 2.263 Thread 0x00007f8b1000a800 Exception <a 'java/lang/NoSuchFieldError': method resolution failed> (0x000000076eaca030) thrown at [/Users/admin/workspace/workspace/build-scripts/jobs/release/jobs/jdk8u/jdk8u-release-mac-x64-temurin/workspace/build/src/hotspot/src/share/vm/prims/method
Event: 2.266 Thread 0x00007f8b1000a800 Exception <a 'java/lang/NoSuchFieldError': method resolution failed> (0x000000076ead76f0) thrown at [/Users/admin/workspace/workspace/build-scripts/jobs/release/jobs/jdk8u/jdk8u-release-mac-x64-temurin/workspace/build/src/hotspot/src/share/vm/prims/method
Event: 2.444 Thread 0x00007f8b1000a800 Exception <a 'java/io/FileNotFoundException'> (0x000000076eb79660) thrown at [/Users/admin/workspace/workspace/build-scripts/jobs/release/jobs/jdk8u/jdk8u-release-mac-x64-temurin/workspace/build/src/hotspot/src/share/vm/prims/jni.cpp, line 712]
Event: 2.444 Thread 0x00007f8b1000a800 Exception <a 'java/io/FileNotFoundException'> (0x000000076eb7abc0) thrown at [/Users/admin/workspace/workspace/build-scripts/jobs/release/jobs/jdk8u/jdk8u-release-mac-x64-temurin/workspace/build/src/hotspot/src/share/vm/prims/jni.cpp, line 712]
Event: 2.457 Thread 0x00007f8b1000a800 Exception <a 'java/lang/UnsatisfiedLinkError'> (0x000000076eba0028) thrown at [/Users/admin/workspace/workspace/build-scripts/jobs/release/jobs/jdk8u/jdk8u-release-mac-x64-temurin/workspace/build/src/hotspot/src/share/vm/prims/jvm.cpp, line 1518]
Event: 4.502 Thread 0x00007f8b1000a800 Implicit null exception at 0x000000011097f975 to 0x000000011097fba9

Events (10 events):
Event: 4.666 loading class org/lwjgl/opengl/ContextGL
Event: 4.666 loading class org/lwjgl/opengl/ContextGL done
Event: 4.670 loading class org/lwjgl/opengl/ContextImplementation
Event: 4.670 loading class org/lwjgl/opengl/ContextImplementation done
Event: 4.670 loading class org/lwjgl/opengl/MacOSXContextImplementation
Event: 4.670 loading class org/lwjgl/opengl/MacOSXContextImplementation done
Event: 4.670 loading class org/lwjgl/opengl/GLContext
Event: 4.670 loading class org/lwjgl/opengl/GLContext done
Event: 4.671 loading class org/lwjgl/opengl/GLContext$CapabilitiesCacheEntry
Event: 4.671 loading class org/lwjgl/opengl/GLContext$CapabilitiesCacheEntry done


Dynamic libraries:
0x00007ff904204000 	/System/Library/Frameworks/Cocoa.framework/Versions/A/Cocoa
0x00007ff809cd6000 	/System/Library/Frameworks/AppKit.framework/Versions/C/AppKit
0x00007ff80d5ca000 	/System/Library/Frameworks/CoreData.framework/Versions/A/CoreData
0x00007ff8070ab000 	/System/Library/Frameworks/Foundation.framework/Versions/C/Foundation
0x00007ff8164e9000 	/usr/lib/libSystem.B.dylib
0x00007ff80b4d3000 	/System/Library/PrivateFrameworks/UIFoundation.framework/Versions/A/UIFoundation
0x00007ffb21a14000 	/System/Library/PrivateFrameworks/CollectionViewCore.framework/Versions/A/CollectionViewCore
0x00007ff8132ed000 	/System/Library/PrivateFrameworks/XCTTargetBootstrap.framework/Versions/A/XCTTargetBootstrap
0x00007ffc144eb000 	/System/Library/PrivateFrameworks/GenerativeModels.framework/Versions/A/GenerativeModels
0x00007ff81925f000 	/System/Library/PrivateFrameworks/InternationalSupport.framework/Versions/A/InternationalSupport
0x00007ff8195b3000 	/System/Library/PrivateFrameworks/UserActivity.framework/Versions/A/UserActivity
0x00007ff80dcf5000 	/System/Library/PrivateFrameworks/BaseBoard.framework/Versions/A/BaseBoard
0x00007ffc0baa3000 	/System/Library/PrivateFrameworks/FrontBoard.framework/Versions/A/FrontBoard
0x00007ff821485000 	/System/Library/PrivateFrameworks/FrontBoardServices.framework/Versions/A/FrontBoardServices
0x00007ffe097ff000 	/usr/lib/libRosetta.dylib
0x00007ffd1d016000 	/System/Library/PrivateFrameworks/UIIntelligenceSupport.framework/Versions/A/UIIntelligenceSupport
0x00007ffb16a1a000 	/System/Library/Frameworks/SwiftUICore.framework/Versions/A/SwiftUICore
0x00007ffe0345d000 	/System/Library/PrivateFrameworks/WritingTools.framework/Versions/A/WritingTools
0x00007ffd2245c000 	/System/Library/PrivateFrameworks/WindowManagement.framework/Versions/A/WindowManagement
0x00007ff806d42000 	/System/Library/Frameworks/SystemConfiguration.framework/Versions/A/SystemConfiguration
0x00007ff8183a2000 	/usr/lib/libspindump.dylib
0x00007ff80b6b8000 	/System/Library/Frameworks/UniformTypeIdentifiers.framework/Versions/A/UniformTypeIdentifiers
0x00007ff81561e000 	/usr/lib/libbsm.0.dylib
0x00007ff810c03000 	/usr/lib/libapp_launch_measurement.dylib
0x00007ff80f7cd000 	/System/Library/PrivateFrameworks/CoreAnalytics.framework/Versions/A/CoreAnalytics
0x00007ff810c06000 	/System/Library/PrivateFrameworks/CoreAutoLayout.framework/Versions/A/CoreAutoLayout
0x00007ff812875000 	/System/Library/Frameworks/Metal.framework/Versions/A/Metal
0x00007ff813c98000 	/usr/lib/liblangid.dylib
0x00007ff8132f2000 	/System/Library/PrivateFrameworks/CoreSVG.framework/Versions/A/CoreSVG
0x00007ff80c133000 	/System/Library/PrivateFrameworks/SkyLight.framework/Versions/A/SkyLight
0x00007ffc0b7f1000 	/System/Library/PrivateFrameworks/FocusEngine.framework/Versions/A/FocusEngine
0x00007ff80c68f000 	/System/Library/Frameworks/CoreGraphics.framework/Versions/A/CoreGraphics
0x00007ffc095b1000 	/System/Library/PrivateFrameworks/DesignLibrary.framework/Versions/A/DesignLibrary
0x00007ff81f43f000 	/System/Library/Frameworks/Accelerate.framework/Versions/A/Accelerate
0x00007ff818191000 	/System/Library/PrivateFrameworks/IconServices.framework/Versions/A/IconServices
0x00007ff812851000 	/System/Library/Frameworks/IOSurface.framework/Versions/A/IOSurface
0x00007ff80f7fb000 	/usr/lib/libDiagnosticMessagesClient.dylib
0x00007ff8163f3000 	/usr/lib/libz.1.dylib
0x00007ff823b78000 	/System/Library/Frameworks/ApplicationServices.framework/Versions/A/ApplicationServices
0x00007ff8132da000 	/System/Library/PrivateFrameworks/DFRFoundation.framework/Versions/A/DFRFoundation
0x00007ff809569000 	/usr/lib/libicucore.A.dylib
0x00007ff81a7d5000 	/System/Library/Frameworks/AudioToolbox.framework/Versions/A/AudioToolbox
0x00007ff819569000 	/System/Library/PrivateFrameworks/DataDetectorsCore.framework/Versions/A/DataDetectorsCore
0x00007ffd1de18000 	/System/Library/PrivateFrameworks/UpdateCycle.framework/Versions/A/UpdateCycle
0x00007ff9168b6000 	/System/Library/PrivateFrameworks/TextInput.framework/Versions/A/TextInput
0x00007ff80c07d000 	/usr/lib/libMobileGestalt.dylib
0x00007ff812ffd000 	/System/Library/Frameworks/Carbon.framework/Versions/A/Frameworks/HIToolbox.framework/Versions/A/HIToolbox
0x00007ff810496000 	/System/Library/Frameworks/QuartzCore.framework/Versions/A/QuartzCore
0x00007ff809169000 	/System/Library/Frameworks/Security.framework/Versions/A/Security
0x00007ff81eda7000 	/System/Library/Frameworks/Carbon.framework/Versions/A/Frameworks/SpeechRecognition.framework/Versions/A/SpeechRecognition
0x00007ff8108c9000 	/System/Library/PrivateFrameworks/CoreUI.framework/Versions/A/CoreUI
0x00007ff8089c3000 	/System/Library/Frameworks/CoreAudio.framework/Versions/A/CoreAudio
0x00007ff80f8f0000 	/System/Library/Frameworks/DiskArbitration.framework/Versions/A/DiskArbitration
0x00007ff81891e000 	/System/Library/PrivateFrameworks/MultitouchSupport.framework/Versions/A/MultitouchSupport
0x00007ff80c07c000 	/usr/lib/libenergytrace.dylib
0x00007ff9097ff000 	/System/Library/PrivateFrameworks/RenderBox.framework/Versions/A/RenderBox
0x00007ff809b9a000 	/System/Library/Frameworks/IOKit.framework/Versions/A/IOKit
0x00007ff81f1c7000 	/System/Library/Frameworks/CoreServices.framework/Versions/A/CoreServices
0x00007ff810b8f000 	/System/Library/PrivateFrameworks/PerformanceAnalysis.framework/Versions/A/PerformanceAnalysis
0x00007ffb0e7d9000 	/System/Library/Frameworks/OpenGL.framework/Versions/A/OpenGL
0x00007ff810c4f000 	/usr/lib/libxml2.2.dylib
0x00007ff81550d000 	/System/Library/PrivateFrameworks/MobileKeyBag.framework/Versions/A/MobileKeyBag
0x00007ff805a05000 	/usr/lib/libobjc.A.dylib
0x00007ff805d8a000 	/usr/lib/libc++.1.dylib
0x00007ff81f13d000 	/System/Library/Frameworks/Accessibility.framework/Versions/A/Accessibility
0x00007ff80cfaa000 	/System/Library/Frameworks/ColorSync.framework/Versions/A/ColorSync
0x00007ff805eb1000 	/System/Library/Frameworks/CoreFoundation.framework/Versions/A/CoreFoundation
0x00007ff813672000 	/System/Library/Frameworks/CoreImage.framework/Versions/A/CoreImage
0x00007ff808788000 	/System/Library/Frameworks/CoreText.framework/Versions/A/CoreText
0x00007ffb10f91000 	/System/Library/Frameworks/CoreTransferable.framework/Versions/A/CoreTransferable
0x00007ffb113ed000 	/System/Library/Frameworks/DataDetection.framework/Versions/A/DataDetection
0x00007ffb11402000 	/System/Library/Frameworks/DeveloperToolsSupport.framework/Versions/A/DeveloperToolsSupport
0x00007ff81332d000 	/System/Library/Frameworks/ImageIO.framework/Versions/A/ImageIO
0x00007ffb178d6000 	/System/Library/Frameworks/Symbols.framework/Versions/A/Symbols
0x00007ff91b908000 	/System/Library/PrivateFrameworks/AttributeGraph.framework/Versions/A/AttributeGraph
0x00007ff821566000 	/System/Library/PrivateFrameworks/BoardServices.framework/Versions/A/BoardServices
0x00007ffa211b9000 	/System/Library/PrivateFrameworks/FeatureFlags.framework/Versions/A/FeatureFlags
0x00007ffc1497c000 	/System/Library/PrivateFrameworks/Gestures.framework/Versions/A/Gestures
0x00007ff8164ee000 	/System/Library/PrivateFrameworks/SoftLinking.framework/Versions/A/SoftLinking
0x00007ffa0b1e9000 	/usr/lib/swift/libswiftAccelerate.dylib
0x00007ff920c75000 	/usr/lib/swift/libswiftCompression.dylib
0x00007ff81a1b3000 	/usr/lib/swift/libswiftCore.dylib
0x00007ff91290d000 	/usr/lib/swift/libswiftCoreFoundation.dylib
0x00007ff912961000 	/usr/lib/swift/libswiftCoreImage.dylib
0x00007ff821219000 	/usr/lib/swift/libswiftDispatch.dylib
0x00007ff912962000 	/usr/lib/swift/libswiftIOKit.dylib
0x00007ff920c68000 	/usr/lib/swift/libswiftMetal.dylib
0x00007ffa10a45000 	/usr/lib/swift/libswiftOSLog.dylib
0x00007ff824116000 	/usr/lib/swift/libswiftObjectiveC.dylib
0x00007ffe0b0b3000 	/usr/lib/swift/libswiftObservation.dylib
0x00007ffa06698000 	/usr/lib/swift/libswiftQuartzCore.dylib
0x00007ffe0b16e000 	/usr/lib/swift/libswiftSpatial.dylib
0x00007ffe0b21d000 	/usr/lib/swift/libswiftSynchronization.dylib
0x00007ffa0b1da000 	/usr/lib/swift/libswiftUniformTypeIdentifiers.dylib
0x00007ff91291d000 	/usr/lib/swift/libswiftXPC.dylib
0x00007ffe0b25f000 	/usr/lib/swift/libswift_Builtin_float.dylib
0x00007ffe0b260000 	/usr/lib/swift/libswift_Concurrency.dylib
0x00007ff82411a000 	/usr/lib/swift/libswiftos.dylib
0x00007ff916667000 	/usr/lib/swift/libswiftsimd.dylib
0x00007ff816761000 	/usr/lib/libcompression.dylib
0x00007ff8191a1000 	/System/Library/PrivateFrameworks/TextureIO.framework/Versions/A/TextureIO
0x00007ff80d152000 	/System/Library/Frameworks/ApplicationServices.framework/Versions/A/Frameworks/HIServices.framework/Versions/A/HIServices
0x00007ff817d73000 	/usr/lib/libate.dylib
0x00007ff8164e3000 	/usr/lib/system/libcache.dylib
0x00007ff81649c000 	/usr/lib/system/libcommonCrypto.dylib
0x00007ff8164c5000 	/usr/lib/system/libcompiler_rt.dylib
0x00007ff8164b9000 	/usr/lib/system/libcopyfile.dylib
0x00007ff805b9e000 	/usr/lib/system/libcorecrypto.dylib
0x00007ff805cb7000 	/usr/lib/system/libdispatch.dylib
0x00007ff805a4a000 	/usr/lib/system/libdyld.dylib
0x00007ff8164d9000 	/usr/lib/system/libkeymgr.dylib
0x00007ff816481000 	/usr/lib/system/libmacho.dylib
0x00007ff8155f9000 	/usr/lib/system/libquarantine.dylib
0x00007ff8164d6000 	/usr/lib/system/libremovefile.dylib
0x00007ff80c0f9000 	/usr/lib/system/libsystem_asl.dylib
0x00007ff805b26000 	/usr/lib/system/libsystem_blocks.dylib
0x00007ff805d02000 	/usr/lib/system/libsystem_c.dylib
0x00007ff8164cd000 	/usr/lib/system/libsystem_collections.dylib
0x00007ff813c87000 	/usr/lib/system/libsystem_configuration.dylib
0x00007ff81281a000 	/usr/lib/system/libsystem_containermanager.dylib
0x00007ff815f0a000 	/usr/lib/system/libsystem_coreservices.dylib
0x00007ff809820000 	/usr/lib/system/libsystem_darwin.dylib
0x00007ffe0b575000 	/usr/lib/system/libsystem_darwindirectory.dylib
0x00007ff8164da000 	/usr/lib/system/libsystem_dnssd.dylib
0x00007ffe0b57a000 	/usr/lib/system/libsystem_eligibility.dylib
0x00007ff805cff000 	/usr/lib/system/libsystem_featureflags.dylib
0x00007ff805e82000 	/usr/lib/system/libsystem_info.dylib
0x00007ff816407000 	/usr/lib/system/libsystem_m.dylib
0x00007ff805c65000 	/usr/lib/system/libsystem_malloc.dylib
0x00007ff80c062000 	/usr/lib/system/libsystem_networkextension.dylib
0x00007ff809c68000 	/usr/lib/system/libsystem_notify.dylib
0x00007ff813c8b000 	/usr/lib/system/libsystem_sandbox.dylib
0x00007ffe0b585000 	/usr/lib/system/libsystem_sanitizers.dylib
0x00007ff8164d2000 	/usr/lib/system/libsystem_secinit.dylib
0x00007ff805e2d000 	/usr/lib/system/libsystem_kernel.dylib
0x00007ff805e78000 	/usr/lib/system/libsystem_platform.dylib
0x00007ff805e6c000 	/usr/lib/system/libsystem_pthread.dylib
0x00007ff80ded3000 	/usr/lib/system/libsystem_symptoms.dylib
0x00007ff805b7e000 	/usr/lib/system/libsystem_trace.dylib
0x00007ffe0b58d000 	/usr/lib/system/libsystem_trial.dylib
0x00007ff8164a8000 	/usr/lib/system/libunwind.dylib
0x00007ff805b2a000 	/usr/lib/system/libxpc.dylib
0x00007ff805e15000 	/usr/lib/libc++abi.dylib
0x00007ffe0ae36000 	/usr/lib/libswiftPrespecialized.dylib
0x00007ff8164eb000 	/usr/lib/libfakelink.dylib
0x00007ff80bcc6000 	/System/Library/Frameworks/CFNetwork.framework/Versions/A/CFNetwork
0x00007ff81653c000 	/usr/lib/libarchive.2.dylib
0x00007ff81cc09000 	/System/Library/Frameworks/Combine.framework/Versions/A/Combine
0x00007ffb21a3b000 	/System/Library/PrivateFrameworks/CollectionsInternal.framework/Versions/A/CollectionsInternal
0x00007ffd0c691000 	/System/Library/PrivateFrameworks/ReflectionInternal.framework/Versions/A/ReflectionInternal
0x00007ffd0d476000 	/System/Library/PrivateFrameworks/RuntimeInternal.framework/Versions/A/RuntimeInternal
0x00007ff90f7cb000 	/usr/lib/swift/libswiftDarwin.dylib
0x00007ffe0b231000 	/usr/lib/swift/libswiftSystem.dylib
0x00007ffe0b2cf000 	/usr/lib/swift/libswift_DarwinFoundation1.dylib
0x00007ffe0b37f000 	/usr/lib/swift/libswift_StringProcessing.dylib
0x00007ff809b1a000 	/System/Library/PrivateFrameworks/CoreServicesInternal.framework/Versions/A/CoreServicesInternal
0x00007ff8164b1000 	/usr/lib/liboah.dylib
0x00007ff823632000 	/System/Library/PrivateFrameworks/DiskImages.framework/Versions/A/DiskImages
0x00007ff90f26c000 	/System/Library/Frameworks/NetFS.framework/Versions/A/NetFS
0x00007ff810bcd000 	/System/Library/Frameworks/CoreServices.framework/Versions/A/Frameworks/FSEvents.framework/Versions/A/FSEvents
0x00007ff80982b000 	/System/Library/Frameworks/CoreServices.framework/Versions/A/Frameworks/CarbonCore.framework/Versions/A/CarbonCore
0x00007ff80f866000 	/System/Library/Frameworks/CoreServices.framework/Versions/A/Frameworks/Metadata.framework/Versions/A/Metadata
0x00007ff815f11000 	/System/Library/Frameworks/CoreServices.framework/Versions/A/Frameworks/OSServices.framework/Versions/A/OSServices
0x00007ff816618000 	/System/Library/Frameworks/CoreServices.framework/Versions/A/Frameworks/SearchKit.framework/Versions/A/SearchKit
0x00007ff80de50000 	/System/Library/Frameworks/CoreServices.framework/Versions/A/Frameworks/AE.framework/Versions/A/AE
0x00007ff80636e000 	/System/Library/Frameworks/CoreServices.framework/Versions/A/Frameworks/LaunchServices.framework/Versions/A/LaunchServices
0x00007ff817aab000 	/System/Library/Frameworks/CoreServices.framework/Versions/A/Frameworks/DictionaryServices.framework/Versions/A/DictionaryServices
0x00007ff810bdb000 	/System/Library/Frameworks/CoreServices.framework/Versions/A/Frameworks/SharedFileList.framework/Versions/A/SharedFileList
0x00007ff81669a000 	/usr/lib/libapple_nghttp2.dylib
0x00007ff80da71000 	/usr/lib/libsqlite3.dylib
0x00007ff80dc55000 	/System/Library/Frameworks/Accounts.framework/Versions/A/Accounts
0x00007ff82386c000 	/System/Library/PrivateFrameworks/AppSupport.framework/Versions/A/AppSupport
0x00007ff911722000 	/System/Library/Frameworks/AVFoundation.framework/Versions/A/AVFoundation
0x00007ff81ae52000 	/System/Library/Frameworks/GSS.framework/Versions/A/GSS
0x00007ff80dde7000 	/System/Library/PrivateFrameworks/RunningBoardServices.framework/Versions/A/RunningBoardServices
0x00007ff82409c000 	/System/Library/PrivateFrameworks/StreamingZip.framework/Versions/A/StreamingZip
0x00007ff80dedb000 	/System/Library/Frameworks/Network.framework/Versions/A/Network
0x00007ff816485000 	/usr/lib/system/libkxld.dylib
0x00007ffb1d4de000 	/System/Library/PrivateFrameworks/AppleKeyStore.framework/Versions/A/AppleKeyStore
0x00007ffe0957c000 	/usr/lib/libCoreEntitlements.dylib
0x00007ffc21835000 	/System/Library/PrivateFrameworks/MessageSecurity.framework/Versions/A/MessageSecurity
0x00007ff80da55000 	/System/Library/PrivateFrameworks/ProtocolBuffer.framework/Versions/A/ProtocolBuffer
0x00007ff8202b3000 	/System/Library/PrivateFrameworks/SymptomDiagnosticReporter.framework/Versions/A/SymptomDiagnosticReporter
0x00007ff817ea8000 	/System/Library/PrivateFrameworks/CrashReporterSupport.framework/Versions/A/CrashReporterSupport
0x00007ff815ef1000 	/System/Library/PrivateFrameworks/AppleFSCompression.framework/Versions/A/AppleFSCompression
0x00007ff815606000 	/usr/lib/libcoretls.dylib
0x00007ff817b19000 	/usr/lib/libcoretls_cfhelpers.dylib
0x00007ff81675b000 	/usr/lib/libpam.2.dylib
0x00007ff817b96000 	/usr/lib/libxar.1.dylib
0x00007ff817b1b000 	/System/Library/PrivateFrameworks/APFS.framework/Versions/A/APFS
0x00007ffd17b1d000 	/System/Library/PrivateFrameworks/SwiftASN1Internal.framework/Versions/A/SwiftASN1Internal
0x00007ff817ba4000 	/usr/lib/libutil.dylib
0x00007ff813c93000 	/System/Library/PrivateFrameworks/AppleSystemInfo.framework/Versions/A/AppleSystemInfo
0x00007ff8152e8000 	/System/Library/PrivateFrameworks/IOMobileFramebuffer.framework/Versions/A/IOMobileFramebuffer
0x00007ff822fbc000 	/System/Library/PrivateFrameworks/CoreWiFi.framework/Versions/A/CoreWiFi
0x00007ff9127d3000 	/System/Library/PrivateFrameworks/LoggingSupport.framework/Versions/A/LoggingSupport
0x00007ff81aeaa000 	/System/Library/PrivateFrameworks/MobileAsset.framework/Versions/A/MobileAsset
0x00007ff8202c2000 	/System/Library/PrivateFrameworks/PowerLog.framework/Versions/A/PowerLog
0x00007ff821af7000 	/System/Library/PrivateFrameworks/Rapport.framework/Versions/A/Rapport
0x00007ffb168bb000 	/System/Library/Frameworks/SwiftData.framework/Versions/A/SwiftData
0x00007ff810de4000 	/System/Library/PrivateFrameworks/UserManagement.framework/Versions/A/UserManagement
0x00007ff80bbe1000 	/usr/lib/libboringssl.dylib
0x00007ff80dec1000 	/usr/lib/libdns_services.dylib
0x00007ff91185c000 	/usr/lib/libquic.dylib
0x00007ff81a13d000 	/usr/lib/libusrtcp.dylib
0x00007ffb1e337000 	/System/Library/PrivateFrameworks/AtomicsInternal.framework/Versions/A/AtomicsInternal
0x00007ffa196bf000 	/System/Library/PrivateFrameworks/InternalSwiftProtobuf.framework/Versions/A/InternalSwiftProtobuf
0x00007ffe0b08f000 	/usr/lib/swift/libswiftDistributed.dylib
0x00007ff813c92000 	/System/Library/PrivateFrameworks/AggregateDictionary.framework/Versions/A/AggregateDictionary
0x00007ffb1ea48000 	/System/Library/PrivateFrameworks/BiomeLibrary.framework/Versions/A/BiomeLibrary
0x00007ff921c9e000 	/System/Library/PrivateFrameworks/BiomeStreams.framework/Versions/A/BiomeStreams
0x00007ff91da59000 	/System/Library/PrivateFrameworks/BiomeFoundation.framework/Versions/A/BiomeFoundation
0x00007ffa08616000 	/System/Library/PrivateFrameworks/BiomePubSub.framework/Versions/A/BiomePubSub
0x00007ff82515f000 	/System/Library/PrivateFrameworks/ProactiveSupport.framework/Versions/A/ProactiveSupport
0x00007ffb186c1000 	/System/Library/Frameworks/_LocationEssentials.framework/Versions/A/_LocationEssentials
0x00007ff817afa000 	/usr/lib/liblzma.5.dylib
0x00007ff823b79000 	/System/Library/PrivateFrameworks/InternationalTextSearch.framework/Versions/A/InternationalTextSearch
0x00007ff91a1d8000 	/System/Library/PrivateFrameworks/SoftwareUpdateCoreSupport.framework/Versions/A/SoftwareUpdateCoreSupport
0x00007ff922649000 	/System/Library/PrivateFrameworks/SoftwareUpdateCoreConnect.framework/Versions/A/SoftwareUpdateCoreConnect
0x00007ff82371c000 	/System/Library/PrivateFrameworks/RemoteServiceDiscovery.framework/Versions/A/RemoteServiceDiscovery
0x00007ff919da0000 	/System/Library/PrivateFrameworks/MSUDataAccessor.framework/Versions/A/MSUDataAccessor
0x00007ff914b6d000 	/usr/lib/libbootpolicy.dylib
0x00007ff823733000 	/System/Library/PrivateFrameworks/RemoteXPC.framework/Versions/A/RemoteXPC
0x00007ff921b4d000 	/usr/lib/libFDR.dylib
0x00007ffa08240000 	/usr/lib/libamsupport.dylib
0x00007ffb1cca8000 	/System/Library/PrivateFrameworks/AppleDeviceQuerySupport.framework/Versions/A/AppleDeviceQuerySupport
0x00007ffa0b3fa000 	/usr/lib/libpartition2_dynamic.dylib
0x00007ff816678000 	/System/Library/PrivateFrameworks/AppleSauce.framework/Versions/A/AppleSauce
0x00007ffe09400000 	/usr/lib/libAppleArchive.dylib
0x00007ff815efc000 	/usr/lib/libbz2.1.0.dylib
0x00007ff80f8f8000 	/System/Library/Frameworks/Accelerate.framework/Versions/A/Frameworks/vImage.framework/Versions/A/vImage
0x00007ff81f19d000 	/System/Library/Frameworks/Accelerate.framework/Versions/A/Frameworks/vecLib.framework/Versions/A/vecLib
0x00007ff817bd8000 	/System/Library/Frameworks/Accelerate.framework/Versions/A/Frameworks/vecLib.framework/Versions/A/libvMisc.dylib
0x00007ff806888000 	/System/Library/Frameworks/Accelerate.framework/Versions/A/Frameworks/vecLib.framework/Versions/A/libBLAS.dylib
0x00007ff810d30000 	/System/Library/Frameworks/CoreVideo.framework/Versions/A/CoreVideo
0x00007ff81aa5c000 	/System/Library/Frameworks/ApplicationServices.framework/Versions/A/Frameworks/ATS.framework/Versions/A/ATS
0x00007ff81912e000 	/System/Library/Frameworks/ApplicationServices.framework/Versions/A/Frameworks/PrintCore.framework/Versions/A/PrintCore
0x00007ff81ae1c000 	/System/Library/Frameworks/ApplicationServices.framework/Versions/A/Frameworks/QD.framework/Versions/A/QD
0x00007ff81ae18000 	/System/Library/Frameworks/ApplicationServices.framework/Versions/A/Frameworks/ColorSyncLegacy.framework/Versions/A/ColorSyncLegacy
0x00007ff81aa31000 	/System/Library/Frameworks/ApplicationServices.framework/Versions/A/Frameworks/SpeechSynthesis.framework/Versions/A/SpeechSynthesis
0x00007ff812d2e000 	/System/Library/PrivateFrameworks/FontServices.framework/libFontParser.dylib
0x00007ff823451000 	/System/Library/PrivateFrameworks/BackBoardServices.framework/Versions/A/BackBoardServices
0x00007ffb1e95a000 	/System/Library/PrivateFrameworks/BackBoardHIDEventFoundation.framework/Versions/A/BackBoardHIDEventFoundation
0x00007ff808291000 	/System/Library/Frameworks/CoreDisplay.framework/Versions/A/CoreDisplay
0x00007ff818963000 	/System/Library/Frameworks/VideoToolbox.framework/Versions/A/VideoToolbox
0x00007ff816759000 	/System/Library/Frameworks/MetalPerformanceShaders.framework/Versions/A/MetalPerformanceShaders
0x00007ffd0b6e1000 	/System/Library/PrivateFrameworks/ProDisplayLibrary.framework/Versions/A/ProDisplayLibrary
0x00007ff904bd3000 	/System/Library/PrivateFrameworks/IOSurfaceAccelerator.framework/Versions/A/IOSurfaceAccelerator
0x00007ff81286c000 	/System/Library/PrivateFrameworks/IOAccelerator.framework/Versions/A/IOAccelerator
0x00007ff812b86000 	/System/Library/Frameworks/CoreMedia.framework/Versions/A/CoreMedia
0x00007ff80c111000 	/System/Library/PrivateFrameworks/TCC.framework/Versions/A/TCC
0x00007ff81891c000 	/System/Library/PrivateFrameworks/WatchdogClient.framework/Versions/A/WatchdogClient
0x00007ff9128f3000 	/usr/lib/swift/libswiftCoreAudio.dylib
0x00007ffa0f24f000 	/usr/lib/swift/libswiftCoreMedia.dylib
0x00007ffe0b248000 	/usr/lib/swift/libswiftVideoToolbox.dylib
0x00007ffa08679000 	/System/Library/PrivateFrameworks/BiomeStorage.framework/Versions/A/BiomeStorage
0x00007ffc1a7c7000 	/System/Library/PrivateFrameworks/IntelligencePlatformLibrary.framework/Versions/A/IntelligencePlatformLibrary
0x00007ffd0a6bc000 	/System/Library/PrivateFrameworks/PoirotSchematizer.framework/Versions/A/PoirotSchematizer
0x00007ffb1f42d000 	/System/Library/PrivateFrameworks/BiomeSync.framework/Versions/A/BiomeSync
0x00007ffb1ea2f000 	/System/Library/PrivateFrameworks/BiomeDSL.framework/Versions/A/BiomeDSL
0x00007ffd0a731000 	/System/Library/PrivateFrameworks/PoirotUDFs.framework/Versions/A/PoirotUDFs
0x00007ffe0b2d3000 	/usr/lib/swift/libswift_DarwinFoundation2.dylib
0x00007ffe0b2d4000 	/usr/lib/swift/libswift_DarwinFoundation3.dylib
0x00007ff821aed000 	/System/Library/PrivateFrameworks/CoreTime.framework/Versions/A/CoreTime
0x00007ff816524000 	/usr/lib/libiconv.2.dylib
0x00007ff816480000 	/usr/lib/libcharset.1.dylib
0x00007ffd0a687000 	/System/Library/PrivateFrameworks/PoirotSQLite.framework/Versions/A/PoirotSQLite
0x00007ffe0b2d5000 	/usr/lib/swift/libswift_RegexParser.dylib
0x00007ffb2088b000 	/System/Library/PrivateFrameworks/CascadeSets.framework/Versions/A/CascadeSets
0x00007ff81b025000 	/System/Library/PrivateFrameworks/CorePhoneNumbers.framework/Versions/A/CorePhoneNumbers
0x00007ff81870a000 	/System/Library/PrivateFrameworks/AppleJPEG.framework/Versions/A/AppleJPEG
0x00007ff81810b000 	/usr/lib/libexpat.1.dylib
0x00007ff818ffa000 	/System/Library/Frameworks/ImageIO.framework/Versions/A/Resources/libPng.dylib
0x00007ff819028000 	/System/Library/Frameworks/ImageIO.framework/Versions/A/Resources/libTIFF.dylib
0x00007ff819117000 	/System/Library/Frameworks/ImageIO.framework/Versions/A/Resources/libGIF.dylib
0x00007ff818756000 	/System/Library/Frameworks/ImageIO.framework/Versions/A/Resources/libJP2.dylib
0x00007ff8190b9000 	/System/Library/Frameworks/ImageIO.framework/Versions/A/Resources/libJPEG.dylib
0x00007ff8190b0000 	/System/Library/Frameworks/ImageIO.framework/Versions/A/Resources/libRadiance.dylib
0x00007ffc111ac000 	/System/Library/PrivateFrameworks/GPUCompiler.framework/Versions/32023/Libraries/libllvm-flatbuffers.dylib
0x00007ffc0ba95000 	/System/Library/PrivateFrameworks/FramePacing.framework/Versions/A/FramePacing
0x00007ffb0e7cc000 	/System/Library/Frameworks/OpenGL.framework/Versions/A/Libraries/libCoreFSCache.dylib
0x00007ffc0c9fd000 	/System/Library/PrivateFrameworks/GPUCompiler.framework/Versions/32023/Libraries/libGPUCompilerUtils.dylib
0x00007ff821633000 	/System/Library/PrivateFrameworks/GraphicsServices.framework/Versions/A/GraphicsServices
0x00007ffb0e82a000 	/System/Library/Frameworks/OpenGL.framework/Versions/A/Libraries/libGLU.dylib
0x00007ffb0e7ec000 	/System/Library/Frameworks/OpenGL.framework/Versions/A/Libraries/libGFXShared.dylib
0x00007ffb0e9eb000 	/System/Library/Frameworks/OpenGL.framework/Versions/A/Libraries/libGL.dylib
0x00007ffb0e7f5000 	/System/Library/Frameworks/OpenGL.framework/Versions/A/Libraries/libGLImage.dylib
0x00007ffb0e7e9000 	/System/Library/Frameworks/OpenGL.framework/Versions/A/Libraries/libCVMSPluginSupport.dylib
0x00007ffb0e7d4000 	/System/Library/Frameworks/OpenGL.framework/Versions/A/Libraries/libCoreVMClient.dylib
0x00007ff8190a9000 	/System/Library/PrivateFrameworks/GPUWrangler.framework/Versions/A/GPUWrangler
0x00007ff81908d000 	/System/Library/PrivateFrameworks/IOPresentment.framework/Versions/A/IOPresentment
0x00007ff8190b3000 	/System/Library/PrivateFrameworks/DSExternalDisplay.framework/Versions/A/DSExternalDisplay
0x00007ffd1f520000 	/System/Library/PrivateFrameworks/VideoToolboxParavirtualizationSupport.framework/Versions/A/VideoToolboxParavirtualizationSupport
0x00007ff8180be000 	/System/Library/PrivateFrameworks/AppleVA.framework/Versions/A/AppleVA
0x00007ffb11525000 	/System/Library/Frameworks/ExtensionFoundation.framework/Versions/A/ExtensionFoundation
0x00007ff81911d000 	/System/Library/PrivateFrameworks/CMCaptureCore.framework/Versions/A/CMCaptureCore
0x00007ff818394000 	/System/Library/PrivateFrameworks/AppServerSupport.framework/Versions/A/AppServerSupport
0x00007ff81ae26000 	/System/Library/PrivateFrameworks/perfdata.framework/Versions/A/perfdata
0x00007ff8083ba000 	/System/Library/PrivateFrameworks/AudioToolboxCore.framework/Versions/A/AudioToolboxCore
0x00007ff812b61000 	/System/Library/PrivateFrameworks/caulk.framework/Versions/A/caulk
0x00007ff81aa18000 	/usr/lib/libAudioStatistics.dylib
0x00007ff911944000 	/System/Library/PrivateFrameworks/SystemPolicy.framework/Versions/A/SystemPolicy
0x00007ff81acc8000 	/usr/lib/libSMC.dylib
0x00007ff9195d9000 	/usr/lib/swift/libswiftCoreMIDI.dylib
0x00007ff903fe5000 	/System/Library/Frameworks/CoreMIDI.framework/Versions/A/CoreMIDI
0x00007ff818fd8000 	/usr/lib/libAudioToolboxUtility.dylib
0x00007ff81ae34000 	/usr/lib/libperfcheck.dylib
0x00007ffb1e3fc000 	/System/Library/PrivateFrameworks/AudioAnalytics.framework/Versions/A/AudioAnalytics
0x00007ffa193ae000 	/System/Library/Frameworks/OSLog.framework/Versions/A/OSLog
0x00007ffd06782000 	/System/Library/PrivateFrameworks/OSEligibility.framework/Versions/A/OSEligibility
0x00007ffb126d4000 	/System/Library/Frameworks/LightweightCodeRequirements.framework/Versions/A/LightweightCodeRequirements
0x00007ff817ff9000 	/System/Library/PrivateFrameworks/PlugInKit.framework/Versions/A/PlugInKit
0x00007ff815523000 	/System/Library/PrivateFrameworks/AssertionServices.framework/Versions/A/AssertionServices
0x00007ff818130000 	/System/Library/PrivateFrameworks/IconFoundation.framework/Versions/A/IconFoundation
0x00007ffc17975000 	/System/Library/PrivateFrameworks/IconRendering.framework/Versions/A/IconRendering
0x00007ffd0d62c000 	/System/Library/PrivateFrameworks/SFSymbols.framework/Versions/A/SFSymbols
0x00007ffb0f4d0000 	/System/Library/Frameworks/OpenCL.framework/Versions/A/OpenCL
0x00007ff81833d000 	/System/Library/PrivateFrameworks/GraphVisualizer.framework/Versions/A/GraphVisualizer
0x00007ffc0b9a0000 	/System/Library/PrivateFrameworks/FontServices.framework/Versions/A/FontServices
0x00007ff818350000 	/System/Library/PrivateFrameworks/OTSVG.framework/Versions/A/OTSVG
0x00007ff81087d000 	/System/Library/Frameworks/ApplicationServices.framework/Versions/A/Frameworks/ATS.framework/Versions/A/Resources/libFontRegistry.dylib
0x00007ffe0a45c000 	/usr/lib/libhvf.dylib
0x00007ffd072d4000 	/System/Library/PrivateFrameworks/ParsingInternal.framework/Versions/A/ParsingInternal
0x00007ffc0b9a4000 	/System/Library/PrivateFrameworks/FontServices.framework/libXTFontStaticRegistryData.dylib
0x00007ff813bc5000 	/System/Library/Frameworks/MetalPerformanceShaders.framework/Versions/A/Frameworks/MPSCore.framework/Versions/A/MPSCore
0x00007ff815e4c000 	/System/Library/Frameworks/MetalPerformanceShaders.framework/Versions/A/Frameworks/MPSImage.framework/Versions/A/MPSImage
0x00007ff8156a1000 	/System/Library/Frameworks/MetalPerformanceShaders.framework/Versions/A/Frameworks/MPSNeuralNetwork.framework/Versions/A/MPSNeuralNetwork
0x00007ff815bea000 	/System/Library/Frameworks/MetalPerformanceShaders.framework/Versions/A/Frameworks/MPSMatrix.framework/Versions/A/MPSMatrix
0x00007ff8159a0000 	/System/Library/Frameworks/MetalPerformanceShaders.framework/Versions/A/Frameworks/MPSRayIntersector.framework/Versions/A/MPSRayIntersector
0x00007ff815c29000 	/System/Library/Frameworks/MetalPerformanceShaders.framework/Versions/A/Frameworks/MPSNDArray.framework/Versions/A/MPSNDArray
0x00007ffb1353e000 	/System/Library/Frameworks/MetalPerformanceShaders.framework/Versions/A/Frameworks/MPSFunctions.framework/Versions/A/MPSFunctions
0x00007ffb1351e000 	/System/Library/Frameworks/MetalPerformanceShaders.framework/Versions/A/Frameworks/MPSBenchmarkLoop.framework/Versions/A/MPSBenchmarkLoop
0x00007ffb13553000 	/System/Library/Frameworks/MetalPerformanceShaders.framework/Versions/A/Frameworks/MPSHost.framework/Versions/A/MPSHost
0x00007ff806693000 	/System/Library/PrivateFrameworks/MetalTools.framework/Versions/A/MetalTools
0x00007ff917ee1000 	/System/Library/PrivateFrameworks/IOAccelMemoryInfo.framework/Versions/A/IOAccelMemoryInfo
0x00007ffa06aa4000 	/System/Library/PrivateFrameworks/kperf.framework/Versions/A/kperf
0x00007ff9128ef000 	/System/Library/PrivateFrameworks/GPURawCounter.framework/Versions/A/GPURawCounter
0x00007ffa14b28000 	/System/Library/PrivateFrameworks/Symbolication.framework/Versions/A/Symbolication
0x00007ffd0a27f000 	/System/Library/PrivateFrameworks/PhotosensitivityProcessing.framework/Versions/A/PhotosensitivityProcessing
0x00007ff821989000 	/System/Library/PrivateFrameworks/CoreSymbolication.framework/Versions/A/CoreSymbolication
0x00007ff912868000 	/System/Library/PrivateFrameworks/MallocStackLogging.framework/Versions/A/MallocStackLogging
0x00007ff82196b000 	/System/Library/PrivateFrameworks/DebugSymbols.framework/Versions/A/DebugSymbols
0x00007ffa052b6000 	/System/Library/PrivateFrameworks/OSAnalytics.framework/Versions/A/OSAnalytics
0x00007ffc09a3f000 	/System/Library/PrivateFrameworks/DeviceRecovery.framework/Versions/A/DeviceRecovery
0x00007ff816228000 	/System/Library/Frameworks/UserNotifications.framework/Versions/A/UserNotifications
0x00007ff91855c000 	/System/Library/PrivateFrameworks/SiriInstrumentation.framework/Versions/A/SiriInstrumentation
0x00007ffd0f78f000 	/System/Library/PrivateFrameworks/SiriAnalytics.framework/Versions/A/SiriAnalytics
0x00007ff915ca6000 	/System/Library/PrivateFrameworks/FeedbackLogger.framework/Versions/A/FeedbackLogger
0x00007ffa10cf2000 	/usr/lib/swift/libswiftAVFoundation.dylib
0x00007ffd1d65b000 	/System/Library/PrivateFrameworks/UnifiedAssetFramework.framework/Versions/A/UnifiedAssetFramework
0x00007ff81a99c000 	/System/Library/PrivateFrameworks/AudioSession.framework/Versions/A/AudioSession
0x00007ff818257000 	/System/Library/PrivateFrameworks/MediaExperience.framework/Versions/A/MediaExperience
0x00007ff81a786000 	/System/Library/PrivateFrameworks/AudioSession.framework/libSessionUtility.dylib
0x00007ff8201a1000 	/System/Library/Frameworks/CoreBluetooth.framework/Versions/A/CoreBluetooth
0x00007ff8153a0000 	/System/Library/PrivateFrameworks/CoreUtils.framework/Versions/A/CoreUtils
0x00007ff90a531000 	/System/Library/PrivateFrameworks/HID.framework/Versions/A/HID
0x00007ffc08ae1000 	/System/Library/PrivateFrameworks/CoreUtilsExtras.framework/Versions/A/CoreUtilsExtras
0x00007ffc178c3000 	/System/Library/PrivateFrameworks/IO80211.framework/Versions/A/IO80211
0x00007ff81c968000 	/System/Library/Frameworks/IOBluetooth.framework/Versions/A/IOBluetooth
0x00007ffe0b0cf000 	/usr/lib/swift/libswiftRegexBuilder.dylib
0x00007ff817e9f000 	/usr/lib/libIOReport.dylib
0x00007ffa21237000 	/System/Library/PrivateFrameworks/WiFiPeerToPeer.framework/Versions/A/WiFiPeerToPeer
0x00007ff815530000 	/System/Library/Frameworks/SecurityFoundation.framework/Versions/A/SecurityFoundation
0x00007ff806a66000 	/System/Library/PrivateFrameworks/Lexicon.framework/Versions/A/Lexicon
0x00007ffe0a8b9000 	/usr/lib/libmrc.dylib
0x00007ffc17935000 	/System/Library/PrivateFrameworks/IPConfiguration.framework/Versions/A/IPConfiguration
0x00007ffa1525b000 	/System/Library/PrivateFrameworks/Netrb.framework/Versions/A/Netrb
0x00007ff815689000 	/usr/lib/libgermantok.dylib
0x00007ff813da8000 	/System/Library/PrivateFrameworks/LinguisticData.framework/Versions/A/LinguisticData
0x00007ff8203a4000 	/System/Library/PrivateFrameworks/MediaKit.framework/Versions/A/MediaKit
0x00007ff8202fe000 	/System/Library/Frameworks/DiscRecording.framework/Versions/A/DiscRecording
0x00007ff818127000 	/usr/lib/libheimdal-asn1.dylib
0x00007ff824077000 	/System/Library/Frameworks/AudioUnit.framework/Versions/A/AudioUnit
0x00007ff810b9a000 	/System/Library/Frameworks/OpenDirectory.framework/Versions/A/OpenDirectory
0x00007ff810ba6000 	/System/Library/Frameworks/OpenDirectory.framework/Versions/A/Frameworks/CFOpenDirectory.framework/Versions/A/CFOpenDirectory
0x00007ff81ccc8000 	/System/Library/PrivateFrameworks/GeoServices.framework/Versions/A/GeoServices
0x00007ff81a74f000 	/System/Library/PrivateFrameworks/LocationSupport.framework/Versions/A/LocationSupport
0x00007ffc147a7000 	/System/Library/PrivateFrameworks/GeoServicesCore.framework/Versions/A/GeoServicesCore
0x00007ff90b3d3000 	/System/Library/PrivateFrameworks/PhoneNumbers.framework/Versions/A/PhoneNumbers
0x00007ffc1c49f000 	/System/Library/PrivateFrameworks/LocationLogEncryption.framework/Versions/A/LocationLogEncryption
0x00007ffb0fc04000 	/System/Library/Frameworks/AVFAudio.framework/Versions/A/AVFAudio
0x00007ffb0fd40000 	/System/Library/Frameworks/AVRouting.framework/Versions/A/AVRouting
0x00007ff90b4cc000 	/usr/lib/libAccessibility.dylib
0x00007ffc1b148000 	/System/Library/PrivateFrameworks/IsolatedCoreAudioClient.framework/Versions/A/IsolatedCoreAudioClient
0x00007ffd1b18b000 	/System/Library/PrivateFrameworks/Tightbeam.framework/Versions/A/Tightbeam
0x00007ffc04a69000 	/System/Library/PrivateFrameworks/CoreAudioOrchestration.framework/Versions/A/CoreAudioOrchestration
0x00007ffa0b8ce000 	/System/Library/PrivateFrameworks/AFKUser.framework/Versions/A/AFKUser
0x00007ff819625000 	/System/Library/Frameworks/MediaToolbox.framework/Versions/A/MediaToolbox
0x00007ff820882000 	/System/Library/PrivateFrameworks/CoreAVCHD.framework/Versions/A/CoreAVCHD
0x00007ff81f48c000 	/System/Library/Frameworks/MediaAccessibility.framework/Versions/A/MediaAccessibility
0x00007ff82087e000 	/System/Library/PrivateFrameworks/Mangrove.framework/Versions/A/Mangrove
0x00007ffb2002b000 	/System/Library/PrivateFrameworks/CMPhoto.framework/Versions/A/CMPhoto
0x00007ff82102f000 	/System/Library/Frameworks/CoreTelephony.framework/Versions/A/CoreTelephony
0x00007ff821832000 	/System/Library/PrivateFrameworks/AppleVPA.framework/Versions/A/AppleVPA
0x00007ff8204c3000 	/System/Library/PrivateFrameworks/CoreAUC.framework/Versions/A/CoreAUC
0x00007ffb1d1b6000 	/System/Library/PrivateFrameworks/AppleJPEGXL.framework/Versions/A/AppleJPEGXL
0x00007ff81b034000 	/usr/lib/libTelephonyUtilDynamic.dylib
0x00007ffa1c439000 	/System/Library/Frameworks/CryptoKit.framework/Versions/A/CryptoKit
0x00007ff824072000 	/System/Library/PrivateFrameworks/CryptoKitCBridging.framework/Versions/A/CryptoKitCBridging
0x00007ff821643000 	/System/Library/Frameworks/CryptoTokenKit.framework/Versions/A/CryptoTokenKit
0x00007ffc0954d000 	/System/Library/PrivateFrameworks/Dendrite.framework/Versions/A/Dendrite
0x00007ff9124b7000 	/System/Library/Frameworks/NaturalLanguage.framework/Versions/A/NaturalLanguage
0x00007ffa211c4000 	/usr/lib/swift/libswiftNaturalLanguage.dylib
0x00007ffb1de7a000 	/System/Library/PrivateFrameworks/AppleMobileFileIntegrity.framework/Versions/A/AppleMobileFileIntegrity
0x00007ffe09866000 	/usr/lib/libTLE.dylib
0x00007ff912898000 	/usr/lib/libmis.dylib
0x00007ffb09d4f000 	/System/Library/PrivateFrameworks/ConfigProfileHelper.framework/Versions/A/ConfigProfileHelper
0x00007ff8241f4000 	/System/Library/PrivateFrameworks/Espresso.framework/Versions/A/Espresso
0x00007ff8112f5000 	/System/Library/Frameworks/CoreML.framework/Versions/A/CoreML
0x00007ffa1f227000 	/usr/lib/libedit.3.dylib
0x00007ffb0a333000 	/System/Library/PrivateFrameworks/ANECompiler.framework/Versions/A/ANECompiler
0x00007ff903e0d000 	/System/Library/PrivateFrameworks/AppleNeuralEngine.framework/Versions/A/AppleNeuralEngine
0x00007ffc1c5af000 	/System/Library/PrivateFrameworks/MIL.framework/Versions/A/MIL
0x00007ffb1355a000 	/System/Library/Frameworks/MetalPerformanceShadersGraph.framework/Versions/A/MetalPerformanceShadersGraph
0x00007ffc1cd81000 	/System/Library/PrivateFrameworks/MLCompilerServices.framework/Versions/A/MLCompilerServices
0x00007ff82512d000 	/System/Library/PrivateFrameworks/ANEServices.framework/Versions/A/ANEServices
0x00007ff917ea6000 	/usr/lib/libncurses.5.4.dylib
0x00007ff809c7a000 	/usr/lib/libsandbox.1.dylib
0x00007ff81803c000 	/usr/lib/libMatch.1.dylib
0x00007ffd0653f000 	/System/Library/PrivateFrameworks/ODIE.framework/Versions/A/ODIE
0x00007ffc1fb57000 	/System/Library/PrivateFrameworks/MLModelAsset.framework/Versions/A/MLModelAsset
0x00007ffc1cd27000 	/System/Library/PrivateFrameworks/MLCompilerRuntime.framework/Versions/A/MLCompilerRuntime
0x00007ff815a02000 	/System/Library/Frameworks/MLCompute.framework/Versions/A/MLCompute
0x00007ffc1ccae000 	/System/Library/PrivateFrameworks/MLAssetIO.framework/Versions/A/MLAssetIO
0x00007ffe0b0a6000 	/usr/lib/swift/libswiftMLCompute.dylib
0x00007ff82122e000 	/System/Library/PrivateFrameworks/AVFCore.framework/Versions/A/AVFCore
0x00007ff908db7000 	/System/Library/PrivateFrameworks/AVFCapture.framework/Versions/A/AVFCapture
0x00007ffb1fed4000 	/System/Library/PrivateFrameworks/CMImaging.framework/Versions/A/CMImaging
0x00007ff909006000 	/System/Library/PrivateFrameworks/Quagga.framework/Versions/A/Quagga
0x00007ff909131000 	/System/Library/PrivateFrameworks/CMCapture.framework/Versions/A/CMCapture
0x00007ff81abb9000 	/System/Library/Frameworks/CoreMediaIO.framework/Versions/A/CoreMediaIO
0x00007ffb1fe0c000 	/System/Library/PrivateFrameworks/CMCaptureDevice.framework/Versions/A/CMCaptureDevice
0x00007ff818476000 	/System/Library/PrivateFrameworks/CoreBrightness.framework/Versions/A/CoreBrightness
0x00007ffb20d52000 	/System/Library/PrivateFrameworks/CinematicFraming.framework/Versions/A/CinematicFraming
0x00007ffc22b32000 	/System/Library/PrivateFrameworks/ModelManagerServices.framework/Versions/A/ModelManagerServices
0x00007ffd188d9000 	/System/Library/PrivateFrameworks/SystemStatus.framework/Versions/A/SystemStatus
0x00007ff91133f000 	/System/Library/Frameworks/CoreMotion.framework/Versions/A/CoreMotion
0x00007ff921c15000 	/System/Library/PrivateFrameworks/TimeSync.framework/Versions/A/TimeSync
0x00007ffc09e28000 	/System/Library/PrivateFrameworks/DistributedSensing.framework/Versions/A/DistributedSensing
0x00007ff91cd72000 	/System/Library/PrivateFrameworks/MobileBluetooth.framework/Versions/A/MobileBluetooth
0x00007ffa03ed9000 	/System/Library/PrivateFrameworks/IOKitten.framework/Versions/A/IOKitten
0x00007ffb1d059000 	/System/Library/PrivateFrameworks/AppleIntelligenceReporting.framework/Versions/A/AppleIntelligenceReporting
0x00007ff8152b6000 	/System/Library/PrivateFrameworks/CoreEmoji.framework/Versions/A/CoreEmoji
0x00007ff806dc8000 	/usr/lib/libCRFSuite.dylib
0x00007ff8080e7000 	/System/Library/PrivateFrameworks/LanguageModeling.framework/Versions/A/LanguageModeling
0x00007ff813c9a000 	/System/Library/PrivateFrameworks/CoreNLP.framework/Versions/A/CoreNLP
0x00007ff80d29f000 	/System/Library/PrivateFrameworks/Montreal.framework/Versions/A/Montreal
0x00007ff81652b000 	/usr/lib/libcmph.dylib
0x00007ff81562e000 	/usr/lib/libmecab.dylib
0x00007ff816670000 	/usr/lib/libThaiTokenizer.dylib
0x00007ffc145aa000 	/System/Library/PrivateFrameworks/GenerativeModelsFoundation.framework/Versions/A/GenerativeModelsFoundation
0x00007ffd1b606000 	/System/Library/PrivateFrameworks/TokenGeneration.framework/Versions/A/TokenGeneration
0x00007ffc143d9000 	/System/Library/PrivateFrameworks/GenerativeFunctions.framework/Versions/A/GenerativeFunctions
0x00007ffc1441c000 	/System/Library/PrivateFrameworks/GenerativeFunctionsFoundation.framework/Versions/A/GenerativeFunctionsFoundation
0x00007ffc227e1000 	/System/Library/PrivateFrameworks/ModelCatalog.framework/Versions/A/ModelCatalog
0x00007ffd0eb15000 	/System/Library/PrivateFrameworks/SensitiveContentAnalysisML.framework/Versions/A/SensitiveContentAnalysisML
0x00007ffc14496000 	/System/Library/PrivateFrameworks/GenerativeFunctionsInstrumentation.framework/Versions/A/GenerativeFunctionsInstrumentation
0x00007ffd0bdd4000 	/System/Library/PrivateFrameworks/PromptKit.framework/Versions/A/PromptKit
0x00007ffd0b882000 	/System/Library/PrivateFrameworks/ProactiveDaemonSupport.framework/Versions/A/ProactiveDaemonSupport
0x00007ffd1b7d7000 	/System/Library/PrivateFrameworks/TokenGenerationCore.framework/Versions/A/TokenGenerationCore
0x00007ff913433000 	/System/Library/PrivateFrameworks/Trial.framework/Versions/A/Trial
0x00007ff9133b5000 	/System/Library/PrivateFrameworks/TrialProto.framework/Versions/A/TrialProto
0x00007ffb1cd10000 	/System/Library/PrivateFrameworks/AppleFlatBuffers.framework/Versions/A/AppleFlatBuffers
0x00007ffd0ed7b000 	/System/Library/PrivateFrameworks/SentencePieceInternal.framework/Versions/A/SentencePieceInternal
0x00007ff81f4e0000 	/System/Library/Frameworks/Vision.framework/Versions/A/Vision
0x00007ffc087a3000 	/System/Library/PrivateFrameworks/CoreSceneUnderstanding.framework/Versions/A/CoreSceneUnderstanding
0x00007ffd20089000 	/System/Library/PrivateFrameworks/VisionCore.framework/Versions/A/VisionCore
0x00007ff91baaf000 	/System/Library/Frameworks/Vision.framework/libfaceCore.dylib
0x00007ff91c7ce000 	/System/Library/PrivateFrameworks/Futhark.framework/Versions/A/Futhark
0x00007ff920a24000 	/System/Library/PrivateFrameworks/InertiaCam.framework/Versions/A/InertiaCam
0x00007ff91c536000 	/System/Library/PrivateFrameworks/TextRecognition.framework/Versions/A/TextRecognition
0x00007ff817edb000 	/System/Library/PrivateFrameworks/CVNLP.framework/Versions/A/CVNLP
0x00007ffa198a8000 	/System/Library/PrivateFrameworks/HIDDisplay.framework/Versions/A/HIDDisplay
0x00007ff8190e9000 	/System/Library/Frameworks/ApplicationServices.framework/Versions/A/Frameworks/ATSUI.framework/Versions/A/ATSUI
0x00007ff81ada9000 	/usr/lib/libcups.2.dylib
0x00007ff81ae43000 	/System/Library/Frameworks/Kerberos.framework/Versions/A/Kerberos
0x00007ff81aaa6000 	/usr/lib/libresolv.9.dylib
0x00007ff8183a9000 	/System/Library/PrivateFrameworks/Heimdal.framework/Versions/A/Heimdal
0x00007ff824076000 	/System/Library/Frameworks/Kerberos.framework/Versions/A/Libraries/libHeimdalProxy.dylib
0x00007ff81ae9b000 	/System/Library/PrivateFrameworks/CommonAuth.framework/Versions/A/CommonAuth
0x00007ff90b3dd000 	/System/Library/PrivateFrameworks/AXCoreUtilities.framework/Versions/A/AXCoreUtilities
0x00007ffe093cb000 	/usr/lib/libAXSafeCategoryBundle.dylib
0x00007ffb178ef000 	/System/Library/Frameworks/TabularData.framework/Versions/A/TabularData
0x00007ffb1e01b000 	/System/Library/PrivateFrameworks/ArgumentParserInternal.framework/Versions/A/ArgumentParserInternal
0x00007ff81509c000 	/System/Library/Frameworks/Accelerate.framework/Versions/A/Frameworks/vecLib.framework/Versions/A/libvDSP.dylib
0x00007ff816849000 	/System/Library/Frameworks/Accelerate.framework/Versions/A/Frameworks/vecLib.framework/Versions/A/libLAPACK.dylib
0x00007ff81568c000 	/System/Library/Frameworks/Accelerate.framework/Versions/A/Frameworks/vecLib.framework/Versions/A/libLinearAlgebra.dylib
0x00007ff8166b4000 	/System/Library/Frameworks/Accelerate.framework/Versions/A/Frameworks/vecLib.framework/Versions/A/libSparseBLAS.dylib
0x00007ff816843000 	/System/Library/Frameworks/Accelerate.framework/Versions/A/Frameworks/vecLib.framework/Versions/A/libQuadrature.dylib
0x00007ff813dae000 	/System/Library/Frameworks/Accelerate.framework/Versions/A/Frameworks/vecLib.framework/Versions/A/libBNNS.dylib
0x00007ff806b6c000 	/System/Library/Frameworks/Accelerate.framework/Versions/A/Frameworks/vecLib.framework/Versions/A/libSparse.dylib
0x00007ff81ae0c000 	/System/Library/PrivateFrameworks/NetAuth.framework/Versions/A/NetAuth
0x00007ff810da4000 	/System/Library/PrivateFrameworks/login.framework/Versions/A/Frameworks/loginsupport.framework/Versions/A/loginsupport
0x00007ff8155fc000 	/usr/lib/libCheckFix.dylib
0x00007ff80f7fd000 	/System/Library/PrivateFrameworks/MetadataUtilities.framework/Versions/A/MetadataUtilities
0x00007ffc182c3000 	/System/Library/PrivateFrameworks/InstalledContentLibrary.framework/Versions/A/InstalledContentLibrary
0x00007ff809b5c000 	/System/Library/PrivateFrameworks/CoreServicesStore.framework/Versions/A/CoreServicesStore
0x00007ffa06bae000 	/System/Library/PrivateFrameworks/MobileSystemServices.framework/Versions/A/MobileSystemServices
0x00007ff817ba8000 	/usr/lib/libxslt.1.dylib
0x00007ff8155bf000 	/System/Library/PrivateFrameworks/BackgroundTaskManagement.framework/Versions/A/BackgroundTaskManagement
0x00007ff8237e2000 	/usr/lib/libcurl.4.dylib
0x00007ffe0a206000 	/usr/lib/libcrypto.46.dylib
0x00007ffe0adc3000 	/usr/lib/libssl.48.dylib
0x00007ff8234c2000 	/System/Library/Frameworks/LDAP.framework/Versions/A/LDAP
0x00007ff8234fc000 	/System/Library/PrivateFrameworks/TrustEvaluationAgent.framework/Versions/A/TrustEvaluationAgent
0x00007ff81aac3000 	/usr/lib/libsasl2.2.dylib
0x00007ff90f7ca000 	/usr/lib/swift/libswiftCoreGraphics.dylib
0x00007ff81fb4c000 	/usr/lib/swift/libswiftFoundation.dylib
0x00007ffb09719000 	/usr/lib/swift/libswiftSwiftOnoneSupport.dylib
0x00007ffe0b408000 	/usr/lib/swift/libswiftsys_time.dylib
0x00007ffa15296000 	/System/Library/PrivateFrameworks/CoreMaterial.framework/Versions/A/CoreMaterial
0x00007ffe09865000 	/usr/lib/libSpatial.dylib
0x00007ffe092e3000 	/System/Library/SubFrameworks/UIUtilities.framework/Versions/A/UIUtilities
0x000000010ebe5000 	/Users/zvwgvx/.cache/rbw-forge-ui/jdk8u502-b07/Contents/Home/jre/lib/server/libjvm.dylib
0x0000000108f90000 	/Users/zvwgvx/.cache/rbw-forge-ui/jdk8u502-b07/Contents/Home/jre/lib/libverify.dylib
0x000000010e04f000 	/Users/zvwgvx/.cache/rbw-forge-ui/jdk8u502-b07/Contents/Home/jre/lib/libjava.dylib
0x000000010e0ec000 	/Users/zvwgvx/.cache/rbw-forge-ui/jdk8u502-b07/Contents/Home/jre/lib/libzip.dylib
0x000000012b528000 	/Users/zvwgvx/.cache/rbw-forge-ui/jdk8u502-b07/Contents/Home/jre/lib/libnio.dylib
0x000000012b58b000 	/Users/zvwgvx/.cache/rbw-forge-ui/jdk8u502-b07/Contents/Home/jre/lib/libnet.dylib
0x000000012b60b000 	/Users/zvwgvx/.cache/rbw-forge-ui/jdk8u502-b07/Contents/Home/jre/lib/libmanagement.dylib
0x000000012c85d000 	/Users/zvwgvx/.cache/rbw-forge-ui/jdk8u502-b07/Contents/Home/jre/lib/libawt.dylib
0x000000012ca90000 	/Users/zvwgvx/.cache/rbw-forge-ui/jdk8u502-b07/Contents/Home/jre/lib/libmlib_image.dylib
0x00007ffb126bc000 	/System/Library/Frameworks/JavaNativeFoundation.framework/Versions/A/JavaNativeFoundation
0x00007ffb126c5000 	/System/Library/Frameworks/JavaRuntimeSupport.framework/Versions/A/JavaRuntimeSupport
0x00007ff91133e000 	/System/Library/Frameworks/Carbon.framework/Versions/A/Carbon
0x00007ff9067cc000 	/System/Library/Frameworks/Carbon.framework/Versions/A/Frameworks/CommonPanels.framework/Versions/A/CommonPanels
0x00007ff8237cf000 	/System/Library/Frameworks/Carbon.framework/Versions/A/Frameworks/Help.framework/Versions/A/Help
0x00007ff9067d0000 	/System/Library/Frameworks/Carbon.framework/Versions/A/Frameworks/ImageCapture.framework/Versions/A/ImageCapture
0x00007ff9067ad000 	/System/Library/Frameworks/Carbon.framework/Versions/A/Frameworks/OpenScripting.framework/Versions/A/OpenScripting
0x00007ff9067cb000 	/System/Library/Frameworks/Carbon.framework/Versions/A/Frameworks/Ink.framework/Versions/A/Ink
0x00007ff9067c8000 	/System/Library/Frameworks/Carbon.framework/Versions/A/Frameworks/SecurityHI.framework/Versions/A/SecurityHI
0x00007ffe096f6000 	/usr/lib/libInterpreterSecurity.dylib
0x00007ffa089a9000 	/System/Library/PrivateFrameworks/XprotectFramework.framework/Versions/A/XprotectFramework
0x00007ff90a840000 	/System/Library/PrivateFrameworks/yara.framework/Versions/A/yara
0x00007ffe096e4000 	/usr/lib/libEndpointSecuritySystem.dylib
0x000000012cbff000 	/Users/zvwgvx/.cache/rbw-forge-ui/jdk8u502-b07/Contents/Home/jre/lib/libawt_lwawt.dylib
0x000000012c7f0000 	/Users/zvwgvx/.cache/rbw-forge-ui/jdk8u502-b07/Contents/Home/jre/lib/libosxapp.dylib
0x00007ff90f82e000 	/System/Library/Frameworks/ExceptionHandling.framework/Versions/A/ExceptionHandling
0x00007ffb0fe81000 	/System/Library/Frameworks/AppIntents.framework/Versions/A/AppIntents
0x00007ffb16148000 	/System/Library/Frameworks/RelevanceKit.framework/Versions/A/RelevanceKit
0x00007ff816276000 	/System/Library/Frameworks/CoreSpotlight.framework/Versions/A/CoreSpotlight
0x00007ffc1c068000 	/System/Library/PrivateFrameworks/LinkServices.framework/Versions/A/LinkServices
0x00007ff81fdf4000 	/System/Library/Frameworks/Contacts.framework/Versions/A/Contacts
0x00007ffb1b94e000 	/System/Library/PrivateFrameworks/AppIntentsTypeSupport.framework/Versions/A/AppIntentsTypeSupport
0x00007ffc09f08000 	/System/Library/PrivateFrameworks/DoNotDisturb.framework/Versions/A/DoNotDisturb
0x00007ffc1becb000 	/System/Library/PrivateFrameworks/LinkMetadata.framework/Versions/A/LinkMetadata
0x00007ff912913000 	/usr/lib/swift/libswiftIntents.dylib
0x00007ff917ffd000 	/System/Library/PrivateFrameworks/IntentsCore.framework/Versions/A/IntentsCore
0x00007ffb1e7d6000 	/System/Library/PrivateFrameworks/AvailabilityKit.framework/Versions/A/AvailabilityKit
0x00007ffb1b5e1000 	/System/Library/PrivateFrameworks/AppIntentSchemas.framework/Versions/A/AppIntentSchemas
0x00007ffb11d10000 	/System/Library/Frameworks/GeoToolbox.framework/Versions/A/GeoToolbox
0x00007ffc117d8000 	/System/Library/PrivateFrameworks/GRDBInternal.framework/Versions/A/GRDBInternal
0x00007ffd172dc000 	/System/Library/PrivateFrameworks/StatusKit.framework/Versions/A/StatusKit
0x00007ff81fc1e000 	/System/Library/PrivateFrameworks/ContactsPersistence.framework/Versions/A/ContactsPersistence
0x00007ff81edab000 	/System/Library/PrivateFrameworks/AppleLDAP.framework/Versions/A/AppleLDAP
0x00007ff823b7c000 	/System/Library/Frameworks/ClassKit.framework/Versions/A/ClassKit
0x00007ff90388e000 	/System/Library/PrivateFrameworks/CoreSuggestions.framework/Versions/A/CoreSuggestions
0x00007ff81fb4d000 	/System/Library/PrivateFrameworks/ContactsFoundation.framework/Versions/A/ContactsFoundation
0x00007ff8215f8000 	/System/Library/PrivateFrameworks/vCard.framework/Versions/A/vCard
0x00007ffb21f48000 	/System/Library/PrivateFrameworks/ContactsMetrics.framework/Versions/A/ContactsMetrics
0x00007ff818455000 	/System/Library/PrivateFrameworks/login.framework/Versions/A/login
0x00007ffc204f1000 	/System/Library/PrivateFrameworks/ManagedOrganizationContacts.framework/Versions/A/ManagedOrganizationContacts
0x00007ff811220000 	/System/Library/PrivateFrameworks/CloudDocs.framework/Versions/A/CloudDocs
0x00007ff90ad94000 	/System/Library/PrivateFrameworks/ProactiveEventTracker.framework/Versions/A/ProactiveEventTracker
0x00007ff820a8b000 	/System/Library/PrivateFrameworks/GenerationalStorage.framework/Versions/A/GenerationalStorage
0x00007ff81af8f000 	/System/Library/PrivateFrameworks/CacheDelete.framework/Versions/A/CacheDelete
0x00007ff8241ab000 	/System/Library/Frameworks/QuickLookThumbnailing.framework/Versions/A/QuickLookThumbnailing
0x00007ff8208ad000 	/System/Library/Frameworks/FileProvider.framework/Versions/A/FileProvider
0x00007ff80b6ce000 	/System/Library/PrivateFrameworks/DesktopServicesPriv.framework/Versions/A/DesktopServicesPriv
0x00007ff91238c000 	/System/Library/PrivateFrameworks/FTServices.framework/Versions/A/FTServices
0x00007ff90a4e7000 	/System/Library/PrivateFrameworks/CloudServices.framework/Versions/A/CloudServices
0x00007ff812563000 	/System/Library/Frameworks/CoreLocation.framework/Versions/A/CoreLocation
0x00007ff8228da000 	/System/Library/Frameworks/Intents.framework/Versions/A/Intents
0x00007ff815f3e000 	/System/Library/PrivateFrameworks/AuthKit.framework/Versions/A/AuthKit
0x00007ff9195bc000 	/usr/lib/swift/libswiftCoreLocation.dylib
0x00007ff81c5c6000 	/System/Library/PrivateFrameworks/Sharing.framework/Versions/A/Sharing
0x00007ff81bfa3000 	/System/Library/PrivateFrameworks/IDSFoundation.framework/Versions/A/IDSFoundation
0x00007ff822fbb000 	/System/Library/PrivateFrameworks/Apple80211.framework/Versions/A/Apple80211
0x00007ff815322000 	/System/Library/Frameworks/CoreWLAN.framework/Versions/A/CoreWLAN
0x00007ff81a6db000 	/System/Library/PrivateFrameworks/IMFoundation.framework/Versions/A/IMFoundation
0x00007ff90a83f000 	/System/Library/PrivateFrameworks/Marco.framework/Versions/A/Marco
0x00007ff80dcdf000 	/System/Library/PrivateFrameworks/CommonUtilities.framework/Versions/A/CommonUtilities
0x00007ff906796000 	/System/Library/PrivateFrameworks/Engram.framework/Versions/A/Engram
0x00007ffe03d34000 	/System/Library/PrivateFrameworks/XPCDistributed.framework/Versions/A/XPCDistributed
0x00007ff906738000 	/usr/lib/libtidy.A.dylib
0x00007ff81868d000 	/System/Library/PrivateFrameworks/Bom.framework/Versions/A/Bom
0x00007ff81aae3000 	/usr/lib/libParallelCompression.dylib
0x00007ff81aad6000 	/System/Library/PrivateFrameworks/MultiverseSupport.framework/Versions/A/MultiverseSupport
0x00007ff8203d7000 	/System/Library/PrivateFrameworks/DiskManagement.framework/Versions/A/DiskManagement
0x00007ff8202f1000 	/System/Library/PrivateFrameworks/AppleIDAuthSupport.framework/Versions/A/AppleIDAuthSupport
0x00007ffb18d9d000 	/System/Library/PrivateFrameworks/AAAFoundation.framework/Versions/A/AAAFoundation
0x00007ff81afe1000 	/System/Library/PrivateFrameworks/KeychainCircle.framework/Versions/A/KeychainCircle
0x00007ff90b3d4000 	/System/Library/PrivateFrameworks/URLFormatting.framework/Versions/A/URLFormatting
0x00007ff8237d7000 	/usr/lib/libcsfde.dylib
0x00007ff818044000 	/usr/lib/libCoreStorage.dylib
0x00007ff81ca3c000 	/System/Library/PrivateFrameworks/ProtectedCloudStorage.framework/Versions/A/ProtectedCloudStorage
0x00007ff8237d3000 	/System/Library/PrivateFrameworks/EFILogin.framework/Versions/A/EFILogin
0x00007ff820ab5000 	/System/Library/PrivateFrameworks/OctagonTrust.framework/Versions/A/OctagonTrust
0x00007ff81bd7a000 	/System/Library/PrivateFrameworks/IDS.framework/Versions/A/IDS
0x00007ff8216c2000 	/System/Library/Frameworks/LocalAuthentication.framework/Versions/A/LocalAuthentication
0x00007ffc1c287000 	/System/Library/PrivateFrameworks/LocalAuthenticationCore.framework/Versions/A/LocalAuthenticationCore
0x00007ffc1c424000 	/System/Library/PrivateFrameworks/LocalAuthenticationCredentialServices.framework/Versions/A/LocalAuthenticationCredentialServices
0x00007ff821726000 	/System/Library/Frameworks/LocalAuthentication.framework/Support/SharedUtils.framework/Versions/A/SharedUtils
0x00007ffb1e2ae000 	/System/Library/PrivateFrameworks/AsyncAlgorithmsInternal.framework/Versions/A/AsyncAlgorithmsInternal
0x00007ff921645000 	/System/Library/PrivateFrameworks/FTAWD.framework/Versions/A/FTAWD
0x00007ff824137000 	/System/Library/PrivateFrameworks/IntentsFoundation.framework/Versions/A/IntentsFoundation
0x00007ff810da7000 	/System/Library/PrivateFrameworks/ApplePushService.framework/Versions/A/ApplePushService
0x00007ff810e0e000 	/System/Library/Frameworks/CloudKit.framework/Versions/A/CloudKit
0x00007ffa09def000 	/System/Library/PrivateFrameworks/DeviceIdentity.framework/Versions/A/DeviceIdentity
0x00007ffb1658b000 	/System/Library/Frameworks/SharedWithYouCore.framework/Versions/A/SharedWithYouCore
0x00007ffb2151f000 	/System/Library/PrivateFrameworks/CloudTelemetry.framework/Versions/A/CloudTelemetry
0x00007ff823c43000 	/System/Library/PrivateFrameworks/AppleAccount.framework/Versions/A/AppleAccount
0x00007ff824150000 	/System/Library/PrivateFrameworks/C2.framework/Versions/A/C2
0x00007ffb211bc000 	/System/Library/PrivateFrameworks/CloudCoreInternal.framework/Versions/A/CloudCoreInternal
0x00007ffb20f7f000 	/System/Library/PrivateFrameworks/CloudAsset.framework/Versions/A/CloudAsset
0x00007ff824147000 	/System/Library/Frameworks/PushKit.framework/Versions/A/PushKit
0x00007ffb2153f000 	/System/Library/PrivateFrameworks/CloudTelemetryTools.framework/Versions/A/CloudTelemetryTools
0x00007ffb21532000 	/System/Library/PrivateFrameworks/CloudTelemetryShared.dylib
0x00007ff903b79000 	/System/Library/PrivateFrameworks/RTCReporting.framework/Versions/A/RTCReporting
0x00007ffb18dbc000 	/System/Library/PrivateFrameworks/AAAFoundationSwift.framework/Versions/A/AAAFoundationSwift
0x00007ff823e2b000 	/System/Library/PrivateFrameworks/AppleIDSSOAuthentication.framework/Versions/A/AppleIDSSOAuthentication
0x00007ff810a69000 	/System/Library/PrivateFrameworks/ViewBridge.framework/Versions/A/ViewBridge
0x00007ffb185e8000 	/System/Library/Frameworks/_AppIntents_AppKit.framework/Versions/A/_AppIntents_AppKit
0x0000000137f21000 	/usr/lib/libobjc-trampolines.dylib
0x00007ff91c8cf000 	/System/Library/CoreServices/RawCamera.bundle/Contents/MacOS/RawCamera
0x00007ff91959f000 	/System/Library/Frameworks/Accelerate.framework/Versions/A/Frameworks/vImage.framework/Versions/A/Libraries/libCGInterfaces.dylib
0x00007ffe093cf000 	/usr/lib/libAccessibilityBaseImplementations.dylib
0x00007ffe03462000 	/System/Library/PrivateFrameworks/WritingToolsUI.framework/Versions/A/WritingToolsUI
0x00007ffc1424e000 	/System/Library/PrivateFrameworks/GenerativeAssistantSettings.framework/Versions/A/GenerativeAssistantSettings
0x00007ffd190a8000 	/System/Library/PrivateFrameworks/TextComposer.framework/Versions/A/TextComposer
0x00007ffc14227000 	/System/Library/PrivateFrameworks/GenerativeAssistantCommon.framework/Versions/A/GenerativeAssistantCommon
0x00007ff91a67d000 	/System/Library/Frameworks/SwiftUI.framework/Versions/A/SwiftUI
0x00007ffb1b356000 	/System/Library/PrivateFrameworks/Anvil.framework/Versions/A/Anvil
0x00007ffc1460c000 	/System/Library/PrivateFrameworks/GenerativePartnerService.framework/Versions/A/GenerativePartnerService
0x00007ffc14631000 	/System/Library/PrivateFrameworks/GenerativePartnerServiceUI.framework/Versions/A/GenerativePartnerServiceUI
0x00007ff912536000 	/System/Library/Frameworks/SafariServices.framework/Versions/A/SafariServices
0x00007ff90f8bb000 	/System/Library/Frameworks/WebKit.framework/Versions/A/WebKit
0x00007ffb18619000 	/System/Library/Frameworks/_AuthenticationServices_SwiftUI.framework/Versions/A/_AuthenticationServices_SwiftUI
0x00007ff919c0c000 	/System/Library/PrivateFrameworks/AppStoreDaemon.framework/Versions/A/AppStoreDaemon
0x00007ff904257000 	/System/Library/PrivateFrameworks/AppleMediaServices.framework/Versions/A/AppleMediaServices
0x00007ff915cd1000 	/System/Library/PrivateFrameworks/AppleMediaServicesUI.framework/Versions/A/AppleMediaServicesUI
0x00007ffb08d32000 	/System/Library/PrivateFrameworks/JetEngine.framework/Versions/A/JetEngine
0x00007ff9132cf000 	/System/Library/PrivateFrameworks/OnBoardingKit.framework/Versions/A/OnBoardingKit
0x00007ffd0f04f000 	/System/Library/PrivateFrameworks/Settings.framework/Versions/A/Settings
0x00007ffb1167a000 	/System/Library/Frameworks/ExtensionKit.framework/Versions/A/ExtensionKit
0x00007ffb116b8000 	/System/Library/Frameworks/FSKit.framework/Versions/A/FSKit
0x00007ffd18f96000 	/System/Library/PrivateFrameworks/TextAnimationSupport.framework/Versions/A/TextAnimationSupport
0x00007ffd0c5ed000 	/System/Library/PrivateFrameworks/RecapPerformanceTesting.framework/Versions/A/RecapPerformanceTesting
0x00007ff9132c0000 	/System/Library/PrivateFrameworks/SignpostCollection.framework/Versions/A/SignpostCollection
0x00007ff903ba3000 	/System/Library/Frameworks/WebKit.framework/Versions/A/Frameworks/WebKitLegacy.framework/Versions/A/WebKitLegacy
0x00007ff823e6c000 	/System/Library/PrivateFrameworks/CorePrediction.framework/Versions/A/CorePrediction
0x00007ff8118a4000 	/System/Library/Frameworks/WebKit.framework/Versions/A/Frameworks/WebCore.framework/Versions/A/Frameworks/libwebrtc.dylib
0x00007ff81ab4e000 	/System/Library/Frameworks/SecurityInterface.framework/Versions/A/SecurityInterface
0x00007ff9132ce000 	/System/Library/PrivateFrameworks/WebInspectorUI.framework/Versions/A/WebInspectorUI
0x00007ff9067d2000 	/System/Library/Frameworks/JavaScriptCore.framework/Versions/A/JavaScriptCore
0x00007ff90b4fc000 	/System/Library/Frameworks/WebKit.framework/Versions/A/Frameworks/WebCore.framework/Versions/A/WebCore
0x00007ffb1090e000 	/System/Library/Frameworks/BrowserEngineCore.framework/Versions/A/BrowserEngineCore
0x00007ffb181d9000 	/System/Library/Frameworks/WebKit.framework/Versions/A/Frameworks/WebCore.framework/Versions/A/Frameworks/libANGLE-shared.dylib
0x00007ffd21ef6000 	/System/Library/PrivateFrameworks/WebGPU.framework/Versions/A/WebGPU
0x00007ff9152e0000 	/System/Library/Frameworks/SceneKit.framework/Versions/A/SceneKit
0x00007ffa074bd000 	/System/Library/Frameworks/ModelIO.framework/Versions/A/ModelIO
0x00007ff81cb39000 	/System/Library/Frameworks/MetalKit.framework/Versions/A/MetalKit
0x00007ff81f0c0000 	/System/Library/Frameworks/GLKit.framework/Versions/A/GLKit
0x00007ffe0b73f000 	/usr/lib/usd/libusd_ms.dylib
0x00007ffd1d526000 	/System/Library/PrivateFrameworks/USDLib_FormatLoaderProxy.framework/Versions/A/USDLib_FormatLoaderProxy
0x00007ffe0b403000 	/usr/lib/swift/libswift_errno.dylib
0x00007ff91236c000 	/System/Library/PrivateFrameworks/CoreOptimization.framework/Versions/A/CoreOptimization
0x00007ffb1e69a000 	/System/Library/PrivateFrameworks/AuthenticationServicesCore.framework/Versions/A/AuthenticationServicesCore
0x00007ff91cdb5000 	/System/Library/Frameworks/AuthenticationServices.framework/Versions/A/AuthenticationServices
0x00007ff817fd5000 	/System/Library/PrivateFrameworks/SharedWebCredentials.framework/Versions/A/SharedWebCredentials
0x00007ff91426f000 	/System/Library/PrivateFrameworks/SafariCore.framework/Versions/A/SafariCore
0x00007ff91c87e000 	/System/Library/PrivateFrameworks/SafariFoundation.framework/Versions/A/SafariFoundation
0x00007ffb1fac6000 	/System/Library/PrivateFrameworks/CBORLibrary.framework/Versions/A/CBORLibrary
0x00007ffb20963000 	/System/Library/PrivateFrameworks/Chirp.framework/Versions/A/Chirp
0x00007ffb21408000 	/System/Library/PrivateFrameworks/CloudSubscriptionFeatures.framework/Versions/A/CloudSubscriptionFeatures
0x00007ffb0a08f000 	/System/Library/PrivateFrameworks/RemoteManagement.framework/Versions/A/RemoteManagement
0x00007ffd0c965000 	/System/Library/PrivateFrameworks/RemoteManagementModel.framework/Versions/A/RemoteManagementModel
0x00007ffd0c9f5000 	/System/Library/PrivateFrameworks/RemoteManagementStore.framework/Versions/A/RemoteManagementStore
0x00007ff81cb57000 	/usr/lib/libxcselect.dylib
0x00007ff91c7e7000 	/System/Library/PrivateFrameworks/DifferentialPrivacy.framework/Versions/A/DifferentialPrivacy
0x00007ffc204f7000 	/System/Library/PrivateFrameworks/ManagedSettingsObjC.framework/Versions/A/ManagedSettingsObjC
0x00007ff8252e3000 	/System/Library/PrivateFrameworks/ConfigurationProfiles.framework/Versions/A/ConfigurationProfiles
0x00007ffc1c4a4000 	/System/Library/PrivateFrameworks/LockdownMode.framework/Versions/A/LockdownMode
0x00007ffd1e0ed000 	/System/Library/PrivateFrameworks/VDAF.framework/Versions/A/VDAF
0x00007ff81f4a2000 	/System/Library/PrivateFrameworks/SystemAdministration.framework/Versions/A/SystemAdministration
0x00007ff908cc2000 	/System/Library/PrivateFrameworks/PowerlogControl.framework/Versions/A/PowerlogControl
0x00007ff908cc4000 	/usr/lib/libUniversalAccess.dylib
0x00007ff904bdd000 	/System/Library/PrivateFrameworks/FamilyControls.framework/Versions/A/FamilyControls
0x00007ff81ed84000 	/System/Library/Frameworks/DirectoryService.framework/Versions/A/DirectoryService
0x00007ff823866000 	/System/Library/PrivateFrameworks/LoginUIKit.framework/Versions/A/Frameworks/LoginUICore.framework/Versions/A/LoginUICore
0x00007ff81868c000 	/usr/lib/libodfde.dylib
0x00007ff904bd8000 	/System/Library/PrivateFrameworks/UniversalAccess.framework/Versions/A/Libraries/libUAPreferences.dylib
0x00007ff904c00000 	/System/Library/PrivateFrameworks/CommerceKit.framework/Versions/A/Frameworks/CommerceCore.framework/Versions/A/CommerceCore
0x00007ff81ab86000 	/System/Library/PrivateFrameworks/CoreFollowUp.framework/Versions/A/CoreFollowUp
0x00007ffc0918c000 	/System/Library/PrivateFrameworks/DMCUtilities.framework/Versions/A/DMCUtilities
0x00007ffc1c527000 	/System/Library/PrivateFrameworks/MDMClientLibrary.framework/Versions/A/MDMClientLibrary
0x00007ffd0c9ea000 	/System/Library/PrivateFrameworks/RemoteManagementProtocol.framework/Versions/A/RemoteManagementProtocol
0x00007ffc090fb000 	/System/Library/PrivateFrameworks/DEPClientLibrary.framework/Versions/A/DEPClientLibrary
0x00007ffc09123000 	/System/Library/PrivateFrameworks/DMCEnrollmentLibrary.framework/Versions/A/DMCEnrollmentLibrary
0x00007ff908da7000 	/System/Library/PrivateFrameworks/SetupAssistantFramework.framework/Versions/A/SetupAssistantFramework
0x00007ff823ec1000 	/System/Library/PrivateFrameworks/AuthKitUI.framework/Versions/A/AuthKitUI
0x00007ff8238ab000 	/System/Library/PrivateFrameworks/AppSSO.framework/Versions/A/AppSSO
0x00007ff919972000 	/System/Library/PrivateFrameworks/LocalAuthenticationUI.framework/Versions/A/LocalAuthenticationUI
0x00007ffd0a2db000 	/System/Library/PrivateFrameworks/PlatformSSO.framework/Versions/A/PlatformSSO
0x00007ffd0a3df000 	/System/Library/PrivateFrameworks/PlatformSSOCore.framework/Versions/A/PlatformSSOCore
0x00007ffb1274c000 	/System/Library/Frameworks/LocalAuthenticationEmbeddedUI.framework/Versions/A/LocalAuthenticationEmbeddedUI
0x00007ff91a452000 	/System/Library/PrivateFrameworks/AOSUI.framework/Versions/A/AOSUI
0x00007ff90ab71000 	/System/Library/Frameworks/ContactsUI.framework/Versions/A/ContactsUI
0x00007ff82009c000 	/System/Library/PrivateFrameworks/FamilyCircle.framework/Versions/A/FamilyCircle
0x00007ffa08dde000 	/System/Library/Frameworks/LinkPresentation.framework/Versions/A/LinkPresentation
0x00007ff90a733000 	/System/Library/PrivateFrameworks/IASUtilities.framework/Versions/A/IASUtilities
0x00007ffc17824000 	/System/Library/PrivateFrameworks/IASUtilitiesCore.framework/Versions/A/IASUtilitiesCore
0x00007ffd0ca5d000 	/System/Library/PrivateFrameworks/RemoteUI.framework/Versions/A/RemoteUI
0x00007ffc1b959000 	/System/Library/PrivateFrameworks/LiftUI.framework/Versions/A/LiftUI
0x00007ffe03e32000 	/System/Library/PrivateFrameworks/_IconServices_SwiftUI.framework/Versions/A/_IconServices_SwiftUI
0x00007ffb2134e000 	/System/Library/PrivateFrameworks/CloudSettings.framework/Versions/A/CloudSettings
0x00007ff90395e000 	/System/Library/Frameworks/EventKit.framework/Versions/A/EventKit
0x00007ff9134df000 	/System/Library/PrivateFrameworks/SearchFoundation.framework/Versions/A/SearchFoundation
0x00007ffa0af41000 	/System/Library/PrivateFrameworks/Email.framework/Versions/A/Email
0x00007ff911f87000 	/System/Library/PrivateFrameworks/CoreRoutine.framework/Versions/A/CoreRoutine
0x00007ffb09a38000 	/System/Library/PrivateFrameworks/VoiceShortcutClient.framework/Versions/A/VoiceShortcutClient
0x00007ff9221fa000 	/System/Library/PrivateFrameworks/Categories.framework/Versions/A/Categories
0x00007ff91a30b000 	/System/Library/PrivateFrameworks/ChronoServices.framework/Versions/A/ChronoServices
0x00007ffb20436000 	/System/Library/PrivateFrameworks/CalendarDatabase.framework/Versions/A/CalendarDatabase
0x00007ffb20377000 	/System/Library/PrivateFrameworks/CalendarDaemon.framework/Versions/A/CalendarDaemon
0x00007ff825246000 	/System/Library/PrivateFrameworks/CalendarFoundation.framework/Versions/A/CalendarFoundation
0x00007ff825200000 	/System/Library/PrivateFrameworks/iCalendar.framework/Versions/A/iCalendar
0x00007ffc09381000 	/System/Library/PrivateFrameworks/DataAccessExpress.framework/Versions/A/DataAccessExpress
0x00007ff90acc5000 	/System/Library/PrivateFrameworks/ContactsAutocomplete.framework/Versions/A/ContactsAutocomplete
0x00007ff91a254000 	/System/Library/PrivateFrameworks/FTClientServices.framework/Versions/A/FTClientServices
0x00007ffd178d1000 	/System/Library/PrivateFrameworks/StorageContainersPrivate.framework/Versions/A/StorageContainersPrivate
0x00007ffe0b08b000 	/usr/lib/swift/libswiftCoreMediaIO.dylib
0x00007ff90a5ae000 	/System/Library/PrivateFrameworks/CoreDAV.framework/Versions/A/CoreDAV
0x00007ff90382b000 	/System/Library/PrivateFrameworks/CalDAV.framework/Versions/A/CalDAV
0x00007ff90f524000 	/System/Library/PrivateFrameworks/TelephonyUtilities.framework/Versions/A/TelephonyUtilities
0x00007ffb12711000 	/System/Library/Frameworks/LiveCommunicationKit.framework/Versions/A/LiveCommunicationKit
0x00007ffb21b6c000 	/System/Library/PrivateFrameworks/CommunicationTrust.framework/Versions/A/CommunicationTrust
0x00007ff914087000 	/System/Library/Frameworks/CallKit.framework/Versions/A/CallKit
0x00007ff820095000 	/System/Library/PrivateFrameworks/CommunicationsFilter.framework/Versions/A/CommunicationsFilter
0x00007ffa1f365000 	/System/Library/PrivateFrameworks/IMTransferServices.framework/Versions/A/IMTransferServices
0x00007ff912386000 	/System/Library/PrivateFrameworks/IncomingCallFilter.framework/Versions/A/IncomingCallFilter
0x00007ffd057b6000 	/System/Library/PrivateFrameworks/NeighborhoodActivityConduit.framework/Versions/A/NeighborhoodActivityConduit
0x00007ff916687000 	/System/Library/PrivateFrameworks/CallHistory.framework/Versions/A/CallHistory
0x00007ffe09569000 	/usr/lib/libBASupport.dylib
0x00007ffb20806000 	/System/Library/PrivateFrameworks/CallsUtilities.framework/Versions/A/CallsUtilities
0x00007ffb20810000 	/System/Library/PrivateFrameworks/CallsXPC.framework/Versions/A/CallsXPC
0x00007ffb0a1cd000 	/usr/lib/swift/libswiftCallKit.dylib
0x00007ffb207fa000 	/System/Library/PrivateFrameworks/CallsPersistence.framework/Versions/A/CallsPersistence
0x00007ffb16404000 	/System/Library/Frameworks/SensitiveContentAnalysis.framework/Versions/A/SensitiveContentAnalysis
0x00007ff917835000 	/System/Library/PrivateFrameworks/PeopleSuggester.framework/Versions/A/PeopleSuggester
0x00007ff920f93000 	/System/Library/PrivateFrameworks/SpotlightReceiver.framework/Versions/A/SpotlightReceiver
0x00007ffe03dfa000 	/System/Library/PrivateFrameworks/_AppIntentsServices_AppIntents.framework/Versions/A/_AppIntentsServices_AppIntents
0x00007ffb1b720000 	/System/Library/PrivateFrameworks/AppIntentsServices.framework/Versions/A/AppIntentsServices
0x00007ff8251ea000 	/System/Library/PrivateFrameworks/CoreRecents.framework/Versions/A/CoreRecents
0x00007ffb18685000 	/System/Library/Frameworks/_GeoToolbox_AppIntents.framework/Versions/A/_GeoToolbox_AppIntents
0x00007ffa14cec000 	/System/Library/PrivateFrameworks/DiagnosticRequest.framework/Versions/A/DiagnosticRequest
0x00007ffd0c699000 	/System/Library/PrivateFrameworks/RegulatoryDomain.framework/Versions/A/RegulatoryDomain
0x00007ff81f19b000 	/usr/lib/libCTGreenTeaLogger.dylib
0x00007ffc1c47d000 	/System/Library/PrivateFrameworks/LocalStatusKit.framework/Versions/A/LocalStatusKit
0x00007ff90f3ff000 	/System/Library/PrivateFrameworks/CoreParsec.framework/Versions/A/CoreParsec
0x00007ffa0af35000 	/System/Library/PrivateFrameworks/EmailAddressing.framework/Versions/A/EmailAddressing
0x00007ffa06c73000 	/System/Library/PrivateFrameworks/EmailCore.framework/Versions/A/EmailCore
0x00007ffa07e03000 	/System/Library/PrivateFrameworks/EmailFoundation.framework/Versions/A/EmailFoundation
0x00007ffd07e98000 	/System/Library/PrivateFrameworks/PegasusAPI.framework/Versions/A/PegasusAPI
0x00007ffd08aab000 	/System/Library/PrivateFrameworks/PegasusConfiguration.framework/Versions/A/PegasusConfiguration
0x00007ffd1bafb000 	/System/Library/PrivateFrameworks/ToolKit.framework/Versions/A/ToolKit
0x00007ffd0cd90000 	/System/Library/PrivateFrameworks/ReplicatorEngine.framework/Versions/A/ReplicatorEngine
0x00007ffd0cf08000 	/System/Library/PrivateFrameworks/ReplicatorServices.framework/Versions/A/ReplicatorServices
0x00007ffd1894f000 	/System/Library/PrivateFrameworks/SystemWake.framework/Versions/A/SystemWake
0x00007ff914256000 	/System/Library/PrivateFrameworks/ContextKit.framework/Versions/A/ContextKit
0x00007ffb22094000 	/System/Library/PrivateFrameworks/ContextKitCore.framework/Versions/A/ContextKitCore
0x00007ff91261b000 	/System/Library/Frameworks/LocalAuthentication.framework/Support/DaemonUtils.framework/Versions/A/DaemonUtils
0x00007ffc1c3e8000 	/System/Library/PrivateFrameworks/LocalAuthenticationCoreUI.framework/Versions/A/LocalAuthenticationCoreUI
0x00007ff915c9c000 	/System/Library/PrivateFrameworks/BridgeXPC.framework/Versions/A/BridgeXPC
0x00007ff9133a4000 	/System/Library/PrivateFrameworks/CoreKDL.framework/Versions/A/CoreKDL
0x00007ff91193d000 	/System/Library/PrivateFrameworks/EmbeddedOSSupportHost.framework/Versions/A/EmbeddedOSSupportHost
0x00007ff905700000 	/System/Library/PrivateFrameworks/LoginUIKit.framework/Versions/A/LoginUIKit
0x00007ff92265e000 	/System/Library/PrivateFrameworks/StorageKit.framework/Versions/A/StorageKit
0x00007ffb0bb63000 	/System/Library/Frameworks/DeviceCheck.framework/Versions/A/DeviceCheck
0x00007ffc09c0c000 	/System/Library/PrivateFrameworks/DiskImages2.framework/Versions/A/DiskImages2
0x00007ff9226d6000 	/System/Library/PrivateFrameworks/CoreWLANKit.framework/Versions/A/CoreWLANKit
0x00007ffd213cb000 	/System/Library/PrivateFrameworks/Wallpaper.framework/Versions/A/Wallpaper
0x00007ffe0b0a2000 	/usr/lib/swift/libswiftGLKit.dylib
0x00007ffe0b0ad000 	/usr/lib/swift/libswiftMetalKit.dylib
0x00007ffe0b0af000 	/usr/lib/swift/libswiftModelIO.dylib
0x00007ffe0b16b000 	/usr/lib/swift/libswiftSceneKit.dylib
0x00007ffa0bdfb000 	/System/Library/PrivateFrameworks/DynamicDesktop.framework/Versions/A/DynamicDesktop
0x00007ffd2151c000 	/System/Library/PrivateFrameworks/WallpaperFoundation.framework/Versions/A/WallpaperFoundation
0x00007ffd2156a000 	/System/Library/PrivateFrameworks/WallpaperTypes.framework/Versions/A/WallpaperTypes
0x00007ffa20fce000 	/System/Library/PrivateFrameworks/SystemDesktopAppearance.framework/Versions/A/SystemDesktopAppearance
0x00007ffe06e00000 	/System/Library/PrivateFrameworks/icloudMCCKit.framework/Versions/A/icloudMCCKit
0x00007ffb1c9dd000 	/System/Library/PrivateFrameworks/AppleAccountUI.framework/Versions/A/AppleAccountUI
0x00007ffa15264000 	/System/Library/PrivateFrameworks/PreferencePanesSupport.framework/Versions/A/PreferencePanesSupport
0x00007ff91a5f9000 	/System/Library/PrivateFrameworks/FindMyDeviceUI.framework/Versions/A/FindMyDeviceUI
0x00007ffe04a1d000 	/System/Library/PrivateFrameworks/iCloudQuotaUI.framework/Versions/A/iCloudQuotaUI
0x00007ffa15423000 	/System/Library/PrivateFrameworks/CoreCDPUI.framework/Versions/A/CoreCDPUI
0x00007ff913fc6000 	/System/Library/PrivateFrameworks/CoreFollowUpUI.framework/Versions/A/CoreFollowUpUI
0x00007ff921229000 	/System/Library/PrivateFrameworks/IMCore.framework/Versions/A/IMCore
0x00007ff908d29000 	/System/Library/PrivateFrameworks/CoreCDP.framework/Versions/A/CoreCDP
0x00007ff904243000 	/System/Library/PrivateFrameworks/AskPermission.framework/Versions/A/AskPermission
0x00007ff917f70000 	/System/Library/Frameworks/Quartz.framework/Versions/A/Quartz
0x00007ffa05400000 	/System/Library/PrivateFrameworks/CloudPhotoServicesConfiguration.framework/Versions/A/CloudPhotoServicesConfiguration
0x00007ff9164a4000 	/System/Library/PrivateFrameworks/CommerceKit.framework/Versions/A/CommerceKit
0x00007ffa06d3a000 	/System/Library/PrivateFrameworks/FindMyMac.framework/Versions/A/FindMyMac
0x00007ffa06c19000 	/System/Library/Frameworks/PreferencePanes.framework/Versions/A/PreferencePanes
0x00007ff919a63000 	/System/Library/Frameworks/AddressBook.framework/Versions/A/AddressBook
0x00007ff825617000 	/System/Library/PrivateFrameworks/AOSAccounts.framework/Versions/A/AOSAccounts
0x00007ff81f49d000 	/System/Library/PrivateFrameworks/AppleSRP.framework/Versions/A/AppleSRP
0x00007ff824084000 	/System/Library/PrivateFrameworks/NetFSServer.framework/Versions/A/NetFSServer
0x00007ff9151aa000 	/System/Library/Frameworks/PDFKit.framework/Versions/A/PDFKit
0x00007ffe0b0c3000 	/usr/lib/swift/libswiftPassKit.dylib
0x00007ffa197b7000 	/System/Library/Frameworks/PassKit.framework/Versions/A/PassKit
0x00007ff905807000 	/System/Library/PrivateFrameworks/PassKitCore.framework/Versions/A/PassKitCore
0x00007ffd078c4000 	/System/Library/PrivateFrameworks/PassKitMacHelperTemp.framework/Versions/A/PassKitMacHelperTemp
0x00007ffe094a1000 	/usr/lib/libAppleSSE.dylib
0x00007ff91264f000 	/System/Library/PrivateFrameworks/BiometricKit.framework/Versions/A/BiometricKit
0x00007ffd0d524000 	/System/Library/PrivateFrameworks/SEService.framework/Versions/A/SEService
0x00007ffb11775000 	/System/Library/Frameworks/FinanceKit.framework/Versions/A/FinanceKit
0x00007ff91801a000 	/System/Library/PrivateFrameworks/NearField.framework/Versions/A/NearField
0x00007ffd0d4af000 	/System/Library/PrivateFrameworks/SESShared.framework/Versions/A/SESShared
0x00007ffd0d720000 	/System/Library/PrivateFrameworks/STSXPCHelperClient.framework/Versions/A/STSXPCHelperClient
0x00007ff919e5a000 	/usr/lib/libnfshared.dylib
0x00007ffd186fb000 	/System/Library/PrivateFrameworks/Symptoms.framework/Versions/A/Frameworks/SymptomPresentationFeed.framework/Versions/A/SymptomPresentationFeed
0x00007ffb1d58b000 	/System/Library/PrivateFrameworks/AppleMediaServicesKitInternal.framework/Versions/A/AppleMediaServicesKitInternal
0x00007ffd1842e000 	/System/Library/PrivateFrameworks/SymptomShared.framework/Versions/A/SymptomShared
0x00007ffa1c693000 	/System/Library/PrivateFrameworks/PassKitUIFoundation.framework/Versions/A/PassKitUIFoundation
0x00007ff81edbc000 	/System/Library/Frameworks/MapKit.framework/Versions/A/MapKit
0x00007ffc146bd000 	/System/Library/PrivateFrameworks/GeoAnalytics.framework/Versions/A/GeoAnalytics
0x00007ff919e88000 	/System/Library/PrivateFrameworks/Navigation.framework/Versions/A/Navigation
0x00007ffa042e5000 	/System/Library/PrivateFrameworks/VectorKit.framework/Versions/A/VectorKit
0x00007ff90a7ec000 	/System/Library/PrivateFrameworks/VirtualGarage.framework/Versions/A/VirtualGarage
0x00007ff91a092000 	/System/Library/Frameworks/ExternalAccessory.framework/ExternalAccessory
0x00007ff91a0ac000 	/System/Library/PrivateFrameworks/IAP.framework/Versions/A/IAP
0x00007ff81f08a000 	/System/Library/PrivateFrameworks/IOPlatformPluginFamily.framework/Versions/A/IOPlatformPluginFamily
0x00007ffb1e7d9000 	/System/Library/PrivateFrameworks/AvatarKit.framework/Versions/A/AvatarKit
0x00007ffb1e8a4000 	/System/Library/PrivateFrameworks/AvatarPersistence.framework/Versions/A/AvatarPersistence
0x00007ffb17c2b000 	/System/Library/Frameworks/TipKit.framework/Versions/A/TipKit
0x00007ff9052fe000 	/System/Library/PrivateFrameworks/IMSharedUtilities.framework/Versions/A/IMSharedUtilities
0x00007ffe0b06f000 	/usr/lib/swift/libswiftAppleArchive.dylib
0x00007ffd1e1e1000 	/System/Library/PrivateFrameworks/VFX.framework/Versions/A/VFX
0x00007ffa17428000 	/System/Library/PrivateFrameworks/AppleCVA.framework/Versions/A/AppleCVA
0x00007ffb1e8a3000 	/System/Library/PrivateFrameworks/AvatarKitContent.framework/Versions/A/AvatarKitContent
0x00007ffb13496000 	/System/Library/Frameworks/MetalFX.framework/Versions/A/MetalFX
0x00007ffb21c5a000 	/System/Library/PrivateFrameworks/CompositorNonUI.framework/Versions/A/CompositorNonUI
0x00007ffb0fc03000 	/System/Library/Frameworks/ARKit.framework/Versions/A/ARKit
0x00007ffb19f62000 	/System/Library/PrivateFrameworks/ARKitCore.framework/Versions/A/ARKitCore
0x00007ffe09596000 	/usr/lib/libDisplayWarpSupport.dylib
0x00007ffc04ba3000 	/System/Library/PrivateFrameworks/CoreComposite.framework/Versions/A/CoreComposite
0x00007ffe09ef8000 	/usr/lib/libchannel.dylib
0x00007ffe0acd8000 	/usr/lib/librealtime_safety.dylib
0x00007ffb19fee000 	/System/Library/PrivateFrameworks/ARKitFoundation.framework/Versions/A/ARKitFoundation
0x00007ffb1ca6a000 	/System/Library/PrivateFrameworks/AppleDepth.framework/Versions/A/AppleDepth
0x00007ffb1cc2f000 	/System/Library/PrivateFrameworks/AppleDepthCore.framework/Versions/A/AppleDepthCore
0x00007ff81f1c8000 	/System/Library/PrivateFrameworks/CoreAppleCVA.framework/Versions/A/CoreAppleCVA
0x00007ff90a933000 	/System/Library/PrivateFrameworks/ContactsUICore.framework/Versions/A/ContactsUICore
0x00007ff91249c000 	/System/Library/PrivateFrameworks/ContactsDonation.framework/Versions/A/ContactsDonation
0x00007ff911d53000 	/System/Library/PrivateFrameworks/DataDetectors.framework/Versions/A/DataDetectors
0x00007ff903819000 	/System/Library/Frameworks/MediaLibrary.framework/Versions/A/MediaLibrary
0x00007ff820085000 	/System/Library/PrivateFrameworks/PersonaKit.framework/Versions/A/PersonaKit
0x00007ff90a922000 	/System/Library/PrivateFrameworks/PersonaUI.framework/Versions/A/PersonaUI
0x00007ffa0660c000 	/System/Library/PrivateFrameworks/Transparency.framework/Versions/A/Transparency
0x00007ffc0b4cd000 	/System/Library/PrivateFrameworks/FindMyLocate.framework/Versions/A/FindMyLocate
0x00007ff913f45000 	/System/Library/PrivateFrameworks/IntlPreferences.framework/Versions/A/IntlPreferences
0x00007ffc08a85000 	/System/Library/PrivateFrameworks/CoreTransparency.framework/Versions/A/CoreTransparency
0x00007ffc0b3c5000 	/System/Library/PrivateFrameworks/FindMyCommon.framework/Versions/A/FindMyCommon
0x00007ffc0b1f4000 	/System/Library/PrivateFrameworks/FindMyBase.framework/Versions/A/FindMyBase
0x00007ffb1514d000 	/System/Library/Frameworks/NearbyInteraction.framework/Versions/A/NearbyInteraction
0x00007ff81fc96000 	/System/Library/PrivateFrameworks/AddressBookCore.framework/Versions/A/AddressBookCore
0x00007ff919beb000 	/System/Library/PrivateFrameworks/ToneKit.framework/Versions/A/ToneKit
0x00007ff913f8b000 	/System/Library/PrivateFrameworks/ToneLibrary.framework/Versions/A/ToneLibrary
0x00007ffb21f1d000 	/System/Library/PrivateFrameworks/ContactsAccounts.framework/Versions/A/ContactsAccounts
0x00007ff917e8c000 	/System/Library/PrivateFrameworks/Lookup.framework/Versions/A/Lookup
0x00007ffb159a9000 	/System/Library/Frameworks/QuickLookUI.framework/Versions/A/QuickLookUI
0x00007ffb16384000 	/System/Library/Frameworks/ScreenCaptureKit.framework/Versions/A/ScreenCaptureKit
0x00007ff914cde000 	/System/Library/Frameworks/Quartz.framework/Versions/A/Frameworks/QuartzComposer.framework/Versions/A/QuartzComposer
0x00007ff913f1d000 	/System/Library/Frameworks/Quartz.framework/Versions/A/Frameworks/QuartzFilters.framework/Versions/A/QuartzFilters
0x00007ff912e8a000 	/System/Library/Frameworks/Quartz.framework/Versions/A/Frameworks/ImageKit.framework/Versions/A/ImageKit
0x00007ff91133d000 	/System/Library/PrivateFrameworks/CorePDF.framework/Versions/A/CorePDF
0x00007ff81cad6000 	/System/Library/Frameworks/QuickLook.framework/Versions/A/QuickLook
0x00007ff9056fb000 	/System/Library/PrivateFrameworks/DisplayServices.framework/Versions/A/DisplayServices
0x00007ff913e9a000 	/System/Library/Frameworks/ImageCaptureCore.framework/Versions/A/ImageCaptureCore
0x00007ffd200d6000 	/System/Library/PrivateFrameworks/VisionKitCore.framework/Versions/A/VisionKitCore
0x00007ff90f3cf000 	/System/Library/PrivateFrameworks/QuickLookSupport.framework/Versions/A/QuickLookSupport
0x00007ffc20e3c000 	/System/Library/PrivateFrameworks/MediaAnalysisServices.framework/Versions/A/MediaAnalysisServices
0x00007ff916d65000 	/System/Library/PrivateFrameworks/PhotoLibraryServices.framework/Versions/A/PhotoLibraryServices
0x00007ff913a88000 	/System/Library/Frameworks/Photos.framework/Versions/A/Photos
0x00007ffa091e6000 	/System/Library/PrivateFrameworks/PhotosFormats.framework/Versions/A/PhotosFormats
0x00007ffd1f2f1000 	/System/Library/PrivateFrameworks/VectorSearch.framework/Versions/A/VectorSearch
0x00007ffa05429000 	/System/Library/PrivateFrameworks/CloudPhotoLibrary.framework/Versions/A/CloudPhotoLibrary
0x00007ffa0ebe6000 	/System/Library/PrivateFrameworks/CloudPhotoServices.framework/Versions/A/CloudPhotoServices
0x00007ffa0b0ae000 	/System/Library/PrivateFrameworks/CoreMediaStream.framework/Versions/A/CoreMediaStream
0x00007ff820ae7000 	/System/Library/PrivateFrameworks/CPAnalytics.framework/Versions/A/CPAnalytics
0x00007ffa073f0000 	/System/Library/PrivateFrameworks/MediaConversionService.framework/Versions/A/MediaConversionService
0x00007ff9052ec000 	/System/Library/PrivateFrameworks/PhotoFoundation.framework/Versions/A/PhotoFoundation
0x00007ffd09070000 	/System/Library/PrivateFrameworks/PhotoLibraryServicesCore.framework/Versions/A/PhotoLibraryServicesCore
0x00007ff920976000 	/System/Library/PrivateFrameworks/MMCS.framework/Versions/A/MMCS
0x00007ff903657000 	/System/Library/PrivateFrameworks/ChunkingLibrary.framework/Versions/A/ChunkingLibrary
0x00007ff81f46c000 	/System/Library/PrivateFrameworks/AssetCacheServices.framework/Versions/A/AssetCacheServices
0x00007ff821733000 	/System/Library/PrivateFrameworks/AVFoundationCF.framework/Versions/A/AVFoundationCF
0x00007ffa1f25b000 	/usr/lib/swift/libswiftDemangle.dylib
0x00007ffc179f1000 	/System/Library/PrivateFrameworks/ImageCaptureDevices.framework/Versions/A/ImageCaptureDevices
0x00007ff91201d000 	/System/Library/PrivateFrameworks/MediaStream.framework/Versions/A/MediaStream
0x00007ffa07933000 	/System/Library/PrivateFrameworks/NeutrinoCore.framework/Versions/A/NeutrinoCore
0x00007ff80d4da000 	/System/Library/PrivateFrameworks/NLP.framework/Versions/A/NLP
0x00007ffa0d91b000 	/System/Library/PrivateFrameworks/PhotoImaging.framework/Versions/A/PhotoImaging
0x00007ffa0eba6000 	/System/Library/PrivateFrameworks/PhotosImagingFoundation.framework/Versions/A/PhotosImagingFoundation
0x00007ffd09c26000 	/System/Library/PrivateFrameworks/PhotosIntelligenceCore.framework/Versions/A/PhotosIntelligenceCore
0x00007ff821be1000 	/System/Library/PrivateFrameworks/EmbeddedAcousticRecognition.framework/Versions/A/EmbeddedAcousticRecognition
0x00007ff91b948000 	/System/Library/PrivateFrameworks/EmojiFoundation.framework/Versions/A/EmojiFoundation
0x00007ffa056b3000 	/System/Library/PrivateFrameworks/SDAPI.framework/Versions/A/SDAPI
0x00007ffc1b13e000 	/System/Library/PrivateFrameworks/IsolatedContextLogging.framework/Versions/A/IsolatedContextLogging
0x00007ffa0ebf4000 	/System/Library/PrivateFrameworks/AutoLoop.framework/Versions/A/AutoLoop
0x00007ffd0a75d000 	/System/Library/PrivateFrameworks/Portrait.framework/Versions/A/Portrait
0x00007ffc0bb6e000 	/System/Library/PrivateFrameworks/FusionTracker.framework/Versions/A/FusionTracker
0x00007ff91474f000 	/System/Library/PrivateFrameworks/iTunesCloud.framework/Versions/A/iTunesCloud
0x00007ff91dab2000 	/System/Library/PrivateFrameworks/DAAPKit.framework/Versions/A/DAAPKit
0x00007ff90f76a000 	/System/Library/PrivateFrameworks/DeviceManagement.framework/Versions/A/DeviceManagement
0x00007ffa14c3f000 	/System/Library/PrivateFrameworks/ScreenTimeUI.framework/Versions/A/ScreenTimeUI
0x00007ff911d4d000 	/System/Library/PrivateFrameworks/QuickLookNonBaseSystem.framework/Versions/A/QuickLookNonBaseSystem
0x00007ff912575000 	/System/Library/PrivateFrameworks/Catalyst.framework/Versions/A/Catalyst
0x00007ff91412a000 	/System/Library/PrivateFrameworks/ScreenTimeCore.framework/Versions/A/ScreenTimeCore
0x00007ffa0860f000 	/System/Library/PrivateFrameworks/ScreenTimeServiceUI.framework/Versions/A/ScreenTimeServiceUI
0x00007ff920b14000 	/System/Library/PrivateFrameworks/ConfigurationEngineModel.framework/Versions/A/ConfigurationEngineModel
0x00007ffa04299000 	/System/Library/PrivateFrameworks/UsageTracking.framework/Versions/A/UsageTracking
0x00007ffb11418000 	/System/Library/Frameworks/DeviceActivity.framework/Versions/A/DeviceActivity
0x00007ffa0426b000 	/System/Library/PrivateFrameworks/KnowledgeMonitor.framework/Versions/A/KnowledgeMonitor
0x00007ffa1c63a000 	/System/Library/PrivateFrameworks/BluetoothManager.framework/Versions/A/BluetoothManager
0x00007ffb1281f000 	/System/Library/Frameworks/ManagedSettings.framework/Versions/A/ManagedSettings
0x00007ffc2053b000 	/System/Library/PrivateFrameworks/ManagedSettingsSupport.framework/Versions/A/ManagedSettingsSupport
0x00007ffa198b4000 	/System/Library/Frameworks/ReplayKit.framework/Versions/A/ReplayKit
0x00007ff90676a000 	/System/Library/PrivateFrameworks/MarkupUI.framework/Versions/A/MarkupUI
0x00007ff911d26000 	/System/Library/PrivateFrameworks/SidecarCore.framework/Versions/A/SidecarCore
0x00007ff914b7f000 	/System/Library/PrivateFrameworks/AnnotationKit.framework/Versions/A/AnnotationKit
0x00007ff9130d7000 	/System/Library/Frameworks/PencilKit.framework/Versions/A/PencilKit
0x00007ff9132ad000 	/System/Library/PrivateFrameworks/SidecarUI.framework/Versions/A/SidecarUI
0x00007ff912963000 	/System/Library/PrivateFrameworks/CoreHandwriting.framework/Versions/A/CoreHandwriting
0x00007ff806dfe000 	/usr/lib/libmecabra.dylib
0x00007ff90aed0000 	/System/Library/PrivateFrameworks/Calculate.framework/Versions/A/Calculate
0x00007ff817bd2000 	/usr/lib/libChineseTokenizer.dylib
0x00007ffb09fb7000 	/System/Library/PrivateFrameworks/ScreenReaderCore.framework/Versions/A/ScreenReaderCore
0x00007ffd17878000 	/System/Library/PrivateFrameworks/StocksKit.framework/Versions/A/StocksKit
0x00007ff909f08000 	/System/Library/PrivateFrameworks/OAuth.framework/Versions/A/OAuth
0x00007ffd175ce000 	/System/Library/PrivateFrameworks/StocksCore.framework/Versions/A/StocksCore
0x00007ffd18c30000 	/System/Library/PrivateFrameworks/TeaFoundation.framework/Versions/A/TeaFoundation
0x00007ffd18db2000 	/System/Library/PrivateFrameworks/TeaSettings.framework/Versions/A/TeaSettings
0x00007ffa207ec000 	/System/Library/PrivateFrameworks/NewsCore.framework/Versions/A/NewsCore
0x00007ffd18bdb000 	/System/Library/PrivateFrameworks/TeaDB.framework/Versions/A/TeaDB
0x00007ffa1d7fa000 	/System/Library/PrivateFrameworks/RemoteConfiguration.framework/Versions/A/RemoteConfiguration
0x00007ffa20372000 	/System/Library/PrivateFrameworks/NewsTransport.framework/Versions/A/NewsTransport
0x00007ffa207dd000 	/System/Library/PrivateFrameworks/NewsFoundation.framework/Versions/A/NewsFoundation
0x00007ffd05d84000 	/System/Library/PrivateFrameworks/NewsURLBucket.framework/Versions/A/NewsURLBucket
0x00007ff916881000 	/System/Library/PrivateFrameworks/MobileInstallation.framework/Versions/A/MobileInstallation
0x00007ffb17d77000 	/System/Library/Frameworks/Translation.framework/Versions/A/Translation
0x00007ffa104db000 	/System/Library/PrivateFrameworks/RevealCore.framework/Versions/A/RevealCore
0x00007ffa104d0000 	/System/Library/PrivateFrameworks/Reveal.framework/Versions/A/Reveal
0x00007ffa082e1000 	/System/Library/Frameworks/Speech.framework/Versions/A/Speech
0x00007ffb18ed8000 	/System/Library/PrivateFrameworks/AIMLExperimentationAnalytics.framework/Versions/A/AIMLExperimentationAnalytics
0x00007ffb1b122000 	/System/Library/PrivateFrameworks/AlgorithmsInternal.framework/Versions/A/AlgorithmsInternal
0x00007ffd1c2f6000 	/System/Library/PrivateFrameworks/TranslationUIServices.framework/Versions/A/TranslationUIServices
0x00007ffd1b2d2000 	/System/Library/PrivateFrameworks/TipKitCore.framework/Versions/A/TipKitCore
0x00007ff91b9c9000 	/System/Library/PrivateFrameworks/CoreCDPInternal.framework/Versions/A/CoreCDPInternal
0x00007ffc180c8000 	/System/Library/PrivateFrameworks/InputAnalytics.framework/Versions/A/InputAnalytics
0x00007ff921b3d000 	/System/Library/Frameworks/InstantMessage.framework/Versions/A/InstantMessage
0x00007ff91996c000 	/System/Library/PrivateFrameworks/IDSKVStore.framework/Versions/A/IDSKVStore
0x00007ff91961b000 	/System/Library/PrivateFrameworks/IMDPersistence.framework/Versions/A/IMDPersistence
0x00007ffd1e0e4000 	/System/Library/PrivateFrameworks/UserSafety.framework/Versions/A/UserSafety
0x00007ffa1b7c2000 	/System/Library/PrivateFrameworks/BlastDoor.framework/Versions/A/BlastDoor
0x00007ffc1c039000 	/System/Library/PrivateFrameworks/LinkPresentationStyleSheetParsing.framework/Versions/A/LinkPresentationStyleSheetParsing
0x00007ffd0a920000 	/System/Library/PrivateFrameworks/PosterFoundation.framework/Versions/A/PosterFoundation
0x00007ffd0a9ac000 	/System/Library/PrivateFrameworks/PosterModel.framework/Versions/A/PosterModel
0x00007ffd0a98a000 	/System/Library/PrivateFrameworks/PosterFuturesKit.framework/Versions/A/PosterFuturesKit
0x00007ffc0b018000 	/System/Library/PrivateFrameworks/FeedbackService.framework/Versions/A/FeedbackService
0x00007ff9123f5000 	/System/Library/PrivateFrameworks/CoreSDB.framework/Versions/A/CoreSDB
0x00007ffb1e0aa000 	/System/Library/PrivateFrameworks/AskToCore.framework/Versions/A/AskToCore
0x00007ffa15420000 	/System/Library/PrivateFrameworks/MachineSettings.framework/Versions/A/MachineSettings
0x00007ffa06b93000 	/System/Library/PrivateFrameworks/BezelServices.framework/Versions/A/BezelServices
0x00007ff91db42000 	/System/Library/PrivateFrameworks/SPOwner.framework/Versions/A/SPOwner
0x00007ff916506000 	/System/Library/PrivateFrameworks/FMCore.framework/Versions/A/FMCore
0x00007ffe0497a000 	/System/Library/PrivateFrameworks/iCloudQuota.framework/Versions/A/iCloudQuota
0x00007ff90a88a000 	/System/Library/PrivateFrameworks/CoreRecognition.framework/Versions/A/CoreRecognition
0x00007ffa06c4f000 	/System/Library/PrivateFrameworks/InAppMessages.framework/Versions/A/InAppMessages
0x00007ffb08c53000 	/System/Library/PrivateFrameworks/JetUI.framework/Versions/A/JetUI
0x00007ffc1b461000 	/System/Library/PrivateFrameworks/JetPack.framework/Versions/A/JetPack
0x00007ffa06c47000 	/System/Library/PrivateFrameworks/InAppMessagesCore.framework/Versions/A/InAppMessagesCore
0x00007ffe03e3f000 	/System/Library/PrivateFrameworks/_JetEngine_SwiftUI.framework/Versions/A/_JetEngine_SwiftUI
0x00007ffd18723000 	/System/Library/PrivateFrameworks/Synapse.framework/Versions/A/Synapse
0x00007ffb201f6000 	/System/Library/PrivateFrameworks/CSExattrCrypto.framework/Versions/A/CSExattrCrypto
0x00007ff917b91000 	/System/Library/PrivateFrameworks/StoreFoundation.framework/Versions/A/StoreFoundation
0x00007ff916500000 	/System/Library/PrivateFrameworks/ServerInformation.framework/Versions/A/ServerInformation
0x00007ff915f0b000 	/System/Library/PrivateFrameworks/Install.framework/Frameworks/DistributionKit.framework/Versions/A/DistributionKit
0x00007ff90f191000 	/System/Library/PrivateFrameworks/PackageKit.framework/Versions/A/PackageKit
0x00007ff915f2c000 	/System/Library/PrivateFrameworks/OSPersonalization.framework/Versions/A/OSPersonalization
0x00007ff9180db000 	/System/Library/PrivateFrameworks/BridgeOSSoftwareUpdate.framework/Versions/A/BridgeOSSoftwareUpdate
0x00007ff912878000 	/System/Library/PrivateFrameworks/StorageManagement.framework/Versions/A/StorageManagement
0x00007ffa08164000 	/usr/lib/libauthinstall.dylib
0x00007ff9180e3000 	/System/Library/PrivateFrameworks/InstallerDiagnostics.framework/Versions/A/InstallerDiagnostics
0x00007ffa087f7000 	/usr/lib/libcrypto.42.dylib
0x00007ffe0b5b8000 	/usr/lib/updaters/libAppleTconUARPUpdater.dylib
0x00007ff9180cb000 	/System/Library/PrivateFrameworks/GPUInfo.framework/Versions/A/GPUInfo
0x00007ffa06d40000 	/System/Library/PrivateFrameworks/MobileActivationMacOS.framework/Versions/A/MobileActivationMacOS
0x00007ff909e45000 	/System/Library/PrivateFrameworks/AccountsDaemon.framework/Versions/A/AccountsDaemon
0x00007ff91812b000 	/System/Library/PrivateFrameworks/AOSKit.framework/Versions/A/AOSKit
0x00007ff817ebb000 	/System/Library/PrivateFrameworks/AppSSOCore.framework/Versions/A/AppSSOCore
0x00007ffb1e9a5000 	/System/Library/PrivateFrameworks/BackgroundSystemTasks.framework/Versions/A/BackgroundSystemTasks
0x00007ff8240bc000 	/System/Library/PrivateFrameworks/DuetActivityScheduler.framework/Versions/A/DuetActivityScheduler
0x00007ffa05355000 	/System/Library/PrivateFrameworks/NetworkServiceProxy.framework/Versions/A/NetworkServiceProxy
0x00007ff81f0fa000 	/usr/lib/libnetworkextension.dylib
0x00007ffd1843d000 	/System/Library/PrivateFrameworks/Symptoms.framework/Versions/A/Frameworks/SymptomAnalytics.framework/Versions/A/SymptomAnalytics
0x00007ff81ba81000 	/System/Library/Frameworks/NetworkExtension.framework/Versions/A/NetworkExtension
0x00007ff822884000 	/System/Library/PrivateFrameworks/CoreDuetContext.framework/Versions/A/CoreDuetContext
0x00007ff80b983000 	/System/Library/PrivateFrameworks/CoreDuet.framework/Versions/A/CoreDuet
0x00007ff905044000 	/System/Library/PrivateFrameworks/AssistantServices.framework/Versions/A/AssistantServices
0x00007ff8218a0000 	/System/Library/PrivateFrameworks/SAObjects.framework/Versions/A/SAObjects
0x00007ff904c0b000 	/System/Library/PrivateFrameworks/MediaRemote.framework/Versions/A/MediaRemote
0x00007ffd150e3000 	/System/Library/PrivateFrameworks/SiriTTSService.framework/Versions/A/SiriTTSService
0x00007ffd10009000 	/System/Library/PrivateFrameworks/SiriCrossDeviceArbitration.framework/Versions/A/SiriCrossDeviceArbitration
0x00007ffc0abee000 	/System/Library/PrivateFrameworks/FaceTimeNameUtility.framework/Versions/A/FaceTimeNameUtility
0x00007ffd10058000 	/System/Library/PrivateFrameworks/SiriCrossDeviceArbitrationFeedback.framework/Versions/A/SiriCrossDeviceArbitrationFeedback
0x00007ffa07643000 	/System/Library/PrivateFrameworks/UIKitServices.framework/Versions/A/UIKitServices
0x00007ff90a6a7000 	/System/Library/PrivateFrameworks/MediaServices.framework/Versions/A/MediaServices
0x00007ff818313000 	/System/Library/PrivateFrameworks/PersistentConnection.framework/Versions/A/PersistentConnection
0x00007ffd1678a000 	/System/Library/PrivateFrameworks/SonicFoundation.framework/Versions/A/SonicFoundation
0x00007ff91a649000 	/usr/lib/libtailspin.dylib
0x00007ffa0ed06000 	/System/Library/PrivateFrameworks/Osprey.framework/Versions/A/Osprey
0x00007ffd14701000 	/System/Library/PrivateFrameworks/SiriTTS.framework/Versions/A/SiriTTS
0x00007ffd134d2000 	/System/Library/PrivateFrameworks/SiriPowerInstrumentation.framework/Versions/A/SiriPowerInstrumentation
0x00007ffd18bd9000 	/System/Library/PrivateFrameworks/TailspinSymbolication.framework/Versions/A/TailspinSymbolication
0x00007ffc09246000 	/System/Library/PrivateFrameworks/Darwinup.framework/Versions/A/Darwinup
0x00007ffa07429000 	/System/Library/PrivateFrameworks/SignpostSupport.framework/Versions/A/SignpostSupport
0x00007ff912371000 	/System/Library/PrivateFrameworks/FeatureFlagsSupport.framework/Versions/A/FeatureFlagsSupport
0x00007ffa06aa9000 	/System/Library/PrivateFrameworks/ktrace.framework/Versions/A/ktrace
0x00007ffa07679000 	/System/Library/PrivateFrameworks/SampleAnalysis.framework/Versions/A/SampleAnalysis
0x00007ffa10496000 	/System/Library/PrivateFrameworks/kperfdata.framework/Versions/A/kperfdata
0x00007ff81cc03000 	/usr/lib/libdscsym.dylib
0x00007ffa10a2f000 	/System/Library/PrivateFrameworks/BulkSymbolication.framework/Versions/A/BulkSymbolication
0x00007ff8252e2000 	/System/Library/PrivateFrameworks/CoreDuetDaemonProtocol.framework/Versions/A/CoreDuetDaemonProtocol
0x00007ff917a00000 	/System/Library/PrivateFrameworks/CaptiveNetwork.framework/Versions/A/CaptiveNetwork
0x00007ff8236dc000 	/System/Library/PrivateFrameworks/EAP8021X.framework/Versions/A/EAP8021X
0x00007ffc09028000 	/System/Library/PrivateFrameworks/CryptoKitPrivate.framework/Versions/A/CryptoKitPrivate
0x00007ff91196d000 	/System/Library/PrivateFrameworks/FindMyDevice.framework/Versions/A/FindMyDevice
0x00007ff9057ea000 	/System/Library/PrivateFrameworks/FMCoreLite.framework/Versions/A/FMCoreLite
0x00007ff8155ef000 	/System/Library/Frameworks/ServiceManagement.framework/Versions/A/ServiceManagement
0x000000013993b000 	/Users/zvwgvx/.cache/rbw-forge-ui/jdk8u502-b07/Contents/Home/jre/lib/libfontmanager.dylib
0x0000000139ac9000 	/Users/zvwgvx/.cache/rbw-forge-ui/jdk8u502-b07/Contents/Home/jre/lib/libfreetype.dylib
0x0000000139ced000 	/Users/zvwgvx/.cache/rbw-forge-ui/gradle-user-home/caches/minecraft/net/minecraft/natives/1.8.9/liblwjgl.dylib
0x00000001398fb000 	/Users/zvwgvx/.cache/rbw-forge-ui/jdk8u502-b07/Contents/Home/jre/lib/libjawt.dylib
0x00007ffb0e9f6000 	/System/Library/Frameworks/OpenGL.framework/Versions/A/Resources/GLEngine.bundle/GLEngine
0x00007ffb0e86a000 	/System/Library/Frameworks/OpenGL.framework/Versions/A/Libraries/libGLProgrammability.dylib
0x000000013add0000 	/System/Library/Extensions/AppleMetalOpenGLRenderer.bundle/Contents/MacOS/AppleMetalOpenGLRenderer
0x00007ffb0eb60000 	/System/Library/Frameworks/OpenGL.framework/Versions/A/Resources/GLRendererFloat.bundle/GLRendererFloat
0x000000013c738000 	/System/Library/Extensions/AGXMetalG16G_B0.bundle/Contents/MacOS/AGXMetalG16G_B0
0x00007ff90a543000 	/System/Library/PrivateFrameworks/IOGPU.framework/Versions/A/IOGPU

VM Arguments:
jvm_args: -Drbw.ui.preview.control.file=/Users/zvwgvx/Project/rbw-client/game/client-mod/preview/rbw-ui-preview.json -Drbw.ui.preview.theme.file=/Users/zvwgvx/Project/rbw-client/game/client-mod/preview/rbw-ui-theme.json -Drbw.utility.settings.file=/Users/zvwgvx/Project/rbw-client/game/client-mod/preview/rbw-utility-settings.json -Dfile.encoding=UTF-8 -Duser.country=VN -Duser.language=en -Duser.variant 
java_command: GradleStart --width 1277 --height 717
java_class_path (initial): /Users/zvwgvx/.cache/rbw-forge-ui/gradle-user-home/caches/minecraft/deobfedDeps/compileDummy.jar:/Users/zvwgvx/.cache/rbw-forge-ui/gradle-user-home/caches/minecraft/deobfedDeps/providedDummy.jar:/Users/zvwgvx/.cache/rbw-forge-ui/gradle-user-home/caches/minecraft/net/minecraftforge/forge/1.8.9-11.15.1.2318-1.8.9/stable/22/forgeBin-1.8.9-11.15.1.2318-1.8.9.jar:/Users/zvwgvx/.cache/rbw-forge-ui/gradle-user-home/caches/modules-2/files-2.1/com.mojang/netty/1.8.8/a796914d1c8a55b4da9f4a8856dd9623375d8bb/netty-1.8.8.jar:/Users/zvwgvx/.cache/rbw-forge-ui/gradle-user-home/caches/modules-2/files-2.1/oshi-project/oshi-core/1.1/9ddf7b048a8d701be231c0f4f95fd986198fd2d8/oshi-core-1.1.jar:/Users/zvwgvx/.cache/rbw-forge-ui/gradle-user-home/caches/modules-2/files-2.1/net.java.dev.jna/jna/3.4.0/803ff252fedbd395baffd43b37341dc4a150a554/jna-3.4.0.jar:/Users/zvwgvx/.cache/rbw-forge-ui/gradle-user-home/caches/modules-2/files-2.1/net.java.dev.jna/platform/3.4.0/e3f70017be8100d3d6923f50b3d2ee17714e9c13/platform-3.4.0.jar:/Users/zvwgvx/.cache/rbw-forge-ui/gradle-user-home/caches/modules-2/files-2.1/com.ibm.icu/icu4j-core-mojang/51.2/63d216a9311cca6be337c1e458e587f99d382b84/icu4j-core-mojang-51.2.jar:/Users/zvwgvx/.cache/rbw-forge-ui/gradle-user-home/caches/modules-2/files-2.1/net.sf.jopt-simple/jopt-simple/4.6/306816fb57cf94f108a43c95731b08934dcae15c/jopt-simple-4.6.jar:/Users/zvwgvx/.cache/rbw-forge-ui/gradle-user-home/caches/modules-2/files-2.1/io.netty/netty-all/4.0.23.Final/294104aaf1781d6a56a07d561e792c5d0c95f45/netty-all-4.0.23.Final.jar:/Users/zvwgvx/.cache/rbw-forge-ui/gradle-user-home/caches/modules-2/files-2.1/com.google.guava/guava/17.0/9c6ef172e8de35fd8d4d8783e4821e57cdef7445/guava-17.0.jar:/Users/zvwgvx/.cache/rbw-forge-ui/gradle-user-home/caches/modules-2/files-2.1/org.apache.commons/commons-lang3/3.3.2/90a3822c38ec8c996e84c16a3477ef632cbc87a3/commons-lang3-3.3.2.jar:/Users/zvwgvx/.cache/rbw-forge-ui/gradle-user-home/caches/modules-2/files-2.1/commo
Launcher Type: SUN_STANDARD

Environment Variables:
JAVA_HOME=/Users/zvwgvx/.cache/rbw-forge-ui/jdk8u502-b07/Contents/Home
PATH=/Users/zvwgvx/.local/bin:/opt/homebrew/bin:/opt/homebrew/sbin:/usr/local/bin:/System/Cryptexes/App/usr/bin:/usr/bin:/bin:/usr/sbin:/sbin:/var/run/com.apple.security.cryptexd/codex.system/bootstrap/usr/local/bin:/var/run/com.apple.security.cryptexd/codex.system/bootstrap/usr/bin:/var/run/com.apple.security.cryptexd/codex.system/bootstrap/usr/appleinternal/bin:/pkg/env/global/bin:/Library/Apple/usr/bin:/Library/TeX/texbin:/Users/zvwgvx/.codex/tmp/arg0/codex-arg0fgEHZ3:/Users/zvwgvx/.cache/codex-runtimes/codex-primary-runtime/dependencies/bin/override:/opt/homebrew/Caskroom/miniconda/base/condabin:/Users/zvwgvx/.codeium/windsurf/bin:/Users/zvwgvx/.antigravity/antigravity/bin:/Users/zvwgvx/.opencode/bin:/Users/zvwgvx/.local/bin:/opt/homebrew/opt/libpq/bin:/Users/zvwgvx/Library/Python/3.9/bin:/Users/zvwgvx/.cargo/bin:/Users/zvwgvx/.lmstudio/bin:/Users/zvwgvx/.cache/codex-runtimes/codex-primary-runtime/dependencies/bin/fallback:/Applications/ChatGPT.app/Contents/Resources
SHELL=/bin/zsh

Signal Handlers:
SIGSEGV: [libjvm.dylib+0x55aaa3], sa_mask[0]=11111111111111111111111111111111, sa_flags=SA_ONSTACK|SA_RESTART|SA_SIGINFO
SIGBUS: [libjvm.dylib+0x55aaa3], sa_mask[0]=11111111111111111111111111111111, sa_flags=SA_RESTART|SA_SIGINFO
SIGFPE: [libjvm.dylib+0x45ac51], sa_mask[0]=11111111111111111111111111111111, sa_flags=SA_RESTART|SA_SIGINFO
SIGPIPE: [libjvm.dylib+0x45ac51], sa_mask[0]=11111111111111111111111111111111, sa_flags=SA_RESTART|SA_SIGINFO
SIGXFSZ: [libjvm.dylib+0x45ac51], sa_mask[0]=11111111111111111111111111111111, sa_flags=SA_RESTART|SA_SIGINFO
SIGILL: [libjvm.dylib+0x45ac51], sa_mask[0]=11111111111111111111111111111111, sa_flags=SA_RESTART|SA_SIGINFO
SIGUSR1: SIG_DFL, sa_mask[0]=00000000000000000000000000000000, sa_flags=none
SIGUSR2: [libjvm.dylib+0x45b523], sa_mask[0]=00100000000000000000000000000000, sa_flags=SA_RESTART|SA_SIGINFO
SIGHUP: [libjvm.dylib+0x45975d], sa_mask[0]=11111111111111111111111111111111, sa_flags=SA_RESTART|SA_SIGINFO
SIGINT: [libjvm.dylib+0x45975d], sa_mask[0]=11111111111111111111111111111111, sa_flags=SA_RESTART|SA_SIGINFO
SIGTERM: [libjvm.dylib+0x45975d], sa_mask[0]=11111111111111111111111111111111, sa_flags=SA_RESTART|SA_SIGINFO
SIGQUIT: [libjvm.dylib+0x45975d], sa_mask[0]=11111111111111111111111111111111, sa_flags=SA_RESTART|SA_SIGINFO


---------------  S Y S T E M  ---------------

OS:Bsduname:Darwin 25.6.0 Darwin Kernel Version 25.6.0: Sat Jul 11 15:26:29 PDT 2026; root:xnu-12377.161.13~4/RELEASE_ARM64_T8132 x86_64
rlimit: STACK 8176k, CORE 0k, NPROC 2666, NOFILE 12544, AS infinity
load average:3.23 2.39 2.31

CPU:total 10 (initial active 10) (1 cores per cpu, 1 threads per core) family 6 model 44 stepping 0, cmov, cx8, fxsr, mmx, sse, sse2, sse3, ssse3, sse4.1, sse4.2, popcnt, aes, clmul, tsc, tscinvbit, tscinv

Memory: 4k page, physical 16777216k(18720k free)

/proc/meminfo:


vm_info: OpenJDK 64-Bit Server VM (25.502-b07) for bsd-amd64 JRE (1.8.0_502-b07), built on Jul 21 2026 18:17:15 by "admin" with gcc Apple LLVM 15.0.0 (clang-1500.1.0.2.5)

time: Fri Aug 14 05:14:47 2026
timezone: +07
elapsed time: 4.711127 seconds (0d 0h 0m 4s)

