#
# A fatal error has been detected by the Java Runtime Environment:
#
#  SIGSEGV (0xb) at pc=0x00007ff80c4315e2, pid=33960, tid=0x0000000000002703
#
# JRE version: OpenJDK Runtime Environment (8.0_502-b07) (build 1.8.0_502-b07)
# Java VM: OpenJDK 64-Bit Server VM (25.502-b07 mixed mode bsd-amd64 compressed oops)
# Problematic frame:
# C  [libobjc.A.dylib+0x85e2]  objc_release+0x22
#
# Failed to write core dump. Core dumps have been disabled. To enable core dumping, try "ulimit -c unlimited" before starting Java again
#
# If you would like to submit a bug report, please visit:
#   https://github.com/adoptium/adoptium-support/issues
# The crash happened outside the Java Virtual Machine in native code.
# See problematic frame for where to report the bug.
#

---------------  T H R E A D  ---------------

Current thread (0x00007fad2880a800):  JavaThread "Client thread" [_thread_in_native, id=9987, stack(0x000000030c3cb000,0x000000030c4cb000)]

siginfo: si_signo: 11 (SIGSEGV), si_code: 1 (SEGV_MAPERR), si_addr: 0x000007faca193e08

Registers:
RAX=0x200007faca193dea, RBX=0x00007fad17815000, RCX=0x00007ffffffffff8, RDX=0x000007faca193de8
RSP=0x000000030c4c9468, RBP=0x000000030c4c94a0, RSI=0x0100000000000000, RDI=0x00007faca1947420
R8 =0x013dffaca1945187, R9 =0x0000000000000000, R10=0x00007ff84d0bd7b8, R11=0x00007ff80c9229a4
R12=0xa3a3a3a3a3a3a3a3, R13=0x0000000000000001, R14=0x00007fad178150d0, R15=0x00007faca1947420
RIP=0x00007ff80c4315e2, EFLAGS=0x0000000000000246, ERR=0x0000000000000004
  TRAPNO=0x000000000000000e

Top of Stack: (sp=0x000000030c4c9468)
0x000000030c4c9468:   00007ff80c434f15 c419731ceb4a000b
0x000000030c4c9478:   00007fad178150d0 0000000000000000
0x000000030c4c9488:   000000013e78b6e0 00007fad17815000
0x000000030c4c9498:   00007fad2880a800 000000030c4c94c0
0x000000030c4c94a8:   00007ff80c432353 00007fad178150d0
0x000000030c4c94b8:   00007ff82c0adad3 000000030c4c94e0
0x000000030c4c94c8:   00007ff80c911aef c419731ceb4a000b
0x000000030c4c94d8:   00007face770a390 000000030c4c9520
0x000000030c4c94e8:   00007ff80daec413 000000030c4c9520
0x000000030c4c94f8:   000000013d8ade0f 000000013e78b6e8
0x000000030c4c9508:   c419731ceb4a000b 000000013e78b6e8
0x000000030c4c9518:   000000030c4c95a8 000000030c4c9580
0x000000030c4c9528:   0000000113d94e47 000000013e78a790
0x000000030c4c9538:   0000000113d94b62 000000030c4c9540
0x000000030c4c9548:   000000013e78b6e0 000000030c4c95a8
0x000000030c4c9558:   000000013e78bc48 0000000000000000
0x000000030c4c9568:   000000013e78b6e8 0000000000000000
0x000000030c4c9578:   000000030c4c95a0 000000030c4c95f0
0x000000030c4c9588:   0000000113d84ffd 000000077a82d1a8
0x000000030c4c9598:   0000000113d8ea58 000000077a84b6d8
0x000000030c4c95a8:   000000077a6dada0 000000030c4c95b0
0x000000030c4c95b8:   000000013e78b5e7 000000030c4c9620
0x000000030c4c95c8:   000000013e78bc48 0000000000000000
0x000000030c4c95d8:   000000013e78b658 000000030c4c95a0
0x000000030c4c95e8:   000000030c4c9610 000000030c4c9678
0x000000030c4c95f8:   0000000113d85042 0000000000000000
0x000000030c4c9608:   000000077a6dada0 000000077a84b6d8
0x000000030c4c9618:   000000077a6dace8 000000077a82d238
0x000000030c4c9628:   0000000113d909e7 000000077a82d248
0x000000030c4c9638:   000000030c4c9628 000000013e788fd6
0x000000030c4c9648:   000000030c4c9688 000000013e789e70
0x000000030c4c9658:   0000000000000000 000000013e789008 

Instructions: (pc=0x00007ff80c4315e2)
0x00007ff80c4315c2:   ff 0f 94 c0 89 f9 08 c1 f6 c1 01 75 68 48 b9 f8
0x00007ff80c4315d2:   ff ff ff ff 7f 00 00 48 8b 07 48 89 c2 48 21 ca
0x00007ff80c4315e2:   48 8b 72 20 40 f6 c6 04 74 4c a8 01 74 6a 48 ba
0x00007ff80c4315f2:   00 00 00 00 00 00 80 00 48 be 00 00 00 00 00 00 

Register to memory mapping:

RAX=0x200007faca193dea is an unknown value
RBX=0x00007fad17815000 is an unknown value
RCX=0x00007ffffffffff8 is an unknown value
RDX=0x000007faca193de8 is an unknown value
RSP=0x000000030c4c9468 is pointing into the stack for thread: 0x00007fad2880a800
RBP=0x000000030c4c94a0 is pointing into the stack for thread: 0x00007fad2880a800
RSI=0x0100000000000000 is an unknown value
RDI=0x00007faca1947420 is an unknown value
R8 =0x013dffaca1945187 is an unknown value
R9 =0x0000000000000000 is an unknown value
R10=0x00007ff84d0bd7b8: OBJC_CLASS_$___NSCFType+0 in /System/Library/Frameworks/CoreFoundation.framework/Versions/A/CoreFoundation at 0x00007ff80c8d5000
R11=0x00007ff80c9229a4: -[__NSCFType release]+0 in /System/Library/Frameworks/CoreFoundation.framework/Versions/A/CoreFoundation at 0x00007ff80c8d5000
R12=0xa3a3a3a3a3a3a3a3 is an unknown value
R13=0x0000000000000001 is an unknown value
R14=0x00007fad178150d0 is an unknown value
R15=0x00007faca1947420 is an unknown value


Stack: [0x000000030c3cb000,0x000000030c4cb000],  sp=0x000000030c4c9468,  free space=1017k
Native frames: (J=compiled Java code, j=interpreted, Vv=VM code, C=native code)
C  [libobjc.A.dylib+0x85e2]  objc_release+0x22
C  [libobjc.A.dylib+0x9353]  objc_autoreleasePoolPop+0xec
C  [CoreFoundation+0x3caef]  _CFAutoreleasePoolPop+0x16
C  [Foundation+0x1d413]  -[NSAutoreleasePool release]+0x83
j  org.lwjgl.opengl.MacOSXContextImplementation.setView(Ljava/nio/ByteBuffer;Ljava/nio/ByteBuffer;)V+0
j  org.lwjgl.opengl.MacOSXContextImplementation.makeCurrent(Lorg/lwjgl/opengl/PeerInfo;Ljava/nio/ByteBuffer;)V+7
j  org.lwjgl.opengl.ContextGL.makeCurrent()V+46
j  org.lwjgl.opengl.DrawableGL.makeCurrent()V+14
j  org.lwjgl.opengl.Display.makeCurrent()V+3
j  org.lwjgl.opengl.Display.makeCurrentAndSetSwapInterval()V+0
j  org.lwjgl.opengl.Display.create(Lorg/lwjgl/opengl/PixelFormat;Lorg/lwjgl/opengl/Drawable;Lorg/lwjgl/opengl/ContextAttribs;)V+108
j  org.lwjgl.opengl.Display.create(Lorg/lwjgl/opengl/PixelFormat;)V+12
j  net.minecraft.client.Minecraft.createDisplay()V+22
j  net.minecraft.client.Minecraft.startGame()V+115
j  net.minecraft.client.Minecraft.run()V+6
j  net.minecraft.client.main.Main.main([Ljava/lang/String;)V+1068
v  ~StubRoutines::call_stub
V  [libjvm.dylib+0x2b54e5]  JavaCalls::call_helper(JavaValue*, methodHandle*, JavaCallArguments*, Thread*)+0x72f
V  [libjvm.dylib+0x4a1146]  Reflection::invoke(instanceKlassHandle, methodHandle, Handle, bool, objArrayHandle, BasicType, objArrayHandle, bool, Thread*)+0xa9e
V  [libjvm.dylib+0x4a1641]  Reflection::invoke_method(oopDesc*, Handle, objArrayHandle, Thread*)+0x135
V  [libjvm.dylib+0x329a49]  JVM_InvokeMethod+0x19d
j  sun.reflect.NativeMethodAccessorImpl.invoke0(Ljava/lang/reflect/Method;Ljava/lang/Object;[Ljava/lang/Object;)Ljava/lang/Object;+0
j  sun.reflect.NativeMethodAccessorImpl.invoke(Ljava/lang/Object;[Ljava/lang/Object;)Ljava/lang/Object;+100
j  sun.reflect.DelegatingMethodAccessorImpl.invoke(Ljava/lang/Object;[Ljava/lang/Object;)Ljava/lang/Object;+6
j  java.lang.reflect.Method.invoke(Ljava/lang/Object;[Ljava/lang/Object;)Ljava/lang/Object;+56
j  net.minecraft.launchwrapper.Launch.launch([Ljava/lang/String;)V+661
j  net.minecraft.launchwrapper.Launch.main([Ljava/lang/String;)V+8
v  ~StubRoutines::call_stub
V  [libjvm.dylib+0x2b54e5]  JavaCalls::call_helper(JavaValue*, methodHandle*, JavaCallArguments*, Thread*)+0x72f
V  [libjvm.dylib+0x4a1146]  Reflection::invoke(instanceKlassHandle, methodHandle, Handle, bool, objArrayHandle, BasicType, objArrayHandle, bool, Thread*)+0xa9e
V  [libjvm.dylib+0x4a1641]  Reflection::invoke_method(oopDesc*, Handle, objArrayHandle, Thread*)+0x135
V  [libjvm.dylib+0x329a49]  JVM_InvokeMethod+0x19d
j  sun.reflect.NativeMethodAccessorImpl.invoke0(Ljava/lang/reflect/Method;Ljava/lang/Object;[Ljava/lang/Object;)Ljava/lang/Object;+0
j  sun.reflect.NativeMethodAccessorImpl.invoke(Ljava/lang/Object;[Ljava/lang/Object;)Ljava/lang/Object;+100
j  sun.reflect.DelegatingMethodAccessorImpl.invoke(Ljava/lang/Object;[Ljava/lang/Object;)Ljava/lang/Object;+6
j  java.lang.reflect.Method.invoke(Ljava/lang/Object;[Ljava/lang/Object;)Ljava/lang/Object;+56
j  net.minecraftforge.gradle.GradleStartCommon.launch([Ljava/lang/String;)V+169
j  GradleStart.main([Ljava/lang/String;)V+11
v  ~StubRoutines::call_stub
V  [libjvm.dylib+0x2b54e5]  JavaCalls::call_helper(JavaValue*, methodHandle*, JavaCallArguments*, Thread*)+0x72f
V  [libjvm.dylib+0x2f0d8f]  jni_invoke_static(JNIEnv_*, JavaValue*, _jobject*, JNICallType, _jmethodID*, JNI_ArgumentPusher*, Thread*)+0x239
V  [libjvm.dylib+0x2f38d3]  jni_CallStaticVoidMethod+0x17b
C  [java+0x997c]  JavaMain+0x9a3
C  [libsystem_pthread.dylib+0x5d49]  _pthread_start+0x73
C  [libsystem_pthread.dylib+0x182f]  thread_start+0xf
C  0x0000000000000000

Java frames: (J=compiled Java code, j=interpreted, Vv=VM code)
j  org.lwjgl.opengl.MacOSXContextImplementation.setView(Ljava/nio/ByteBuffer;Ljava/nio/ByteBuffer;)V+0
j  org.lwjgl.opengl.MacOSXContextImplementation.makeCurrent(Lorg/lwjgl/opengl/PeerInfo;Ljava/nio/ByteBuffer;)V+7
j  org.lwjgl.opengl.ContextGL.makeCurrent()V+46
j  org.lwjgl.opengl.DrawableGL.makeCurrent()V+14
j  org.lwjgl.opengl.Display.makeCurrent()V+3
j  org.lwjgl.opengl.Display.makeCurrentAndSetSwapInterval()V+0
j  org.lwjgl.opengl.Display.create(Lorg/lwjgl/opengl/PixelFormat;Lorg/lwjgl/opengl/Drawable;Lorg/lwjgl/opengl/ContextAttribs;)V+108
j  org.lwjgl.opengl.Display.create(Lorg/lwjgl/opengl/PixelFormat;)V+12
j  net.minecraft.client.Minecraft.createDisplay()V+22
j  net.minecraft.client.Minecraft.startGame()V+115
j  net.minecraft.client.Minecraft.run()V+6
j  net.minecraft.client.main.Main.main([Ljava/lang/String;)V+1068
v  ~StubRoutines::call_stub
j  sun.reflect.NativeMethodAccessorImpl.invoke0(Ljava/lang/reflect/Method;Ljava/lang/Object;[Ljava/lang/Object;)Ljava/lang/Object;+0
j  sun.reflect.NativeMethodAccessorImpl.invoke(Ljava/lang/Object;[Ljava/lang/Object;)Ljava/lang/Object;+100
j  sun.reflect.DelegatingMethodAccessorImpl.invoke(Ljava/lang/Object;[Ljava/lang/Object;)Ljava/lang/Object;+6
j  java.lang.reflect.Method.invoke(Ljava/lang/Object;[Ljava/lang/Object;)Ljava/lang/Object;+56
j  net.minecraft.launchwrapper.Launch.launch([Ljava/lang/String;)V+661
j  net.minecraft.launchwrapper.Launch.main([Ljava/lang/String;)V+8
v  ~StubRoutines::call_stub
j  sun.reflect.NativeMethodAccessorImpl.invoke0(Ljava/lang/reflect/Method;Ljava/lang/Object;[Ljava/lang/Object;)Ljava/lang/Object;+0
j  sun.reflect.NativeMethodAccessorImpl.invoke(Ljava/lang/Object;[Ljava/lang/Object;)Ljava/lang/Object;+100
j  sun.reflect.DelegatingMethodAccessorImpl.invoke(Ljava/lang/Object;[Ljava/lang/Object;)Ljava/lang/Object;+6
j  java.lang.reflect.Method.invoke(Ljava/lang/Object;[Ljava/lang/Object;)Ljava/lang/Object;+56
j  net.minecraftforge.gradle.GradleStartCommon.launch([Ljava/lang/String;)V+169
j  GradleStart.main([Ljava/lang/String;)V+11
v  ~StubRoutines::call_stub

---------------  P R O C E S S  ---------------

Java Threads: ( => current thread )
  0x00007fad178c3000 JavaThread "AWT-Shutdown" [_thread_blocked, id=75299, stack(0x000000030ddb3000,0x000000030deb3000)]
  0x00007faca03ea800 JavaThread "Timer hack thread" daemon [_thread_blocked, id=73843, stack(0x000000030daaa000,0x000000030dbaa000)]
  0x00007facb1f55000 JavaThread "Snooper Timer" daemon [_thread_blocked, id=75607, stack(0x000000030dcb0000,0x000000030ddb0000)]
  0x00007fac97d5c000 JavaThread "Snooper Timer" daemon [_thread_blocked, id=79471, stack(0x000000030dbad000,0x000000030dcad000)]
  0x00007facb0cb3800 JavaThread "AppKit Thread" daemon [_thread_in_native, id=259, stack(0x000000030bb47000,0x000000030c347000)]
  0x00007fad1782a000 JavaThread "Service Thread" daemon [_thread_blocked, id=23567, stack(0x000000030d712000,0x000000030d812000)]
  0x00007fad2885f000 JavaThread "C1 CompilerThread3" daemon [_thread_blocked, id=23299, stack(0x000000030d60f000,0x000000030d70f000)]
  0x00007fad17821800 JavaThread "C2 CompilerThread2" daemon [_thread_blocked, id=31491, stack(0x000000030d50c000,0x000000030d60c000)]
  0x00007fad17821000 JavaThread "C2 CompilerThread1" daemon [_thread_blocked, id=31747, stack(0x000000030d409000,0x000000030d509000)]
  0x00007fad27853000 JavaThread "C2 CompilerThread0" daemon [_thread_blocked, id=32259, stack(0x000000030d306000,0x000000030d406000)]
  0x00007fad2781a800 JavaThread "Signal Dispatcher" daemon [_thread_blocked, id=32515, stack(0x000000030d203000,0x000000030d303000)]
  0x00007fad27828000 JavaThread "Finalizer" daemon [_thread_blocked, id=20255, stack(0x000000030cfef000,0x000000030d0ef000)]
  0x00007fad1780e800 JavaThread "Reference Handler" daemon [_thread_blocked, id=16963, stack(0x000000030ceec000,0x000000030cfec000)]
=>0x00007fad2880a800 JavaThread "Client thread" [_thread_in_native, id=9987, stack(0x000000030c3cb000,0x000000030c4cb000)]

Other Threads:
  0x00007fad28856000 VMThread [stack: 0x000000030cde9000,0x000000030cee9000] [id=20995]
  0x00007fad1782a800 WatcherThread [stack: 0x000000030d815000,0x000000030d915000] [id=24067]

VM state:not at safepoint (normal execution)

VM Mutex/Monitor currently owned by a thread: None

heap address: 0x00000006c0000000, size: 4096 MB, Compressed Oops mode: Zero based, Oop shift amount: 3
Narrow klass base: 0x0000000000000000, Narrow klass shift: 3
Compressed class space size: 1073741824 Address: 0x00000007c0000000

Heap:
 PSYoungGen      total 511488K, used 268418K [0x000000076ab00000, 0x000000078c900000, 0x00000007c0000000)
  eden space 477184K, 56% used [0x000000076ab00000,0x000000077b120b10,0x0000000787d00000)
  from space 34304K, 0% used [0x000000078a180000,0x000000078a180000,0x000000078c300000)
  to   space 37376K, 0% used [0x0000000787d00000,0x0000000787d00000,0x000000078a180000)
 ParOldGen       total 168448K, used 63651K [0x00000006c0000000, 0x00000006ca480000, 0x000000076ab00000)
  object space 168448K, 37% used [0x00000006c0000000,0x00000006c3e28fa8,0x00000006ca480000)
 Metaspace       used 24262K, capacity 24474K, committed 24832K, reserved 1071104K
  class space    used 3197K, capacity 3269K, committed 3328K, reserved 1048576K

Card table byte_map: [0x0000000122d7d000,0x000000012357e000] byte_map_base: 0x000000011f77d000

Marking Bits: (ParMarkBitMap*) 0x0000000112ab97f8
 Begin Bits: [0x000000012357e000, 0x000000012757e000)
 End Bits:   [0x000000012757e000, 0x000000012b57e000)

Polling page: 0x00000001040b3000

CodeCache: size=245760Kb used=11822Kb max_used=12006Kb free=233937Kb
 bounds [0x0000000113d7d000, 0x000000011495d000, 0x0000000122d7d000]
 total_blobs=3253 nmethods=2794 adapters=372
 compilation: enabled

Compilation events (10 events):
Event: 4.847 Thread 0x00007fad2885f000 nmethod 3217 0x0000000114345410 code [0x0000000114345560, 0x0000000114345670]
Event: 4.852 Thread 0x00007fad2885f000 3218       1       net.minecraft.entity.player.EnumPlayerModelParts::getPartName (5 bytes)
Event: 4.852 Thread 0x00007fad2885f000 nmethod 3218 0x0000000114345150 code [0x00000001143452a0, 0x00000001143453b0]
Event: 4.889 Thread 0x00007fad17821800 nmethod 3210 0x00000001142a0dd0 code [0x00000001142a15a0, 0x00000001142a6cb0]
Event: 4.947 Thread 0x00007fad2885f000 3219       3       sun.reflect.ReflectionFactory::checkInitted (19 bytes)
Event: 4.947 Thread 0x00007fad2885f000 nmethod 3219 0x000000011417b690 code [0x000000011417b820, 0x000000011417bae8]
Event: 4.947 Thread 0x00007fad2885f000 3220       3       java.lang.reflect.Modifier::isFinal (13 bytes)
Event: 4.947 Thread 0x00007fad2885f000 nmethod 3220 0x000000011417b310 code [0x000000011417b480, 0x000000011417b610]
Event: 4.947 Thread 0x00007fad2885f000 3221       3       java.lang.reflect.Field::setFieldAccessor (34 bytes)
Event: 4.947 Thread 0x00007fad2885f000 nmethod 3221 0x000000011417acd0 code [0x000000011417ae60, 0x000000011417b1e8]

GC Heap History (10 events):
Event: 1.949 GC heap before
{Heap before GC invocations=6 (full 1):
 PSYoungGen      total 141824K, used 141822K [0x000000076ab00000, 0x0000000774000000, 0x00000007c0000000)
  eden space 131072K, 100% used [0x000000076ab00000,0x0000000772b00000,0x0000000772b00000)
  from space 10752K, 99% used [0x0000000773580000,0x0000000773fffaa0,0x0000000774000000)
  to   space 10752K, 0% used [0x0000000772b00000,0x0000000772b00000,0x0000000773580000)
 ParOldGen       total 175104K, used 39122K [0x00000006c0000000, 0x00000006cab00000, 0x000000076ab00000)
  object space 175104K, 22% used [0x00000006c0000000,0x00000006c2634940,0x00000006cab00000)
 Metaspace       used 15069K, capacity 15234K, committed 15488K, reserved 1062912K
  class space    used 1800K, capacity 1851K, committed 1920K, reserved 1048576K
Event: 1.960 GC heap after
Heap after GC invocations=6 (full 1):
 PSYoungGen      total 141824K, used 10748K [0x000000076ab00000, 0x000000077c000000, 0x00000007c0000000)
  eden space 131072K, 0% used [0x000000076ab00000,0x000000076ab00000,0x0000000772b00000)
  from space 10752K, 99% used [0x0000000772b00000,0x000000077357f0c8,0x0000000773580000)
  to   space 10752K, 0% used [0x000000077b580000,0x000000077b580000,0x000000077c000000)
 ParOldGen       total 175104K, used 45036K [0x00000006c0000000, 0x00000006cab00000, 0x000000076ab00000)
  object space 175104K, 25% used [0x00000006c0000000,0x00000006c2bfb140,0x00000006cab00000)
 Metaspace       used 15069K, capacity 15234K, committed 15488K, reserved 1062912K
  class space    used 1800K, capacity 1851K, committed 1920K, reserved 1048576K
}
Event: 3.099 GC heap before
{Heap before GC invocations=7 (full 1):
 PSYoungGen      total 141824K, used 141820K [0x000000076ab00000, 0x000000077c000000, 0x00000007c0000000)
  eden space 131072K, 100% used [0x000000076ab00000,0x0000000772b00000,0x0000000772b00000)
  from space 10752K, 99% used [0x0000000772b00000,0x000000077357f0c8,0x0000000773580000)
  to   space 10752K, 0% used [0x000000077b580000,0x000000077b580000,0x000000077c000000)
 ParOldGen       total 175104K, used 45036K [0x00000006c0000000, 0x00000006cab00000, 0x000000076ab00000)
  object space 175104K, 25% used [0x00000006c0000000,0x00000006c2bfb140,0x00000006cab00000)
 Metaspace       used 18203K, capacity 18356K, committed 18688K, reserved 1064960K
  class space    used 2123K, capacity 2212K, committed 2304K, reserved 1048576K
Event: 3.112 GC heap after
Heap after GC invocations=7 (full 1):
 PSYoungGen      total 250880K, used 10749K [0x000000076ab00000, 0x000000077eb00000, 0x00000007c0000000)
  eden space 240128K, 0% used [0x000000076ab00000,0x000000076ab00000,0x0000000779580000)
  from space 10752K, 99% used [0x000000077b580000,0x000000077bfff658,0x000000077c000000)
  to   space 32768K, 0% used [0x0000000779580000,0x0000000779580000,0x000000077b580000)
 ParOldGen       total 175104K, used 60343K [0x00000006c0000000, 0x00000006cab00000, 0x000000076ab00000)
  object space 175104K, 34% used [0x00000006c0000000,0x00000006c3aedce8,0x00000006cab00000)
 Metaspace       used 18203K, capacity 18356K, committed 18688K, reserved 1064960K
  class space    used 2123K, capacity 2212K, committed 2304K, reserved 1048576K
}
Event: 3.912 GC heap before
{Heap before GC invocations=8 (full 1):
 PSYoungGen      total 250880K, used 250877K [0x000000076ab00000, 0x000000077eb00000, 0x00000007c0000000)
  eden space 240128K, 100% used [0x000000076ab00000,0x0000000779580000,0x0000000779580000)
  from space 10752K, 99% used [0x000000077b580000,0x000000077bfff658,0x000000077c000000)
  to   space 32768K, 0% used [0x0000000779580000,0x0000000779580000,0x000000077b580000)
 ParOldGen       total 175104K, used 60343K [0x00000006c0000000, 0x00000006cab00000, 0x000000076ab00000)
  object space 175104K, 34% used [0x00000006c0000000,0x00000006c3aedce8,0x00000006cab00000)
 Metaspace       used 20200K, capacity 20442K, committed 20736K, reserved 1067008K
  class space    used 2441K, capacity 2501K, committed 2560K, reserved 1048576K
Event: 3.922 GC heap after
Heap after GC invocations=8 (full 1):
 PSYoungGen      total 272896K, used 25821K [0x000000076ab00000, 0x000000078c300000, 0x00000007c0000000)
  eden space 240128K, 0% used [0x000000076ab00000,0x000000076ab00000,0x0000000779580000)
  from space 32768K, 78% used [0x0000000779580000,0x000000077aeb7598,0x000000077b580000)
  to   space 34304K, 0% used [0x000000078a180000,0x000000078a180000,0x000000078c300000)
 ParOldGen       total 175104K, used 60351K [0x00000006c0000000, 0x00000006cab00000, 0x000000076ab00000)
  object space 175104K, 34% used [0x00000006c0000000,0x00000006c3aefce8,0x00000006cab00000)
 Metaspace       used 20200K, capacity 20442K, committed 20736K, reserved 1067008K
  class space    used 2441K, capacity 2501K, committed 2560K, reserved 1048576K
}
Event: 4.225 GC heap before
{Heap before GC invocations=9 (full 1):
 PSYoungGen      total 272896K, used 212304K [0x000000076ab00000, 0x000000078c300000, 0x00000007c0000000)
  eden space 240128K, 77% used [0x000000076ab00000,0x000000077611cdb0,0x0000000779580000)
  from space 32768K, 78% used [0x0000000779580000,0x000000077aeb7598,0x000000077b580000)
  to   space 34304K, 0% used [0x000000078a180000,0x000000078a180000,0x000000078c300000)
 ParOldGen       total 175104K, used 60351K [0x00000006c0000000, 0x00000006cab00000, 0x000000076ab00000)
  object space 175104K, 34% used [0x00000006c0000000,0x00000006c3aefce8,0x00000006cab00000)
 Metaspace       used 20932K, capacity 21114K, committed 21296K, reserved 1069056K
  class space    used 2596K, capacity 2661K, committed 2688K, reserved 1048576K
Event: 4.242 GC heap after
Heap after GC invocations=9 (full 1):
 PSYoungGen      total 511488K, used 30721K [0x000000076ab00000, 0x000000078c900000, 0x00000007c0000000)
  eden space 477184K, 0% used [0x000000076ab00000,0x000000076ab00000,0x0000000787d00000)
  from space 34304K, 89% used [0x000000078a180000,0x000000078bf80490,0x000000078c300000)
  to   space 37376K, 0% used [0x0000000787d00000,0x0000000787d00000,0x000000078a180000)
 ParOldGen       total 175104K, used 64286K [0x00000006c0000000, 0x00000006cab00000, 0x000000076ab00000)
  object space 175104K, 36% used [0x00000006c0000000,0x00000006c3ec78d8,0x00000006cab00000)
 Metaspace       used 20932K, capacity 21114K, committed 21296K, reserved 1069056K
  class space    used 2596K, capacity 2661K, committed 2688K, reserved 1048576K
}
Event: 4.242 GC heap before
{Heap before GC invocations=10 (full 2):
 PSYoungGen      total 511488K, used 30721K [0x000000076ab00000, 0x000000078c900000, 0x00000007c0000000)
  eden space 477184K, 0% used [0x000000076ab00000,0x000000076ab00000,0x0000000787d00000)
  from space 34304K, 89% used [0x000000078a180000,0x000000078bf80490,0x000000078c300000)
  to   space 37376K, 0% used [0x0000000787d00000,0x0000000787d00000,0x000000078a180000)
 ParOldGen       total 175104K, used 64286K [0x00000006c0000000, 0x00000006cab00000, 0x000000076ab00000)
  object space 175104K, 36% used [0x00000006c0000000,0x00000006c3ec78d8,0x00000006cab00000)
 Metaspace       used 20932K, capacity 21114K, committed 21296K, reserved 1069056K
  class space    used 2596K, capacity 2661K, committed 2688K, reserved 1048576K
Event: 4.290 GC heap after
Heap after GC invocations=10 (full 2):
 PSYoungGen      total 511488K, used 0K [0x000000076ab00000, 0x000000078c900000, 0x00000007c0000000)
  eden space 477184K, 0% used [0x000000076ab00000,0x000000076ab00000,0x0000000787d00000)
  from space 34304K, 0% used [0x000000078a180000,0x000000078a180000,0x000000078c300000)
  to   space 37376K, 0% used [0x0000000787d00000,0x0000000787d00000,0x000000078a180000)
 ParOldGen       total 168448K, used 63651K [0x00000006c0000000, 0x00000006ca480000, 0x000000076ab00000)
  object space 168448K, 37% used [0x00000006c0000000,0x00000006c3e28fa8,0x00000006ca480000)
 Metaspace       used 20932K, capacity 21114K, committed 21296K, reserved 1069056K
  class space    used 2596K, capacity 2661K, committed 2688K, reserved 1048576K
}

Deoptimization events (10 events):
Event: 4.648 Thread 0x00007fad2880a800 Uncommon trap: reason=unstable_if action=reinterpret pc=0x000000011426981c method=net.minecraftforge.fml.common.asm.transformers.TerminalTransformer$ExitVisitor.visitMethod(ILjava/lang/String;Ljava/lang/String;Ljava/lang/String;[Ljava/lang/String;)Lorg/ob
Event: 4.670 Thread 0x00007fad2880a800 Uncommon trap: reason=unstable_if action=reinterpret pc=0x000000011426b490 method=com.google.common.base.Splitter$SplittingIterator.computeNext()Ljava/lang/String; @ 193
Event: 4.671 Thread 0x00007fad2880a800 Uncommon trap: reason=unstable_if action=reinterpret pc=0x000000011425b51c method=com.google.common.base.Splitter$SplittingIterator.computeNext()Ljava/lang/String; @ 193
Event: 4.671 Thread 0x00007fad2880a800 Uncommon trap: reason=unstable_if action=reinterpret pc=0x0000000114260738 method=com.google.common.base.Splitter$SplittingIterator.computeNext()Ljava/lang/String; @ 193
Event: 4.689 Thread 0x00007fad2880a800 Uncommon trap: reason=loop_limit_check action=maybe_recompile pc=0x000000011492b24c method=java.util.regex.Pattern$Start.match(Ljava/util/regex/Matcher;ILjava/lang/CharSequence;)Z @ 37
Event: 4.774 Thread 0x00007fad2880a800 Uncommon trap: reason=unstable_if action=reinterpret pc=0x0000000114182ef8 method=java.util.HashMap.hash(Ljava/lang/Object;)I @ 1
Event: 4.856 Thread 0x00007fad2880a800 Uncommon trap: reason=class_check action=maybe_recompile pc=0x00000001148173f4 method=java.text.SimpleDateFormat.subFormat(IILjava/text/Format$FieldDelegate;Ljava/lang/StringBuffer;Z)V @ 1254
Event: 4.856 Thread 0x00007fad2880a800 Uncommon trap: reason=class_check action=maybe_recompile pc=0x00000001148173f4 method=java.text.SimpleDateFormat.subFormat(IILjava/text/Format$FieldDelegate;Ljava/lang/StringBuffer;Z)V @ 1254
Event: 4.856 Thread 0x00007fad2880a800 Uncommon trap: reason=class_check action=maybe_recompile pc=0x00000001148173f4 method=java.text.SimpleDateFormat.subFormat(IILjava/text/Format$FieldDelegate;Ljava/lang/StringBuffer;Z)V @ 1254
Event: 4.856 Thread 0x00007fad2880a800 Uncommon trap: reason=class_check action=maybe_recompile pc=0x00000001148173f4 method=java.text.SimpleDateFormat.subFormat(IILjava/text/Format$FieldDelegate;Ljava/lang/StringBuffer;Z)V @ 1254

Classes redefined (0 events):
No events

Internal exceptions (10 events):
Event: 1.744 Thread 0x00007fad2880a800 Implicit null exception at 0x00000001141914f4 to 0x0000000114192786
Event: 1.744 Thread 0x00007fad2880a800 Exception <a 'java/lang/NullPointerException'> (0x000000076e89e588) thrown at [/Users/admin/workspace/workspace/build-scripts/jobs/release/jobs/jdk8u/jdk8u-release-mac-x64-temurin/workspace/build/src/hotspot/src/share/vm/runtime/sharedRuntime.cpp, line 60
Event: 1.744 Thread 0x00007fad2880a800 Implicit null exception at 0x00000001141914f4 to 0x0000000114192786
Event: 1.744 Thread 0x00007fad2880a800 Exception <a 'java/lang/NullPointerException'> (0x000000076e8acf50) thrown at [/Users/admin/workspace/workspace/build-scripts/jobs/release/jobs/jdk8u/jdk8u-release-mac-x64-temurin/workspace/build/src/hotspot/src/share/vm/runtime/sharedRuntime.cpp, line 60
Event: 2.266 Thread 0x00007fad2880a800 Exception <a 'java/lang/NoSuchFieldError': method resolution failed> (0x000000076eae9ea8) thrown at [/Users/admin/workspace/workspace/build-scripts/jobs/release/jobs/jdk8u/jdk8u-release-mac-x64-temurin/workspace/build/src/hotspot/src/share/vm/prims/method
Event: 2.270 Thread 0x00007fad2880a800 Exception <a 'java/lang/NoSuchFieldError': method resolution failed> (0x000000076eaf7568) thrown at [/Users/admin/workspace/workspace/build-scripts/jobs/release/jobs/jdk8u/jdk8u-release-mac-x64-temurin/workspace/build/src/hotspot/src/share/vm/prims/method
Event: 2.593 Thread 0x00007fad2880a800 Exception <a 'java/io/FileNotFoundException'> (0x000000076eb994d8) thrown at [/Users/admin/workspace/workspace/build-scripts/jobs/release/jobs/jdk8u/jdk8u-release-mac-x64-temurin/workspace/build/src/hotspot/src/share/vm/prims/jni.cpp, line 712]
Event: 2.594 Thread 0x00007fad2880a800 Exception <a 'java/io/FileNotFoundException'> (0x000000076eb9aa38) thrown at [/Users/admin/workspace/workspace/build-scripts/jobs/release/jobs/jdk8u/jdk8u-release-mac-x64-temurin/workspace/build/src/hotspot/src/share/vm/prims/jni.cpp, line 712]
Event: 2.609 Thread 0x00007fad2880a800 Exception <a 'java/lang/UnsatisfiedLinkError'> (0x000000076ebbfea0) thrown at [/Users/admin/workspace/workspace/build-scripts/jobs/release/jobs/jdk8u/jdk8u-release-mac-x64-temurin/workspace/build/src/hotspot/src/share/vm/prims/jvm.cpp, line 1518]
Event: 4.774 Thread 0x00007fad2880a800 Implicit null exception at 0x0000000114182cb5 to 0x0000000114182ee9

Events (10 events):
Event: 4.958 loading class org/lwjgl/opengl/ContextGL
Event: 4.958 loading class org/lwjgl/opengl/ContextGL done
Event: 4.960 loading class org/lwjgl/opengl/ContextImplementation
Event: 4.960 loading class org/lwjgl/opengl/ContextImplementation done
Event: 4.960 loading class org/lwjgl/opengl/MacOSXContextImplementation
Event: 4.960 loading class org/lwjgl/opengl/MacOSXContextImplementation done
Event: 4.961 loading class org/lwjgl/opengl/GLContext
Event: 4.961 loading class org/lwjgl/opengl/GLContext done
Event: 4.966 loading class org/lwjgl/opengl/GLContext$CapabilitiesCacheEntry
Event: 4.966 loading class org/lwjgl/opengl/GLContext$CapabilitiesCacheEntry done


Dynamic libraries:
0x00007ff90ac28000 	/System/Library/Frameworks/Cocoa.framework/Versions/A/Cocoa
0x00007ff8106fa000 	/System/Library/Frameworks/AppKit.framework/Versions/C/AppKit
0x00007ff813fee000 	/System/Library/Frameworks/CoreData.framework/Versions/A/CoreData
0x00007ff80dacf000 	/System/Library/Frameworks/Foundation.framework/Versions/C/Foundation
0x00007ff81cf0d000 	/usr/lib/libSystem.B.dylib
0x00007ff811ef7000 	/System/Library/PrivateFrameworks/UIFoundation.framework/Versions/A/UIFoundation
0x00007ffb28438000 	/System/Library/PrivateFrameworks/CollectionViewCore.framework/Versions/A/CollectionViewCore
0x00007ff819d11000 	/System/Library/PrivateFrameworks/XCTTargetBootstrap.framework/Versions/A/XCTTargetBootstrap
0x00007ffc1af0f000 	/System/Library/PrivateFrameworks/GenerativeModels.framework/Versions/A/GenerativeModels
0x00007ff81fc83000 	/System/Library/PrivateFrameworks/InternationalSupport.framework/Versions/A/InternationalSupport
0x00007ff81ffd7000 	/System/Library/PrivateFrameworks/UserActivity.framework/Versions/A/UserActivity
0x00007ff814719000 	/System/Library/PrivateFrameworks/BaseBoard.framework/Versions/A/BaseBoard
0x00007ffc124c7000 	/System/Library/PrivateFrameworks/FrontBoard.framework/Versions/A/FrontBoard
0x00007ff827ea9000 	/System/Library/PrivateFrameworks/FrontBoardServices.framework/Versions/A/FrontBoardServices
0x00007ffe10223000 	/usr/lib/libRosetta.dylib
0x00007ffd23a3a000 	/System/Library/PrivateFrameworks/UIIntelligenceSupport.framework/Versions/A/UIIntelligenceSupport
0x00007ffb1d43e000 	/System/Library/Frameworks/SwiftUICore.framework/Versions/A/SwiftUICore
0x00007ffe09e81000 	/System/Library/PrivateFrameworks/WritingTools.framework/Versions/A/WritingTools
0x00007ffd28e80000 	/System/Library/PrivateFrameworks/WindowManagement.framework/Versions/A/WindowManagement
0x00007ff80d766000 	/System/Library/Frameworks/SystemConfiguration.framework/Versions/A/SystemConfiguration
0x00007ff81edc6000 	/usr/lib/libspindump.dylib
0x00007ff8120dc000 	/System/Library/Frameworks/UniformTypeIdentifiers.framework/Versions/A/UniformTypeIdentifiers
0x00007ff81c042000 	/usr/lib/libbsm.0.dylib
0x00007ff817627000 	/usr/lib/libapp_launch_measurement.dylib
0x00007ff8161f1000 	/System/Library/PrivateFrameworks/CoreAnalytics.framework/Versions/A/CoreAnalytics
0x00007ff81762a000 	/System/Library/PrivateFrameworks/CoreAutoLayout.framework/Versions/A/CoreAutoLayout
0x00007ff819299000 	/System/Library/Frameworks/Metal.framework/Versions/A/Metal
0x00007ff81a6bc000 	/usr/lib/liblangid.dylib
0x00007ff819d16000 	/System/Library/PrivateFrameworks/CoreSVG.framework/Versions/A/CoreSVG
0x00007ff812b57000 	/System/Library/PrivateFrameworks/SkyLight.framework/Versions/A/SkyLight
0x00007ffc12215000 	/System/Library/PrivateFrameworks/FocusEngine.framework/Versions/A/FocusEngine
0x00007ff8130b3000 	/System/Library/Frameworks/CoreGraphics.framework/Versions/A/CoreGraphics
0x00007ffc0ffd5000 	/System/Library/PrivateFrameworks/DesignLibrary.framework/Versions/A/DesignLibrary
0x00007ff825e63000 	/System/Library/Frameworks/Accelerate.framework/Versions/A/Accelerate
0x00007ff81ebb5000 	/System/Library/PrivateFrameworks/IconServices.framework/Versions/A/IconServices
0x00007ff819275000 	/System/Library/Frameworks/IOSurface.framework/Versions/A/IOSurface
0x00007ff81621f000 	/usr/lib/libDiagnosticMessagesClient.dylib
0x00007ff81ce17000 	/usr/lib/libz.1.dylib
0x00007ff82a59c000 	/System/Library/Frameworks/ApplicationServices.framework/Versions/A/ApplicationServices
0x00007ff819cfe000 	/System/Library/PrivateFrameworks/DFRFoundation.framework/Versions/A/DFRFoundation
0x00007ff80ff8d000 	/usr/lib/libicucore.A.dylib
0x00007ff8211f9000 	/System/Library/Frameworks/AudioToolbox.framework/Versions/A/AudioToolbox
0x00007ff81ff8d000 	/System/Library/PrivateFrameworks/DataDetectorsCore.framework/Versions/A/DataDetectorsCore
0x00007ffd2483c000 	/System/Library/PrivateFrameworks/UpdateCycle.framework/Versions/A/UpdateCycle
0x00007ff91d2da000 	/System/Library/PrivateFrameworks/TextInput.framework/Versions/A/TextInput
0x00007ff812aa1000 	/usr/lib/libMobileGestalt.dylib
0x00007ff819a21000 	/System/Library/Frameworks/Carbon.framework/Versions/A/Frameworks/HIToolbox.framework/Versions/A/HIToolbox
0x00007ff816eba000 	/System/Library/Frameworks/QuartzCore.framework/Versions/A/QuartzCore
0x00007ff80fb8d000 	/System/Library/Frameworks/Security.framework/Versions/A/Security
0x00007ff8257cb000 	/System/Library/Frameworks/Carbon.framework/Versions/A/Frameworks/SpeechRecognition.framework/Versions/A/SpeechRecognition
0x00007ff8172ed000 	/System/Library/PrivateFrameworks/CoreUI.framework/Versions/A/CoreUI
0x00007ff80f3e7000 	/System/Library/Frameworks/CoreAudio.framework/Versions/A/CoreAudio
0x00007ff816314000 	/System/Library/Frameworks/DiskArbitration.framework/Versions/A/DiskArbitration
0x00007ff81f342000 	/System/Library/PrivateFrameworks/MultitouchSupport.framework/Versions/A/MultitouchSupport
0x00007ff812aa0000 	/usr/lib/libenergytrace.dylib
0x00007ff910223000 	/System/Library/PrivateFrameworks/RenderBox.framework/Versions/A/RenderBox
0x00007ff8105be000 	/System/Library/Frameworks/IOKit.framework/Versions/A/IOKit
0x00007ff825beb000 	/System/Library/Frameworks/CoreServices.framework/Versions/A/CoreServices
0x00007ff8175b3000 	/System/Library/PrivateFrameworks/PerformanceAnalysis.framework/Versions/A/PerformanceAnalysis
0x00007ffb151fd000 	/System/Library/Frameworks/OpenGL.framework/Versions/A/OpenGL
0x00007ff817673000 	/usr/lib/libxml2.2.dylib
0x00007ff81bf31000 	/System/Library/PrivateFrameworks/MobileKeyBag.framework/Versions/A/MobileKeyBag
0x00007ff80c429000 	/usr/lib/libobjc.A.dylib
0x00007ff80c7ae000 	/usr/lib/libc++.1.dylib
0x00007ff825b61000 	/System/Library/Frameworks/Accessibility.framework/Versions/A/Accessibility
0x00007ff8139ce000 	/System/Library/Frameworks/ColorSync.framework/Versions/A/ColorSync
0x00007ff80c8d5000 	/System/Library/Frameworks/CoreFoundation.framework/Versions/A/CoreFoundation
0x00007ff81a096000 	/System/Library/Frameworks/CoreImage.framework/Versions/A/CoreImage
0x00007ff80f1ac000 	/System/Library/Frameworks/CoreText.framework/Versions/A/CoreText
0x00007ffb179b5000 	/System/Library/Frameworks/CoreTransferable.framework/Versions/A/CoreTransferable
0x00007ffb17e11000 	/System/Library/Frameworks/DataDetection.framework/Versions/A/DataDetection
0x00007ffb17e26000 	/System/Library/Frameworks/DeveloperToolsSupport.framework/Versions/A/DeveloperToolsSupport
0x00007ff819d51000 	/System/Library/Frameworks/ImageIO.framework/Versions/A/ImageIO
0x00007ffb1e2fa000 	/System/Library/Frameworks/Symbols.framework/Versions/A/Symbols
0x00007ff92232c000 	/System/Library/PrivateFrameworks/AttributeGraph.framework/Versions/A/AttributeGraph
0x00007ff827f8a000 	/System/Library/PrivateFrameworks/BoardServices.framework/Versions/A/BoardServices
0x00007ffa27bdd000 	/System/Library/PrivateFrameworks/FeatureFlags.framework/Versions/A/FeatureFlags
0x00007ffc1b3a0000 	/System/Library/PrivateFrameworks/Gestures.framework/Versions/A/Gestures
0x00007ff81cf12000 	/System/Library/PrivateFrameworks/SoftLinking.framework/Versions/A/SoftLinking
0x00007ffa11c0d000 	/usr/lib/swift/libswiftAccelerate.dylib
0x00007ff927699000 	/usr/lib/swift/libswiftCompression.dylib
0x00007ff820bd7000 	/usr/lib/swift/libswiftCore.dylib
0x00007ff919331000 	/usr/lib/swift/libswiftCoreFoundation.dylib
0x00007ff919385000 	/usr/lib/swift/libswiftCoreImage.dylib
0x00007ff827c3d000 	/usr/lib/swift/libswiftDispatch.dylib
0x00007ff919386000 	/usr/lib/swift/libswiftIOKit.dylib
0x00007ff92768c000 	/usr/lib/swift/libswiftMetal.dylib
0x00007ffa17469000 	/usr/lib/swift/libswiftOSLog.dylib
0x00007ff82ab3a000 	/usr/lib/swift/libswiftObjectiveC.dylib
0x00007ffe11ad7000 	/usr/lib/swift/libswiftObservation.dylib
0x00007ffa0d0bc000 	/usr/lib/swift/libswiftQuartzCore.dylib
0x00007ffe11b92000 	/usr/lib/swift/libswiftSpatial.dylib
0x00007ffe11c41000 	/usr/lib/swift/libswiftSynchronization.dylib
0x00007ffa11bfe000 	/usr/lib/swift/libswiftUniformTypeIdentifiers.dylib
0x00007ff919341000 	/usr/lib/swift/libswiftXPC.dylib
0x00007ffe11c83000 	/usr/lib/swift/libswift_Builtin_float.dylib
0x00007ffe11c84000 	/usr/lib/swift/libswift_Concurrency.dylib
0x00007ff82ab3e000 	/usr/lib/swift/libswiftos.dylib
0x00007ff91d08b000 	/usr/lib/swift/libswiftsimd.dylib
0x00007ff81d185000 	/usr/lib/libcompression.dylib
0x00007ff81fbc5000 	/System/Library/PrivateFrameworks/TextureIO.framework/Versions/A/TextureIO
0x00007ff813b76000 	/System/Library/Frameworks/ApplicationServices.framework/Versions/A/Frameworks/HIServices.framework/Versions/A/HIServices
0x00007ff81e797000 	/usr/lib/libate.dylib
0x00007ff81cf07000 	/usr/lib/system/libcache.dylib
0x00007ff81cec0000 	/usr/lib/system/libcommonCrypto.dylib
0x00007ff81cee9000 	/usr/lib/system/libcompiler_rt.dylib
0x00007ff81cedd000 	/usr/lib/system/libcopyfile.dylib
0x00007ff80c5c2000 	/usr/lib/system/libcorecrypto.dylib
0x00007ff80c6db000 	/usr/lib/system/libdispatch.dylib
0x00007ff80c46e000 	/usr/lib/system/libdyld.dylib
0x00007ff81cefd000 	/usr/lib/system/libkeymgr.dylib
0x00007ff81cea5000 	/usr/lib/system/libmacho.dylib
0x00007ff81c01d000 	/usr/lib/system/libquarantine.dylib
0x00007ff81cefa000 	/usr/lib/system/libremovefile.dylib
0x00007ff812b1d000 	/usr/lib/system/libsystem_asl.dylib
0x00007ff80c54a000 	/usr/lib/system/libsystem_blocks.dylib
0x00007ff80c726000 	/usr/lib/system/libsystem_c.dylib
0x00007ff81cef1000 	/usr/lib/system/libsystem_collections.dylib
0x00007ff81a6ab000 	/usr/lib/system/libsystem_configuration.dylib
0x00007ff81923e000 	/usr/lib/system/libsystem_containermanager.dylib
0x00007ff81c92e000 	/usr/lib/system/libsystem_coreservices.dylib
0x00007ff810244000 	/usr/lib/system/libsystem_darwin.dylib
0x00007ffe11f99000 	/usr/lib/system/libsystem_darwindirectory.dylib
0x00007ff81cefe000 	/usr/lib/system/libsystem_dnssd.dylib
0x00007ffe11f9e000 	/usr/lib/system/libsystem_eligibility.dylib
0x00007ff80c723000 	/usr/lib/system/libsystem_featureflags.dylib
0x00007ff80c8a6000 	/usr/lib/system/libsystem_info.dylib
0x00007ff81ce2b000 	/usr/lib/system/libsystem_m.dylib
0x00007ff80c689000 	/usr/lib/system/libsystem_malloc.dylib
0x00007ff812a86000 	/usr/lib/system/libsystem_networkextension.dylib
0x00007ff81068c000 	/usr/lib/system/libsystem_notify.dylib
0x00007ff81a6af000 	/usr/lib/system/libsystem_sandbox.dylib
0x00007ffe11fa9000 	/usr/lib/system/libsystem_sanitizers.dylib
0x00007ff81cef6000 	/usr/lib/system/libsystem_secinit.dylib
0x00007ff80c851000 	/usr/lib/system/libsystem_kernel.dylib
0x00007ff80c89c000 	/usr/lib/system/libsystem_platform.dylib
0x00007ff80c890000 	/usr/lib/system/libsystem_pthread.dylib
0x00007ff8148f7000 	/usr/lib/system/libsystem_symptoms.dylib
0x00007ff80c5a2000 	/usr/lib/system/libsystem_trace.dylib
0x00007ffe11fb1000 	/usr/lib/system/libsystem_trial.dylib
0x00007ff81cecc000 	/usr/lib/system/libunwind.dylib
0x00007ff80c54e000 	/usr/lib/system/libxpc.dylib
0x00007ff80c839000 	/usr/lib/libc++abi.dylib
0x00007ffe1185a000 	/usr/lib/libswiftPrespecialized.dylib
0x00007ff81cf0f000 	/usr/lib/libfakelink.dylib
0x00007ff8126ea000 	/System/Library/Frameworks/CFNetwork.framework/Versions/A/CFNetwork
0x00007ff81cf60000 	/usr/lib/libarchive.2.dylib
0x00007ff82362d000 	/System/Library/Frameworks/Combine.framework/Versions/A/Combine
0x00007ffb2845f000 	/System/Library/PrivateFrameworks/CollectionsInternal.framework/Versions/A/CollectionsInternal
0x00007ffd130b5000 	/System/Library/PrivateFrameworks/ReflectionInternal.framework/Versions/A/ReflectionInternal
0x00007ffd13e9a000 	/System/Library/PrivateFrameworks/RuntimeInternal.framework/Versions/A/RuntimeInternal
0x00007ff9161ef000 	/usr/lib/swift/libswiftDarwin.dylib
0x00007ffe11c55000 	/usr/lib/swift/libswiftSystem.dylib
0x00007ffe11cf3000 	/usr/lib/swift/libswift_DarwinFoundation1.dylib
0x00007ffe11da3000 	/usr/lib/swift/libswift_StringProcessing.dylib
0x00007ff81053e000 	/System/Library/PrivateFrameworks/CoreServicesInternal.framework/Versions/A/CoreServicesInternal
0x00007ff81ced5000 	/usr/lib/liboah.dylib
0x00007ff82a056000 	/System/Library/PrivateFrameworks/DiskImages.framework/Versions/A/DiskImages
0x00007ff915c90000 	/System/Library/Frameworks/NetFS.framework/Versions/A/NetFS
0x00007ff8175f1000 	/System/Library/Frameworks/CoreServices.framework/Versions/A/Frameworks/FSEvents.framework/Versions/A/FSEvents
0x00007ff81024f000 	/System/Library/Frameworks/CoreServices.framework/Versions/A/Frameworks/CarbonCore.framework/Versions/A/CarbonCore
0x00007ff81628a000 	/System/Library/Frameworks/CoreServices.framework/Versions/A/Frameworks/Metadata.framework/Versions/A/Metadata
0x00007ff81c935000 	/System/Library/Frameworks/CoreServices.framework/Versions/A/Frameworks/OSServices.framework/Versions/A/OSServices
0x00007ff81d03c000 	/System/Library/Frameworks/CoreServices.framework/Versions/A/Frameworks/SearchKit.framework/Versions/A/SearchKit
0x00007ff814874000 	/System/Library/Frameworks/CoreServices.framework/Versions/A/Frameworks/AE.framework/Versions/A/AE
0x00007ff80cd92000 	/System/Library/Frameworks/CoreServices.framework/Versions/A/Frameworks/LaunchServices.framework/Versions/A/LaunchServices
0x00007ff81e4cf000 	/System/Library/Frameworks/CoreServices.framework/Versions/A/Frameworks/DictionaryServices.framework/Versions/A/DictionaryServices
0x00007ff8175ff000 	/System/Library/Frameworks/CoreServices.framework/Versions/A/Frameworks/SharedFileList.framework/Versions/A/SharedFileList
0x00007ff81d0be000 	/usr/lib/libapple_nghttp2.dylib
0x00007ff814495000 	/usr/lib/libsqlite3.dylib
0x00007ff814679000 	/System/Library/Frameworks/Accounts.framework/Versions/A/Accounts
0x00007ff82a290000 	/System/Library/PrivateFrameworks/AppSupport.framework/Versions/A/AppSupport
0x00007ff918146000 	/System/Library/Frameworks/AVFoundation.framework/Versions/A/AVFoundation
0x00007ff821876000 	/System/Library/Frameworks/GSS.framework/Versions/A/GSS
0x00007ff81480b000 	/System/Library/PrivateFrameworks/RunningBoardServices.framework/Versions/A/RunningBoardServices
0x00007ff82aac0000 	/System/Library/PrivateFrameworks/StreamingZip.framework/Versions/A/StreamingZip
0x00007ff8148ff000 	/System/Library/Frameworks/Network.framework/Versions/A/Network
0x00007ff81cea9000 	/usr/lib/system/libkxld.dylib
0x00007ffb23f02000 	/System/Library/PrivateFrameworks/AppleKeyStore.framework/Versions/A/AppleKeyStore
0x00007ffe0ffa0000 	/usr/lib/libCoreEntitlements.dylib
0x00007ffc28259000 	/System/Library/PrivateFrameworks/MessageSecurity.framework/Versions/A/MessageSecurity
0x00007ff814479000 	/System/Library/PrivateFrameworks/ProtocolBuffer.framework/Versions/A/ProtocolBuffer
0x00007ff826cd7000 	/System/Library/PrivateFrameworks/SymptomDiagnosticReporter.framework/Versions/A/SymptomDiagnosticReporter
0x00007ff81e8cc000 	/System/Library/PrivateFrameworks/CrashReporterSupport.framework/Versions/A/CrashReporterSupport
0x00007ff81c915000 	/System/Library/PrivateFrameworks/AppleFSCompression.framework/Versions/A/AppleFSCompression
0x00007ff81c02a000 	/usr/lib/libcoretls.dylib
0x00007ff81e53d000 	/usr/lib/libcoretls_cfhelpers.dylib
0x00007ff81d17f000 	/usr/lib/libpam.2.dylib
0x00007ff81e5ba000 	/usr/lib/libxar.1.dylib
0x00007ff81e53f000 	/System/Library/PrivateFrameworks/APFS.framework/Versions/A/APFS
0x00007ffd1e541000 	/System/Library/PrivateFrameworks/SwiftASN1Internal.framework/Versions/A/SwiftASN1Internal
0x00007ff81e5c8000 	/usr/lib/libutil.dylib
0x00007ff81a6b7000 	/System/Library/PrivateFrameworks/AppleSystemInfo.framework/Versions/A/AppleSystemInfo
0x00007ff81bd0c000 	/System/Library/PrivateFrameworks/IOMobileFramebuffer.framework/Versions/A/IOMobileFramebuffer
0x00007ff8299e0000 	/System/Library/PrivateFrameworks/CoreWiFi.framework/Versions/A/CoreWiFi
0x00007ff9191f7000 	/System/Library/PrivateFrameworks/LoggingSupport.framework/Versions/A/LoggingSupport
0x00007ff8218ce000 	/System/Library/PrivateFrameworks/MobileAsset.framework/Versions/A/MobileAsset
0x00007ff826ce6000 	/System/Library/PrivateFrameworks/PowerLog.framework/Versions/A/PowerLog
0x00007ff82851b000 	/System/Library/PrivateFrameworks/Rapport.framework/Versions/A/Rapport
0x00007ffb1d2df000 	/System/Library/Frameworks/SwiftData.framework/Versions/A/SwiftData
0x00007ff817808000 	/System/Library/PrivateFrameworks/UserManagement.framework/Versions/A/UserManagement
0x00007ff812605000 	/usr/lib/libboringssl.dylib
0x00007ff8148e5000 	/usr/lib/libdns_services.dylib
0x00007ff918280000 	/usr/lib/libquic.dylib
0x00007ff820b61000 	/usr/lib/libusrtcp.dylib
0x00007ffb24d5b000 	/System/Library/PrivateFrameworks/AtomicsInternal.framework/Versions/A/AtomicsInternal
0x00007ffa200e3000 	/System/Library/PrivateFrameworks/InternalSwiftProtobuf.framework/Versions/A/InternalSwiftProtobuf
0x00007ffe11ab3000 	/usr/lib/swift/libswiftDistributed.dylib
0x00007ff81a6b6000 	/System/Library/PrivateFrameworks/AggregateDictionary.framework/Versions/A/AggregateDictionary
0x00007ffb2546c000 	/System/Library/PrivateFrameworks/BiomeLibrary.framework/Versions/A/BiomeLibrary
0x00007ff9286c2000 	/System/Library/PrivateFrameworks/BiomeStreams.framework/Versions/A/BiomeStreams
0x00007ff92447d000 	/System/Library/PrivateFrameworks/BiomeFoundation.framework/Versions/A/BiomeFoundation
0x00007ffa0f03a000 	/System/Library/PrivateFrameworks/BiomePubSub.framework/Versions/A/BiomePubSub
0x00007ff82bb83000 	/System/Library/PrivateFrameworks/ProactiveSupport.framework/Versions/A/ProactiveSupport
0x00007ffb1f0e5000 	/System/Library/Frameworks/_LocationEssentials.framework/Versions/A/_LocationEssentials
0x00007ff81e51e000 	/usr/lib/liblzma.5.dylib
0x00007ff82a59d000 	/System/Library/PrivateFrameworks/InternationalTextSearch.framework/Versions/A/InternationalTextSearch
0x00007ff920bfc000 	/System/Library/PrivateFrameworks/SoftwareUpdateCoreSupport.framework/Versions/A/SoftwareUpdateCoreSupport
0x00007ff92906d000 	/System/Library/PrivateFrameworks/SoftwareUpdateCoreConnect.framework/Versions/A/SoftwareUpdateCoreConnect
0x00007ff82a140000 	/System/Library/PrivateFrameworks/RemoteServiceDiscovery.framework/Versions/A/RemoteServiceDiscovery
0x00007ff9207c4000 	/System/Library/PrivateFrameworks/MSUDataAccessor.framework/Versions/A/MSUDataAccessor
0x00007ff91b591000 	/usr/lib/libbootpolicy.dylib
0x00007ff82a157000 	/System/Library/PrivateFrameworks/RemoteXPC.framework/Versions/A/RemoteXPC
0x00007ff928571000 	/usr/lib/libFDR.dylib
0x00007ffa0ec64000 	/usr/lib/libamsupport.dylib
0x00007ffb236cc000 	/System/Library/PrivateFrameworks/AppleDeviceQuerySupport.framework/Versions/A/AppleDeviceQuerySupport
0x00007ffa11e1e000 	/usr/lib/libpartition2_dynamic.dylib
0x00007ff81d09c000 	/System/Library/PrivateFrameworks/AppleSauce.framework/Versions/A/AppleSauce
0x00007ffe0fe24000 	/usr/lib/libAppleArchive.dylib
0x00007ff81c920000 	/usr/lib/libbz2.1.0.dylib
0x00007ff81631c000 	/System/Library/Frameworks/Accelerate.framework/Versions/A/Frameworks/vImage.framework/Versions/A/vImage
0x00007ff825bc1000 	/System/Library/Frameworks/Accelerate.framework/Versions/A/Frameworks/vecLib.framework/Versions/A/vecLib
0x00007ff81e5fc000 	/System/Library/Frameworks/Accelerate.framework/Versions/A/Frameworks/vecLib.framework/Versions/A/libvMisc.dylib
0x00007ff80d2ac000 	/System/Library/Frameworks/Accelerate.framework/Versions/A/Frameworks/vecLib.framework/Versions/A/libBLAS.dylib
0x00007ff817754000 	/System/Library/Frameworks/CoreVideo.framework/Versions/A/CoreVideo
0x00007ff821480000 	/System/Library/Frameworks/ApplicationServices.framework/Versions/A/Frameworks/ATS.framework/Versions/A/ATS
0x00007ff81fb52000 	/System/Library/Frameworks/ApplicationServices.framework/Versions/A/Frameworks/PrintCore.framework/Versions/A/PrintCore
0x00007ff821840000 	/System/Library/Frameworks/ApplicationServices.framework/Versions/A/Frameworks/QD.framework/Versions/A/QD
0x00007ff82183c000 	/System/Library/Frameworks/ApplicationServices.framework/Versions/A/Frameworks/ColorSyncLegacy.framework/Versions/A/ColorSyncLegacy
0x00007ff821455000 	/System/Library/Frameworks/ApplicationServices.framework/Versions/A/Frameworks/SpeechSynthesis.framework/Versions/A/SpeechSynthesis
0x00007ff819752000 	/System/Library/PrivateFrameworks/FontServices.framework/libFontParser.dylib
0x00007ff829e75000 	/System/Library/PrivateFrameworks/BackBoardServices.framework/Versions/A/BackBoardServices
0x00007ffb2537e000 	/System/Library/PrivateFrameworks/BackBoardHIDEventFoundation.framework/Versions/A/BackBoardHIDEventFoundation
0x00007ff80ecb5000 	/System/Library/Frameworks/CoreDisplay.framework/Versions/A/CoreDisplay
0x00007ff81f387000 	/System/Library/Frameworks/VideoToolbox.framework/Versions/A/VideoToolbox
0x00007ff81d17d000 	/System/Library/Frameworks/MetalPerformanceShaders.framework/Versions/A/MetalPerformanceShaders
0x00007ffd12105000 	/System/Library/PrivateFrameworks/ProDisplayLibrary.framework/Versions/A/ProDisplayLibrary
0x00007ff90b5f7000 	/System/Library/PrivateFrameworks/IOSurfaceAccelerator.framework/Versions/A/IOSurfaceAccelerator
0x00007ff819290000 	/System/Library/PrivateFrameworks/IOAccelerator.framework/Versions/A/IOAccelerator
0x00007ff8195aa000 	/System/Library/Frameworks/CoreMedia.framework/Versions/A/CoreMedia
0x00007ff812b35000 	/System/Library/PrivateFrameworks/TCC.framework/Versions/A/TCC
0x00007ff81f340000 	/System/Library/PrivateFrameworks/WatchdogClient.framework/Versions/A/WatchdogClient
0x00007ff919317000 	/usr/lib/swift/libswiftCoreAudio.dylib
0x00007ffa15c73000 	/usr/lib/swift/libswiftCoreMedia.dylib
0x00007ffe11c6c000 	/usr/lib/swift/libswiftVideoToolbox.dylib
0x00007ffa0f09d000 	/System/Library/PrivateFrameworks/BiomeStorage.framework/Versions/A/BiomeStorage
0x00007ffc211eb000 	/System/Library/PrivateFrameworks/IntelligencePlatformLibrary.framework/Versions/A/IntelligencePlatformLibrary
0x00007ffd110e0000 	/System/Library/PrivateFrameworks/PoirotSchematizer.framework/Versions/A/PoirotSchematizer
0x00007ffb25e51000 	/System/Library/PrivateFrameworks/BiomeSync.framework/Versions/A/BiomeSync
0x00007ffb25453000 	/System/Library/PrivateFrameworks/BiomeDSL.framework/Versions/A/BiomeDSL
0x00007ffd11155000 	/System/Library/PrivateFrameworks/PoirotUDFs.framework/Versions/A/PoirotUDFs
0x00007ffe11cf7000 	/usr/lib/swift/libswift_DarwinFoundation2.dylib
0x00007ffe11cf8000 	/usr/lib/swift/libswift_DarwinFoundation3.dylib
0x00007ff828511000 	/System/Library/PrivateFrameworks/CoreTime.framework/Versions/A/CoreTime
0x00007ff81cf48000 	/usr/lib/libiconv.2.dylib
0x00007ff81cea4000 	/usr/lib/libcharset.1.dylib
0x00007ffd110ab000 	/System/Library/PrivateFrameworks/PoirotSQLite.framework/Versions/A/PoirotSQLite
0x00007ffe11cf9000 	/usr/lib/swift/libswift_RegexParser.dylib
0x00007ffb272af000 	/System/Library/PrivateFrameworks/CascadeSets.framework/Versions/A/CascadeSets
0x00007ff821a49000 	/System/Library/PrivateFrameworks/CorePhoneNumbers.framework/Versions/A/CorePhoneNumbers
0x00007ff81f12e000 	/System/Library/PrivateFrameworks/AppleJPEG.framework/Versions/A/AppleJPEG
0x00007ff81eb2f000 	/usr/lib/libexpat.1.dylib
0x00007ff81fa1e000 	/System/Library/Frameworks/ImageIO.framework/Versions/A/Resources/libPng.dylib
0x00007ff81fa4c000 	/System/Library/Frameworks/ImageIO.framework/Versions/A/Resources/libTIFF.dylib
0x00007ff81fb3b000 	/System/Library/Frameworks/ImageIO.framework/Versions/A/Resources/libGIF.dylib
0x00007ff81f17a000 	/System/Library/Frameworks/ImageIO.framework/Versions/A/Resources/libJP2.dylib
0x00007ff81fadd000 	/System/Library/Frameworks/ImageIO.framework/Versions/A/Resources/libJPEG.dylib
0x00007ff81fad4000 	/System/Library/Frameworks/ImageIO.framework/Versions/A/Resources/libRadiance.dylib
0x00007ffc17bd0000 	/System/Library/PrivateFrameworks/GPUCompiler.framework/Versions/32023/Libraries/libllvm-flatbuffers.dylib
0x00007ffc124b9000 	/System/Library/PrivateFrameworks/FramePacing.framework/Versions/A/FramePacing
0x00007ffb151f0000 	/System/Library/Frameworks/OpenGL.framework/Versions/A/Libraries/libCoreFSCache.dylib
0x00007ffc13421000 	/System/Library/PrivateFrameworks/GPUCompiler.framework/Versions/32023/Libraries/libGPUCompilerUtils.dylib
0x00007ff828057000 	/System/Library/PrivateFrameworks/GraphicsServices.framework/Versions/A/GraphicsServices
0x00007ffb1524e000 	/System/Library/Frameworks/OpenGL.framework/Versions/A/Libraries/libGLU.dylib
0x00007ffb15210000 	/System/Library/Frameworks/OpenGL.framework/Versions/A/Libraries/libGFXShared.dylib
0x00007ffb1540f000 	/System/Library/Frameworks/OpenGL.framework/Versions/A/Libraries/libGL.dylib
0x00007ffb15219000 	/System/Library/Frameworks/OpenGL.framework/Versions/A/Libraries/libGLImage.dylib
0x00007ffb1520d000 	/System/Library/Frameworks/OpenGL.framework/Versions/A/Libraries/libCVMSPluginSupport.dylib
0x00007ffb151f8000 	/System/Library/Frameworks/OpenGL.framework/Versions/A/Libraries/libCoreVMClient.dylib
0x00007ff81facd000 	/System/Library/PrivateFrameworks/GPUWrangler.framework/Versions/A/GPUWrangler
0x00007ff81fab1000 	/System/Library/PrivateFrameworks/IOPresentment.framework/Versions/A/IOPresentment
0x00007ff81fad7000 	/System/Library/PrivateFrameworks/DSExternalDisplay.framework/Versions/A/DSExternalDisplay
0x00007ffd25f44000 	/System/Library/PrivateFrameworks/VideoToolboxParavirtualizationSupport.framework/Versions/A/VideoToolboxParavirtualizationSupport
0x00007ff81eae2000 	/System/Library/PrivateFrameworks/AppleVA.framework/Versions/A/AppleVA
0x00007ffb17f49000 	/System/Library/Frameworks/ExtensionFoundation.framework/Versions/A/ExtensionFoundation
0x00007ff81fb41000 	/System/Library/PrivateFrameworks/CMCaptureCore.framework/Versions/A/CMCaptureCore
0x00007ff81edb8000 	/System/Library/PrivateFrameworks/AppServerSupport.framework/Versions/A/AppServerSupport
0x00007ff82184a000 	/System/Library/PrivateFrameworks/perfdata.framework/Versions/A/perfdata
0x00007ff80edde000 	/System/Library/PrivateFrameworks/AudioToolboxCore.framework/Versions/A/AudioToolboxCore
0x00007ff819585000 	/System/Library/PrivateFrameworks/caulk.framework/Versions/A/caulk
0x00007ff82143c000 	/usr/lib/libAudioStatistics.dylib
0x00007ff918368000 	/System/Library/PrivateFrameworks/SystemPolicy.framework/Versions/A/SystemPolicy
0x00007ff8216ec000 	/usr/lib/libSMC.dylib
0x00007ff91fffd000 	/usr/lib/swift/libswiftCoreMIDI.dylib
0x00007ff90aa09000 	/System/Library/Frameworks/CoreMIDI.framework/Versions/A/CoreMIDI
0x00007ff81f9fc000 	/usr/lib/libAudioToolboxUtility.dylib
0x00007ff821858000 	/usr/lib/libperfcheck.dylib
0x00007ffb24e20000 	/System/Library/PrivateFrameworks/AudioAnalytics.framework/Versions/A/AudioAnalytics
0x00007ffa1fdd2000 	/System/Library/Frameworks/OSLog.framework/Versions/A/OSLog
0x00007ffd0d1a6000 	/System/Library/PrivateFrameworks/OSEligibility.framework/Versions/A/OSEligibility
0x00007ffb190f8000 	/System/Library/Frameworks/LightweightCodeRequirements.framework/Versions/A/LightweightCodeRequirements
0x00007ff81ea1d000 	/System/Library/PrivateFrameworks/PlugInKit.framework/Versions/A/PlugInKit
0x00007ff81bf47000 	/System/Library/PrivateFrameworks/AssertionServices.framework/Versions/A/AssertionServices
0x00007ff81eb54000 	/System/Library/PrivateFrameworks/IconFoundation.framework/Versions/A/IconFoundation
0x00007ffc1e399000 	/System/Library/PrivateFrameworks/IconRendering.framework/Versions/A/IconRendering
0x00007ffd14050000 	/System/Library/PrivateFrameworks/SFSymbols.framework/Versions/A/SFSymbols
0x00007ffb15ef4000 	/System/Library/Frameworks/OpenCL.framework/Versions/A/OpenCL
0x00007ff81ed61000 	/System/Library/PrivateFrameworks/GraphVisualizer.framework/Versions/A/GraphVisualizer
0x00007ffc123c4000 	/System/Library/PrivateFrameworks/FontServices.framework/Versions/A/FontServices
0x00007ff81ed74000 	/System/Library/PrivateFrameworks/OTSVG.framework/Versions/A/OTSVG
0x00007ff8172a1000 	/System/Library/Frameworks/ApplicationServices.framework/Versions/A/Frameworks/ATS.framework/Versions/A/Resources/libFontRegistry.dylib
0x00007ffe10e80000 	/usr/lib/libhvf.dylib
0x00007ffd0dcf8000 	/System/Library/PrivateFrameworks/ParsingInternal.framework/Versions/A/ParsingInternal
0x00007ffc123c8000 	/System/Library/PrivateFrameworks/FontServices.framework/libXTFontStaticRegistryData.dylib
0x00007ff81a5e9000 	/System/Library/Frameworks/MetalPerformanceShaders.framework/Versions/A/Frameworks/MPSCore.framework/Versions/A/MPSCore
0x00007ff81c870000 	/System/Library/Frameworks/MetalPerformanceShaders.framework/Versions/A/Frameworks/MPSImage.framework/Versions/A/MPSImage
0x00007ff81c0c5000 	/System/Library/Frameworks/MetalPerformanceShaders.framework/Versions/A/Frameworks/MPSNeuralNetwork.framework/Versions/A/MPSNeuralNetwork
0x00007ff81c60e000 	/System/Library/Frameworks/MetalPerformanceShaders.framework/Versions/A/Frameworks/MPSMatrix.framework/Versions/A/MPSMatrix
0x00007ff81c3c4000 	/System/Library/Frameworks/MetalPerformanceShaders.framework/Versions/A/Frameworks/MPSRayIntersector.framework/Versions/A/MPSRayIntersector
0x00007ff81c64d000 	/System/Library/Frameworks/MetalPerformanceShaders.framework/Versions/A/Frameworks/MPSNDArray.framework/Versions/A/MPSNDArray
0x00007ffb19f62000 	/System/Library/Frameworks/MetalPerformanceShaders.framework/Versions/A/Frameworks/MPSFunctions.framework/Versions/A/MPSFunctions
0x00007ffb19f42000 	/System/Library/Frameworks/MetalPerformanceShaders.framework/Versions/A/Frameworks/MPSBenchmarkLoop.framework/Versions/A/MPSBenchmarkLoop
0x00007ffb19f77000 	/System/Library/Frameworks/MetalPerformanceShaders.framework/Versions/A/Frameworks/MPSHost.framework/Versions/A/MPSHost
0x00007ff80d0b7000 	/System/Library/PrivateFrameworks/MetalTools.framework/Versions/A/MetalTools
0x00007ff91e905000 	/System/Library/PrivateFrameworks/IOAccelMemoryInfo.framework/Versions/A/IOAccelMemoryInfo
0x00007ffa0d4c8000 	/System/Library/PrivateFrameworks/kperf.framework/Versions/A/kperf
0x00007ff919313000 	/System/Library/PrivateFrameworks/GPURawCounter.framework/Versions/A/GPURawCounter
0x00007ffa1b54c000 	/System/Library/PrivateFrameworks/Symbolication.framework/Versions/A/Symbolication
0x00007ffd10ca3000 	/System/Library/PrivateFrameworks/PhotosensitivityProcessing.framework/Versions/A/PhotosensitivityProcessing
0x00007ff8283ad000 	/System/Library/PrivateFrameworks/CoreSymbolication.framework/Versions/A/CoreSymbolication
0x00007ff91928c000 	/System/Library/PrivateFrameworks/MallocStackLogging.framework/Versions/A/MallocStackLogging
0x00007ff82838f000 	/System/Library/PrivateFrameworks/DebugSymbols.framework/Versions/A/DebugSymbols
0x00007ffa0bcda000 	/System/Library/PrivateFrameworks/OSAnalytics.framework/Versions/A/OSAnalytics
0x00007ffc10463000 	/System/Library/PrivateFrameworks/DeviceRecovery.framework/Versions/A/DeviceRecovery
0x00007ff81cc4c000 	/System/Library/Frameworks/UserNotifications.framework/Versions/A/UserNotifications
0x00007ff91ef80000 	/System/Library/PrivateFrameworks/SiriInstrumentation.framework/Versions/A/SiriInstrumentation
0x00007ffd161b3000 	/System/Library/PrivateFrameworks/SiriAnalytics.framework/Versions/A/SiriAnalytics
0x00007ff91c6ca000 	/System/Library/PrivateFrameworks/FeedbackLogger.framework/Versions/A/FeedbackLogger
0x00007ffa17716000 	/usr/lib/swift/libswiftAVFoundation.dylib
0x00007ffd2407f000 	/System/Library/PrivateFrameworks/UnifiedAssetFramework.framework/Versions/A/UnifiedAssetFramework
0x00007ff8213c0000 	/System/Library/PrivateFrameworks/AudioSession.framework/Versions/A/AudioSession
0x00007ff81ec7b000 	/System/Library/PrivateFrameworks/MediaExperience.framework/Versions/A/MediaExperience
0x00007ff8211aa000 	/System/Library/PrivateFrameworks/AudioSession.framework/libSessionUtility.dylib
0x00007ff826bc5000 	/System/Library/Frameworks/CoreBluetooth.framework/Versions/A/CoreBluetooth
0x00007ff81bdc4000 	/System/Library/PrivateFrameworks/CoreUtils.framework/Versions/A/CoreUtils
0x00007ff910f55000 	/System/Library/PrivateFrameworks/HID.framework/Versions/A/HID
0x00007ffc0f505000 	/System/Library/PrivateFrameworks/CoreUtilsExtras.framework/Versions/A/CoreUtilsExtras
0x00007ffc1e2e7000 	/System/Library/PrivateFrameworks/IO80211.framework/Versions/A/IO80211
0x00007ff82338c000 	/System/Library/Frameworks/IOBluetooth.framework/Versions/A/IOBluetooth
0x00007ffe11af3000 	/usr/lib/swift/libswiftRegexBuilder.dylib
0x00007ff81e8c3000 	/usr/lib/libIOReport.dylib
0x00007ffa27c5b000 	/System/Library/PrivateFrameworks/WiFiPeerToPeer.framework/Versions/A/WiFiPeerToPeer
0x00007ff81bf54000 	/System/Library/Frameworks/SecurityFoundation.framework/Versions/A/SecurityFoundation
0x00007ff80d48a000 	/System/Library/PrivateFrameworks/Lexicon.framework/Versions/A/Lexicon
0x00007ffe112dd000 	/usr/lib/libmrc.dylib
0x00007ffc1e359000 	/System/Library/PrivateFrameworks/IPConfiguration.framework/Versions/A/IPConfiguration
0x00007ffa1bc7f000 	/System/Library/PrivateFrameworks/Netrb.framework/Versions/A/Netrb
0x00007ff81c0ad000 	/usr/lib/libgermantok.dylib
0x00007ff81a7cc000 	/System/Library/PrivateFrameworks/LinguisticData.framework/Versions/A/LinguisticData
0x00007ff826dc8000 	/System/Library/PrivateFrameworks/MediaKit.framework/Versions/A/MediaKit
0x00007ff826d22000 	/System/Library/Frameworks/DiscRecording.framework/Versions/A/DiscRecording
0x00007ff81eb4b000 	/usr/lib/libheimdal-asn1.dylib
0x00007ff82aa9b000 	/System/Library/Frameworks/AudioUnit.framework/Versions/A/AudioUnit
0x00007ff8175be000 	/System/Library/Frameworks/OpenDirectory.framework/Versions/A/OpenDirectory
0x00007ff8175ca000 	/System/Library/Frameworks/OpenDirectory.framework/Versions/A/Frameworks/CFOpenDirectory.framework/Versions/A/CFOpenDirectory
0x00007ff8236ec000 	/System/Library/PrivateFrameworks/GeoServices.framework/Versions/A/GeoServices
0x00007ff821173000 	/System/Library/PrivateFrameworks/LocationSupport.framework/Versions/A/LocationSupport
0x00007ffc1b1cb000 	/System/Library/PrivateFrameworks/GeoServicesCore.framework/Versions/A/GeoServicesCore
0x00007ff911df7000 	/System/Library/PrivateFrameworks/PhoneNumbers.framework/Versions/A/PhoneNumbers
0x00007ffc22ec3000 	/System/Library/PrivateFrameworks/LocationLogEncryption.framework/Versions/A/LocationLogEncryption
0x00007ffb16628000 	/System/Library/Frameworks/AVFAudio.framework/Versions/A/AVFAudio
0x00007ffb16764000 	/System/Library/Frameworks/AVRouting.framework/Versions/A/AVRouting
0x00007ff911ef0000 	/usr/lib/libAccessibility.dylib
0x00007ffc21b6c000 	/System/Library/PrivateFrameworks/IsolatedCoreAudioClient.framework/Versions/A/IsolatedCoreAudioClient
0x00007ffd21baf000 	/System/Library/PrivateFrameworks/Tightbeam.framework/Versions/A/Tightbeam
0x00007ffc0b48d000 	/System/Library/PrivateFrameworks/CoreAudioOrchestration.framework/Versions/A/CoreAudioOrchestration
0x00007ffa122f2000 	/System/Library/PrivateFrameworks/AFKUser.framework/Versions/A/AFKUser
0x00007ff820049000 	/System/Library/Frameworks/MediaToolbox.framework/Versions/A/MediaToolbox
0x00007ff8272a6000 	/System/Library/PrivateFrameworks/CoreAVCHD.framework/Versions/A/CoreAVCHD
0x00007ff825eb0000 	/System/Library/Frameworks/MediaAccessibility.framework/Versions/A/MediaAccessibility
0x00007ff8272a2000 	/System/Library/PrivateFrameworks/Mangrove.framework/Versions/A/Mangrove
0x00007ffb26a4f000 	/System/Library/PrivateFrameworks/CMPhoto.framework/Versions/A/CMPhoto
0x00007ff827a53000 	/System/Library/Frameworks/CoreTelephony.framework/Versions/A/CoreTelephony
0x00007ff828256000 	/System/Library/PrivateFrameworks/AppleVPA.framework/Versions/A/AppleVPA
0x00007ff826ee7000 	/System/Library/PrivateFrameworks/CoreAUC.framework/Versions/A/CoreAUC
0x00007ffb23bda000 	/System/Library/PrivateFrameworks/AppleJPEGXL.framework/Versions/A/AppleJPEGXL
0x00007ff821a58000 	/usr/lib/libTelephonyUtilDynamic.dylib
0x00007ffa22e5d000 	/System/Library/Frameworks/CryptoKit.framework/Versions/A/CryptoKit
0x00007ff82aa96000 	/System/Library/PrivateFrameworks/CryptoKitCBridging.framework/Versions/A/CryptoKitCBridging
0x00007ff828067000 	/System/Library/Frameworks/CryptoTokenKit.framework/Versions/A/CryptoTokenKit
0x00007ffc0ff71000 	/System/Library/PrivateFrameworks/Dendrite.framework/Versions/A/Dendrite
0x00007ff918edb000 	/System/Library/Frameworks/NaturalLanguage.framework/Versions/A/NaturalLanguage
0x00007ffa27be8000 	/usr/lib/swift/libswiftNaturalLanguage.dylib
0x00007ffb2489e000 	/System/Library/PrivateFrameworks/AppleMobileFileIntegrity.framework/Versions/A/AppleMobileFileIntegrity
0x00007ffe1028a000 	/usr/lib/libTLE.dylib
0x00007ff9192bc000 	/usr/lib/libmis.dylib
0x00007ffb10773000 	/System/Library/PrivateFrameworks/ConfigProfileHelper.framework/Versions/A/ConfigProfileHelper
0x00007ff82ac18000 	/System/Library/PrivateFrameworks/Espresso.framework/Versions/A/Espresso
0x00007ff817d19000 	/System/Library/Frameworks/CoreML.framework/Versions/A/CoreML
0x00007ffa25c4b000 	/usr/lib/libedit.3.dylib
0x00007ffb10d57000 	/System/Library/PrivateFrameworks/ANECompiler.framework/Versions/A/ANECompiler
0x00007ff90a831000 	/System/Library/PrivateFrameworks/AppleNeuralEngine.framework/Versions/A/AppleNeuralEngine
0x00007ffc22fd3000 	/System/Library/PrivateFrameworks/MIL.framework/Versions/A/MIL
0x00007ffb19f7e000 	/System/Library/Frameworks/MetalPerformanceShadersGraph.framework/Versions/A/MetalPerformanceShadersGraph
0x00007ffc237a5000 	/System/Library/PrivateFrameworks/MLCompilerServices.framework/Versions/A/MLCompilerServices
0x00007ff82bb51000 	/System/Library/PrivateFrameworks/ANEServices.framework/Versions/A/ANEServices
0x00007ff91e8ca000 	/usr/lib/libncurses.5.4.dylib
0x00007ff81069e000 	/usr/lib/libsandbox.1.dylib
0x00007ff81ea60000 	/usr/lib/libMatch.1.dylib
0x00007ffd0cf63000 	/System/Library/PrivateFrameworks/ODIE.framework/Versions/A/ODIE
0x00007ffc2657b000 	/System/Library/PrivateFrameworks/MLModelAsset.framework/Versions/A/MLModelAsset
0x00007ffc2374b000 	/System/Library/PrivateFrameworks/MLCompilerRuntime.framework/Versions/A/MLCompilerRuntime
0x00007ff81c426000 	/System/Library/Frameworks/MLCompute.framework/Versions/A/MLCompute
0x00007ffc236d2000 	/System/Library/PrivateFrameworks/MLAssetIO.framework/Versions/A/MLAssetIO
0x00007ffe11aca000 	/usr/lib/swift/libswiftMLCompute.dylib
0x00007ff827c52000 	/System/Library/PrivateFrameworks/AVFCore.framework/Versions/A/AVFCore
0x00007ff90f7db000 	/System/Library/PrivateFrameworks/AVFCapture.framework/Versions/A/AVFCapture
0x00007ffb268f8000 	/System/Library/PrivateFrameworks/CMImaging.framework/Versions/A/CMImaging
0x00007ff90fa2a000 	/System/Library/PrivateFrameworks/Quagga.framework/Versions/A/Quagga
0x00007ff90fb55000 	/System/Library/PrivateFrameworks/CMCapture.framework/Versions/A/CMCapture
0x00007ff8215dd000 	/System/Library/Frameworks/CoreMediaIO.framework/Versions/A/CoreMediaIO
0x00007ffb26830000 	/System/Library/PrivateFrameworks/CMCaptureDevice.framework/Versions/A/CMCaptureDevice
0x00007ff81ee9a000 	/System/Library/PrivateFrameworks/CoreBrightness.framework/Versions/A/CoreBrightness
0x00007ffb27776000 	/System/Library/PrivateFrameworks/CinematicFraming.framework/Versions/A/CinematicFraming
0x00007ffc29556000 	/System/Library/PrivateFrameworks/ModelManagerServices.framework/Versions/A/ModelManagerServices
0x00007ffd1f2fd000 	/System/Library/PrivateFrameworks/SystemStatus.framework/Versions/A/SystemStatus
0x00007ff917d63000 	/System/Library/Frameworks/CoreMotion.framework/Versions/A/CoreMotion
0x00007ff928639000 	/System/Library/PrivateFrameworks/TimeSync.framework/Versions/A/TimeSync
0x00007ffc1084c000 	/System/Library/PrivateFrameworks/DistributedSensing.framework/Versions/A/DistributedSensing
0x00007ff923796000 	/System/Library/PrivateFrameworks/MobileBluetooth.framework/Versions/A/MobileBluetooth
0x00007ffa0a8fd000 	/System/Library/PrivateFrameworks/IOKitten.framework/Versions/A/IOKitten
0x00007ffb23a7d000 	/System/Library/PrivateFrameworks/AppleIntelligenceReporting.framework/Versions/A/AppleIntelligenceReporting
0x00007ff81bcda000 	/System/Library/PrivateFrameworks/CoreEmoji.framework/Versions/A/CoreEmoji
0x00007ff80d7ec000 	/usr/lib/libCRFSuite.dylib
0x00007ff80eb0b000 	/System/Library/PrivateFrameworks/LanguageModeling.framework/Versions/A/LanguageModeling
0x00007ff81a6be000 	/System/Library/PrivateFrameworks/CoreNLP.framework/Versions/A/CoreNLP
0x00007ff813cc3000 	/System/Library/PrivateFrameworks/Montreal.framework/Versions/A/Montreal
0x00007ff81cf4f000 	/usr/lib/libcmph.dylib
0x00007ff81c052000 	/usr/lib/libmecab.dylib
0x00007ff81d094000 	/usr/lib/libThaiTokenizer.dylib
0x00007ffc1afce000 	/System/Library/PrivateFrameworks/GenerativeModelsFoundation.framework/Versions/A/GenerativeModelsFoundation
0x00007ffd2202a000 	/System/Library/PrivateFrameworks/TokenGeneration.framework/Versions/A/TokenGeneration
0x00007ffc1adfd000 	/System/Library/PrivateFrameworks/GenerativeFunctions.framework/Versions/A/GenerativeFunctions
0x00007ffc1ae40000 	/System/Library/PrivateFrameworks/GenerativeFunctionsFoundation.framework/Versions/A/GenerativeFunctionsFoundation
0x00007ffc29205000 	/System/Library/PrivateFrameworks/ModelCatalog.framework/Versions/A/ModelCatalog
0x00007ffd15539000 	/System/Library/PrivateFrameworks/SensitiveContentAnalysisML.framework/Versions/A/SensitiveContentAnalysisML
0x00007ffc1aeba000 	/System/Library/PrivateFrameworks/GenerativeFunctionsInstrumentation.framework/Versions/A/GenerativeFunctionsInstrumentation
0x00007ffd127f8000 	/System/Library/PrivateFrameworks/PromptKit.framework/Versions/A/PromptKit
0x00007ffd122a6000 	/System/Library/PrivateFrameworks/ProactiveDaemonSupport.framework/Versions/A/ProactiveDaemonSupport
0x00007ffd221fb000 	/System/Library/PrivateFrameworks/TokenGenerationCore.framework/Versions/A/TokenGenerationCore
0x00007ff919e57000 	/System/Library/PrivateFrameworks/Trial.framework/Versions/A/Trial
0x00007ff919dd9000 	/System/Library/PrivateFrameworks/TrialProto.framework/Versions/A/TrialProto
0x00007ffb23734000 	/System/Library/PrivateFrameworks/AppleFlatBuffers.framework/Versions/A/AppleFlatBuffers
0x00007ffd1579f000 	/System/Library/PrivateFrameworks/SentencePieceInternal.framework/Versions/A/SentencePieceInternal
0x00007ff825f04000 	/System/Library/Frameworks/Vision.framework/Versions/A/Vision
0x00007ffc0f1c7000 	/System/Library/PrivateFrameworks/CoreSceneUnderstanding.framework/Versions/A/CoreSceneUnderstanding
0x00007ffd26aad000 	/System/Library/PrivateFrameworks/VisionCore.framework/Versions/A/VisionCore
0x00007ff9224d3000 	/System/Library/Frameworks/Vision.framework/libfaceCore.dylib
0x00007ff9231f2000 	/System/Library/PrivateFrameworks/Futhark.framework/Versions/A/Futhark
0x00007ff927448000 	/System/Library/PrivateFrameworks/InertiaCam.framework/Versions/A/InertiaCam
0x00007ff922f5a000 	/System/Library/PrivateFrameworks/TextRecognition.framework/Versions/A/TextRecognition
0x00007ff81e8ff000 	/System/Library/PrivateFrameworks/CVNLP.framework/Versions/A/CVNLP
0x00007ffa202cc000 	/System/Library/PrivateFrameworks/HIDDisplay.framework/Versions/A/HIDDisplay
0x00007ff81fb0d000 	/System/Library/Frameworks/ApplicationServices.framework/Versions/A/Frameworks/ATSUI.framework/Versions/A/ATSUI
0x00007ff8217cd000 	/usr/lib/libcups.2.dylib
0x00007ff821867000 	/System/Library/Frameworks/Kerberos.framework/Versions/A/Kerberos
0x00007ff8214ca000 	/usr/lib/libresolv.9.dylib
0x00007ff81edcd000 	/System/Library/PrivateFrameworks/Heimdal.framework/Versions/A/Heimdal
0x00007ff82aa9a000 	/System/Library/Frameworks/Kerberos.framework/Versions/A/Libraries/libHeimdalProxy.dylib
0x00007ff8218bf000 	/System/Library/PrivateFrameworks/CommonAuth.framework/Versions/A/CommonAuth
0x00007ff911e01000 	/System/Library/PrivateFrameworks/AXCoreUtilities.framework/Versions/A/AXCoreUtilities
0x00007ffe0fdef000 	/usr/lib/libAXSafeCategoryBundle.dylib
0x00007ffb1e313000 	/System/Library/Frameworks/TabularData.framework/Versions/A/TabularData
0x00007ffb24a3f000 	/System/Library/PrivateFrameworks/ArgumentParserInternal.framework/Versions/A/ArgumentParserInternal
0x00007ff81bac0000 	/System/Library/Frameworks/Accelerate.framework/Versions/A/Frameworks/vecLib.framework/Versions/A/libvDSP.dylib
0x00007ff81d26d000 	/System/Library/Frameworks/Accelerate.framework/Versions/A/Frameworks/vecLib.framework/Versions/A/libLAPACK.dylib
0x00007ff81c0b0000 	/System/Library/Frameworks/Accelerate.framework/Versions/A/Frameworks/vecLib.framework/Versions/A/libLinearAlgebra.dylib
0x00007ff81d0d8000 	/System/Library/Frameworks/Accelerate.framework/Versions/A/Frameworks/vecLib.framework/Versions/A/libSparseBLAS.dylib
0x00007ff81d267000 	/System/Library/Frameworks/Accelerate.framework/Versions/A/Frameworks/vecLib.framework/Versions/A/libQuadrature.dylib
0x00007ff81a7d2000 	/System/Library/Frameworks/Accelerate.framework/Versions/A/Frameworks/vecLib.framework/Versions/A/libBNNS.dylib
0x00007ff80d590000 	/System/Library/Frameworks/Accelerate.framework/Versions/A/Frameworks/vecLib.framework/Versions/A/libSparse.dylib
0x00007ff821830000 	/System/Library/PrivateFrameworks/NetAuth.framework/Versions/A/NetAuth
0x00007ff8177c8000 	/System/Library/PrivateFrameworks/login.framework/Versions/A/Frameworks/loginsupport.framework/Versions/A/loginsupport
0x00007ff81c020000 	/usr/lib/libCheckFix.dylib
0x00007ff816221000 	/System/Library/PrivateFrameworks/MetadataUtilities.framework/Versions/A/MetadataUtilities
0x00007ffc1ece7000 	/System/Library/PrivateFrameworks/InstalledContentLibrary.framework/Versions/A/InstalledContentLibrary
0x00007ff810580000 	/System/Library/PrivateFrameworks/CoreServicesStore.framework/Versions/A/CoreServicesStore
0x00007ffa0d5d2000 	/System/Library/PrivateFrameworks/MobileSystemServices.framework/Versions/A/MobileSystemServices
0x00007ff81e5cc000 	/usr/lib/libxslt.1.dylib
0x00007ff81bfe3000 	/System/Library/PrivateFrameworks/BackgroundTaskManagement.framework/Versions/A/BackgroundTaskManagement
0x00007ff82a206000 	/usr/lib/libcurl.4.dylib
0x00007ffe10c2a000 	/usr/lib/libcrypto.46.dylib
0x00007ffe117e7000 	/usr/lib/libssl.48.dylib
0x00007ff829ee6000 	/System/Library/Frameworks/LDAP.framework/Versions/A/LDAP
0x00007ff829f20000 	/System/Library/PrivateFrameworks/TrustEvaluationAgent.framework/Versions/A/TrustEvaluationAgent
0x00007ff8214e7000 	/usr/lib/libsasl2.2.dylib
0x00007ff9161ee000 	/usr/lib/swift/libswiftCoreGraphics.dylib
0x00007ff826570000 	/usr/lib/swift/libswiftFoundation.dylib
0x00007ffb1013d000 	/usr/lib/swift/libswiftSwiftOnoneSupport.dylib
0x00007ffe11e2c000 	/usr/lib/swift/libswiftsys_time.dylib
0x00007ffa1bcba000 	/System/Library/PrivateFrameworks/CoreMaterial.framework/Versions/A/CoreMaterial
0x00007ffe10289000 	/usr/lib/libSpatial.dylib
0x00007ffe0fd07000 	/System/Library/SubFrameworks/UIUtilities.framework/Versions/A/UIUtilities
0x00000001123e5000 	/Users/zvwgvx/.cache/rbw-forge-ui/jdk8u502-b07/Contents/Home/jre/lib/server/libjvm.dylib
0x000000010c703000 	/Users/zvwgvx/.cache/rbw-forge-ui/jdk8u502-b07/Contents/Home/jre/lib/libverify.dylib
0x0000000111800000 	/Users/zvwgvx/.cache/rbw-forge-ui/jdk8u502-b07/Contents/Home/jre/lib/libjava.dylib
0x000000010c75a000 	/Users/zvwgvx/.cache/rbw-forge-ui/jdk8u502-b07/Contents/Home/jre/lib/libzip.dylib
0x000000012ec95000 	/Users/zvwgvx/.cache/rbw-forge-ui/jdk8u502-b07/Contents/Home/jre/lib/libnio.dylib
0x000000012ecf8000 	/Users/zvwgvx/.cache/rbw-forge-ui/jdk8u502-b07/Contents/Home/jre/lib/libnet.dylib
0x000000012ed74000 	/Users/zvwgvx/.cache/rbw-forge-ui/jdk8u502-b07/Contents/Home/jre/lib/libmanagement.dylib
0x000000012ff48000 	/Users/zvwgvx/.cache/rbw-forge-ui/jdk8u502-b07/Contents/Home/jre/lib/libawt.dylib
0x000000013017b000 	/Users/zvwgvx/.cache/rbw-forge-ui/jdk8u502-b07/Contents/Home/jre/lib/libmlib_image.dylib
0x00007ffb190e0000 	/System/Library/Frameworks/JavaNativeFoundation.framework/Versions/A/JavaNativeFoundation
0x00007ffb190e9000 	/System/Library/Frameworks/JavaRuntimeSupport.framework/Versions/A/JavaRuntimeSupport
0x00007ff917d62000 	/System/Library/Frameworks/Carbon.framework/Versions/A/Carbon
0x00007ff90d1f0000 	/System/Library/Frameworks/Carbon.framework/Versions/A/Frameworks/CommonPanels.framework/Versions/A/CommonPanels
0x00007ff82a1f3000 	/System/Library/Frameworks/Carbon.framework/Versions/A/Frameworks/Help.framework/Versions/A/Help
0x00007ff90d1f4000 	/System/Library/Frameworks/Carbon.framework/Versions/A/Frameworks/ImageCapture.framework/Versions/A/ImageCapture
0x00007ff90d1d1000 	/System/Library/Frameworks/Carbon.framework/Versions/A/Frameworks/OpenScripting.framework/Versions/A/OpenScripting
0x00007ff90d1ef000 	/System/Library/Frameworks/Carbon.framework/Versions/A/Frameworks/Ink.framework/Versions/A/Ink
0x00007ff90d1ec000 	/System/Library/Frameworks/Carbon.framework/Versions/A/Frameworks/SecurityHI.framework/Versions/A/SecurityHI
0x00007ffe1011a000 	/usr/lib/libInterpreterSecurity.dylib
0x00007ffa0f3cd000 	/System/Library/PrivateFrameworks/XprotectFramework.framework/Versions/A/XprotectFramework
0x00007ff911264000 	/System/Library/PrivateFrameworks/yara.framework/Versions/A/yara
0x00007ffe10108000 	/usr/lib/libEndpointSecuritySystem.dylib
0x00000001302ea000 	/Users/zvwgvx/.cache/rbw-forge-ui/jdk8u502-b07/Contents/Home/jre/lib/libawt_lwawt.dylib
0x000000012feda000 	/Users/zvwgvx/.cache/rbw-forge-ui/jdk8u502-b07/Contents/Home/jre/lib/libosxapp.dylib
0x00007ff916252000 	/System/Library/Frameworks/ExceptionHandling.framework/Versions/A/ExceptionHandling
0x00007ffb168a5000 	/System/Library/Frameworks/AppIntents.framework/Versions/A/AppIntents
0x00007ffb1cb6c000 	/System/Library/Frameworks/RelevanceKit.framework/Versions/A/RelevanceKit
0x00007ff81cc9a000 	/System/Library/Frameworks/CoreSpotlight.framework/Versions/A/CoreSpotlight
0x00007ffc22a8c000 	/System/Library/PrivateFrameworks/LinkServices.framework/Versions/A/LinkServices
0x00007ff826818000 	/System/Library/Frameworks/Contacts.framework/Versions/A/Contacts
0x00007ffb22372000 	/System/Library/PrivateFrameworks/AppIntentsTypeSupport.framework/Versions/A/AppIntentsTypeSupport
0x00007ffc1092c000 	/System/Library/PrivateFrameworks/DoNotDisturb.framework/Versions/A/DoNotDisturb
0x00007ffc228ef000 	/System/Library/PrivateFrameworks/LinkMetadata.framework/Versions/A/LinkMetadata
0x00007ff919337000 	/usr/lib/swift/libswiftIntents.dylib
0x00007ff91ea21000 	/System/Library/PrivateFrameworks/IntentsCore.framework/Versions/A/IntentsCore
0x00007ffb251fa000 	/System/Library/PrivateFrameworks/AvailabilityKit.framework/Versions/A/AvailabilityKit
0x00007ffb22005000 	/System/Library/PrivateFrameworks/AppIntentSchemas.framework/Versions/A/AppIntentSchemas
0x00007ffb18734000 	/System/Library/Frameworks/GeoToolbox.framework/Versions/A/GeoToolbox
0x00007ffc181fc000 	/System/Library/PrivateFrameworks/GRDBInternal.framework/Versions/A/GRDBInternal
0x00007ffd1dd00000 	/System/Library/PrivateFrameworks/StatusKit.framework/Versions/A/StatusKit
0x00007ff826642000 	/System/Library/PrivateFrameworks/ContactsPersistence.framework/Versions/A/ContactsPersistence
0x00007ff8257cf000 	/System/Library/PrivateFrameworks/AppleLDAP.framework/Versions/A/AppleLDAP
0x00007ff82a5a0000 	/System/Library/Frameworks/ClassKit.framework/Versions/A/ClassKit
0x00007ff90a2b2000 	/System/Library/PrivateFrameworks/CoreSuggestions.framework/Versions/A/CoreSuggestions
0x00007ff826571000 	/System/Library/PrivateFrameworks/ContactsFoundation.framework/Versions/A/ContactsFoundation
0x00007ff82801c000 	/System/Library/PrivateFrameworks/vCard.framework/Versions/A/vCard
0x00007ffb2896c000 	/System/Library/PrivateFrameworks/ContactsMetrics.framework/Versions/A/ContactsMetrics
0x00007ff81ee79000 	/System/Library/PrivateFrameworks/login.framework/Versions/A/login
0x00007ffc26f15000 	/System/Library/PrivateFrameworks/ManagedOrganizationContacts.framework/Versions/A/ManagedOrganizationContacts
0x00007ff817c44000 	/System/Library/PrivateFrameworks/CloudDocs.framework/Versions/A/CloudDocs
0x00007ff9117b8000 	/System/Library/PrivateFrameworks/ProactiveEventTracker.framework/Versions/A/ProactiveEventTracker
0x00007ff8274af000 	/System/Library/PrivateFrameworks/GenerationalStorage.framework/Versions/A/GenerationalStorage
0x00007ff8219b3000 	/System/Library/PrivateFrameworks/CacheDelete.framework/Versions/A/CacheDelete
0x00007ff82abcf000 	/System/Library/Frameworks/QuickLookThumbnailing.framework/Versions/A/QuickLookThumbnailing
0x00007ff8272d1000 	/System/Library/Frameworks/FileProvider.framework/Versions/A/FileProvider
0x00007ff8120f2000 	/System/Library/PrivateFrameworks/DesktopServicesPriv.framework/Versions/A/DesktopServicesPriv
0x00007ff918db0000 	/System/Library/PrivateFrameworks/FTServices.framework/Versions/A/FTServices
0x00007ff910f0b000 	/System/Library/PrivateFrameworks/CloudServices.framework/Versions/A/CloudServices
0x00007ff818f87000 	/System/Library/Frameworks/CoreLocation.framework/Versions/A/CoreLocation
0x00007ff8292fe000 	/System/Library/Frameworks/Intents.framework/Versions/A/Intents
0x00007ff81c962000 	/System/Library/PrivateFrameworks/AuthKit.framework/Versions/A/AuthKit
0x00007ff91ffe0000 	/usr/lib/swift/libswiftCoreLocation.dylib
0x00007ff822fea000 	/System/Library/PrivateFrameworks/Sharing.framework/Versions/A/Sharing
0x00007ff8229c7000 	/System/Library/PrivateFrameworks/IDSFoundation.framework/Versions/A/IDSFoundation
0x00007ff8299df000 	/System/Library/PrivateFrameworks/Apple80211.framework/Versions/A/Apple80211
0x00007ff81bd46000 	/System/Library/Frameworks/CoreWLAN.framework/Versions/A/CoreWLAN
0x00007ff8210ff000 	/System/Library/PrivateFrameworks/IMFoundation.framework/Versions/A/IMFoundation
0x00007ff911263000 	/System/Library/PrivateFrameworks/Marco.framework/Versions/A/Marco
0x00007ff814703000 	/System/Library/PrivateFrameworks/CommonUtilities.framework/Versions/A/CommonUtilities
0x00007ff90d1ba000 	/System/Library/PrivateFrameworks/Engram.framework/Versions/A/Engram
0x00007ffe0a758000 	/System/Library/PrivateFrameworks/XPCDistributed.framework/Versions/A/XPCDistributed
0x00007ff90d15c000 	/usr/lib/libtidy.A.dylib
0x00007ff81f0b1000 	/System/Library/PrivateFrameworks/Bom.framework/Versions/A/Bom
0x00007ff821507000 	/usr/lib/libParallelCompression.dylib
0x00007ff8214fa000 	/System/Library/PrivateFrameworks/MultiverseSupport.framework/Versions/A/MultiverseSupport
0x00007ff826dfb000 	/System/Library/PrivateFrameworks/DiskManagement.framework/Versions/A/DiskManagement
0x00007ff826d15000 	/System/Library/PrivateFrameworks/AppleIDAuthSupport.framework/Versions/A/AppleIDAuthSupport
0x00007ffb1f7c1000 	/System/Library/PrivateFrameworks/AAAFoundation.framework/Versions/A/AAAFoundation
0x00007ff821a05000 	/System/Library/PrivateFrameworks/KeychainCircle.framework/Versions/A/KeychainCircle
0x00007ff911df8000 	/System/Library/PrivateFrameworks/URLFormatting.framework/Versions/A/URLFormatting
0x00007ff82a1fb000 	/usr/lib/libcsfde.dylib
0x00007ff81ea68000 	/usr/lib/libCoreStorage.dylib
0x00007ff823460000 	/System/Library/PrivateFrameworks/ProtectedCloudStorage.framework/Versions/A/ProtectedCloudStorage
0x00007ff82a1f7000 	/System/Library/PrivateFrameworks/EFILogin.framework/Versions/A/EFILogin
0x00007ff8274d9000 	/System/Library/PrivateFrameworks/OctagonTrust.framework/Versions/A/OctagonTrust
0x00007ff82279e000 	/System/Library/PrivateFrameworks/IDS.framework/Versions/A/IDS
0x00007ff8280e6000 	/System/Library/Frameworks/LocalAuthentication.framework/Versions/A/LocalAuthentication
0x00007ffc22cab000 	/System/Library/PrivateFrameworks/LocalAuthenticationCore.framework/Versions/A/LocalAuthenticationCore
0x00007ffc22e48000 	/System/Library/PrivateFrameworks/LocalAuthenticationCredentialServices.framework/Versions/A/LocalAuthenticationCredentialServices
0x00007ff82814a000 	/System/Library/Frameworks/LocalAuthentication.framework/Support/SharedUtils.framework/Versions/A/SharedUtils
0x00007ffb24cd2000 	/System/Library/PrivateFrameworks/AsyncAlgorithmsInternal.framework/Versions/A/AsyncAlgorithmsInternal
0x00007ff928069000 	/System/Library/PrivateFrameworks/FTAWD.framework/Versions/A/FTAWD
0x00007ff82ab5b000 	/System/Library/PrivateFrameworks/IntentsFoundation.framework/Versions/A/IntentsFoundation
0x00007ff8177cb000 	/System/Library/PrivateFrameworks/ApplePushService.framework/Versions/A/ApplePushService
0x00007ff817832000 	/System/Library/Frameworks/CloudKit.framework/Versions/A/CloudKit
0x00007ffa10813000 	/System/Library/PrivateFrameworks/DeviceIdentity.framework/Versions/A/DeviceIdentity
0x00007ffb1cfaf000 	/System/Library/Frameworks/SharedWithYouCore.framework/Versions/A/SharedWithYouCore
0x00007ffb27f43000 	/System/Library/PrivateFrameworks/CloudTelemetry.framework/Versions/A/CloudTelemetry
0x00007ff82a667000 	/System/Library/PrivateFrameworks/AppleAccount.framework/Versions/A/AppleAccount
0x00007ff82ab74000 	/System/Library/PrivateFrameworks/C2.framework/Versions/A/C2
0x00007ffb27be0000 	/System/Library/PrivateFrameworks/CloudCoreInternal.framework/Versions/A/CloudCoreInternal
0x00007ffb279a3000 	/System/Library/PrivateFrameworks/CloudAsset.framework/Versions/A/CloudAsset
0x00007ff82ab6b000 	/System/Library/Frameworks/PushKit.framework/Versions/A/PushKit
0x00007ffb27f63000 	/System/Library/PrivateFrameworks/CloudTelemetryTools.framework/Versions/A/CloudTelemetryTools
0x00007ffb27f56000 	/System/Library/PrivateFrameworks/CloudTelemetryShared.dylib
0x00007ff90a59d000 	/System/Library/PrivateFrameworks/RTCReporting.framework/Versions/A/RTCReporting
0x00007ffb1f7e0000 	/System/Library/PrivateFrameworks/AAAFoundationSwift.framework/Versions/A/AAAFoundationSwift
0x00007ff82a84f000 	/System/Library/PrivateFrameworks/AppleIDSSOAuthentication.framework/Versions/A/AppleIDSSOAuthentication
0x00007ff81748d000 	/System/Library/PrivateFrameworks/ViewBridge.framework/Versions/A/ViewBridge
0x00007ffb1f00c000 	/System/Library/Frameworks/_AppIntents_AppKit.framework/Versions/A/_AppIntents_AppKit
0x000000013b61a000 	/usr/lib/libobjc-trampolines.dylib
0x00007ff9232f3000 	/System/Library/CoreServices/RawCamera.bundle/Contents/MacOS/RawCamera
0x00007ff91ffc3000 	/System/Library/Frameworks/Accelerate.framework/Versions/A/Frameworks/vImage.framework/Versions/A/Libraries/libCGInterfaces.dylib
0x00007ffe0fdf3000 	/usr/lib/libAccessibilityBaseImplementations.dylib
0x00007ffe09e86000 	/System/Library/PrivateFrameworks/WritingToolsUI.framework/Versions/A/WritingToolsUI
0x00007ffc1ac72000 	/System/Library/PrivateFrameworks/GenerativeAssistantSettings.framework/Versions/A/GenerativeAssistantSettings
0x00007ffd1facc000 	/System/Library/PrivateFrameworks/TextComposer.framework/Versions/A/TextComposer
0x00007ffc1ac4b000 	/System/Library/PrivateFrameworks/GenerativeAssistantCommon.framework/Versions/A/GenerativeAssistantCommon
0x00007ff9210a1000 	/System/Library/Frameworks/SwiftUI.framework/Versions/A/SwiftUI
0x00007ffb21d7a000 	/System/Library/PrivateFrameworks/Anvil.framework/Versions/A/Anvil
0x00007ffc1b030000 	/System/Library/PrivateFrameworks/GenerativePartnerService.framework/Versions/A/GenerativePartnerService
0x00007ffc1b055000 	/System/Library/PrivateFrameworks/GenerativePartnerServiceUI.framework/Versions/A/GenerativePartnerServiceUI
0x00007ff918f5a000 	/System/Library/Frameworks/SafariServices.framework/Versions/A/SafariServices
0x00007ff9162df000 	/System/Library/Frameworks/WebKit.framework/Versions/A/WebKit
0x00007ffb1f03d000 	/System/Library/Frameworks/_AuthenticationServices_SwiftUI.framework/Versions/A/_AuthenticationServices_SwiftUI
0x00007ff920630000 	/System/Library/PrivateFrameworks/AppStoreDaemon.framework/Versions/A/AppStoreDaemon
0x00007ff90ac7b000 	/System/Library/PrivateFrameworks/AppleMediaServices.framework/Versions/A/AppleMediaServices
0x00007ff91c6f5000 	/System/Library/PrivateFrameworks/AppleMediaServicesUI.framework/Versions/A/AppleMediaServicesUI
0x00007ffb0f756000 	/System/Library/PrivateFrameworks/JetEngine.framework/Versions/A/JetEngine
0x00007ff919cf3000 	/System/Library/PrivateFrameworks/OnBoardingKit.framework/Versions/A/OnBoardingKit
0x00007ffd15a73000 	/System/Library/PrivateFrameworks/Settings.framework/Versions/A/Settings
0x00007ffb1809e000 	/System/Library/Frameworks/ExtensionKit.framework/Versions/A/ExtensionKit
0x00007ffb180dc000 	/System/Library/Frameworks/FSKit.framework/Versions/A/FSKit
0x00007ffd1f9ba000 	/System/Library/PrivateFrameworks/TextAnimationSupport.framework/Versions/A/TextAnimationSupport
0x00007ffd13011000 	/System/Library/PrivateFrameworks/RecapPerformanceTesting.framework/Versions/A/RecapPerformanceTesting
0x00007ff919ce4000 	/System/Library/PrivateFrameworks/SignpostCollection.framework/Versions/A/SignpostCollection
0x00007ff90a5c7000 	/System/Library/Frameworks/WebKit.framework/Versions/A/Frameworks/WebKitLegacy.framework/Versions/A/WebKitLegacy
0x00007ff82a890000 	/System/Library/PrivateFrameworks/CorePrediction.framework/Versions/A/CorePrediction
0x00007ff8182c8000 	/System/Library/Frameworks/WebKit.framework/Versions/A/Frameworks/WebCore.framework/Versions/A/Frameworks/libwebrtc.dylib
0x00007ff821572000 	/System/Library/Frameworks/SecurityInterface.framework/Versions/A/SecurityInterface
0x00007ff919cf2000 	/System/Library/PrivateFrameworks/WebInspectorUI.framework/Versions/A/WebInspectorUI
0x00007ff90d1f6000 	/System/Library/Frameworks/JavaScriptCore.framework/Versions/A/JavaScriptCore
0x00007ff911f20000 	/System/Library/Frameworks/WebKit.framework/Versions/A/Frameworks/WebCore.framework/Versions/A/WebCore
0x00007ffb17332000 	/System/Library/Frameworks/BrowserEngineCore.framework/Versions/A/BrowserEngineCore
0x00007ffb1ebfd000 	/System/Library/Frameworks/WebKit.framework/Versions/A/Frameworks/WebCore.framework/Versions/A/Frameworks/libANGLE-shared.dylib
0x00007ffd2891a000 	/System/Library/PrivateFrameworks/WebGPU.framework/Versions/A/WebGPU
0x00007ff91bd04000 	/System/Library/Frameworks/SceneKit.framework/Versions/A/SceneKit
0x00007ffa0dee1000 	/System/Library/Frameworks/ModelIO.framework/Versions/A/ModelIO
0x00007ff82355d000 	/System/Library/Frameworks/MetalKit.framework/Versions/A/MetalKit
0x00007ff825ae4000 	/System/Library/Frameworks/GLKit.framework/Versions/A/GLKit
0x00007ffe12163000 	/usr/lib/usd/libusd_ms.dylib
0x00007ffd23f4a000 	/System/Library/PrivateFrameworks/USDLib_FormatLoaderProxy.framework/Versions/A/USDLib_FormatLoaderProxy
0x00007ffe11e27000 	/usr/lib/swift/libswift_errno.dylib
0x00007ff918d90000 	/System/Library/PrivateFrameworks/CoreOptimization.framework/Versions/A/CoreOptimization
0x00007ffb250be000 	/System/Library/PrivateFrameworks/AuthenticationServicesCore.framework/Versions/A/AuthenticationServicesCore
0x00007ff9237d9000 	/System/Library/Frameworks/AuthenticationServices.framework/Versions/A/AuthenticationServices
0x00007ff81e9f9000 	/System/Library/PrivateFrameworks/SharedWebCredentials.framework/Versions/A/SharedWebCredentials
0x00007ff91ac93000 	/System/Library/PrivateFrameworks/SafariCore.framework/Versions/A/SafariCore
0x00007ff9232a2000 	/System/Library/PrivateFrameworks/SafariFoundation.framework/Versions/A/SafariFoundation
0x00007ffb264ea000 	/System/Library/PrivateFrameworks/CBORLibrary.framework/Versions/A/CBORLibrary
0x00007ffb27387000 	/System/Library/PrivateFrameworks/Chirp.framework/Versions/A/Chirp
0x00007ffb27e2c000 	/System/Library/PrivateFrameworks/CloudSubscriptionFeatures.framework/Versions/A/CloudSubscriptionFeatures
0x00007ffb10ab3000 	/System/Library/PrivateFrameworks/RemoteManagement.framework/Versions/A/RemoteManagement
0x00007ffd13389000 	/System/Library/PrivateFrameworks/RemoteManagementModel.framework/Versions/A/RemoteManagementModel
0x00007ffd13419000 	/System/Library/PrivateFrameworks/RemoteManagementStore.framework/Versions/A/RemoteManagementStore
0x00007ff82357b000 	/usr/lib/libxcselect.dylib
0x00007ff92320b000 	/System/Library/PrivateFrameworks/DifferentialPrivacy.framework/Versions/A/DifferentialPrivacy
0x00007ffc26f1b000 	/System/Library/PrivateFrameworks/ManagedSettingsObjC.framework/Versions/A/ManagedSettingsObjC
0x00007ff82bd07000 	/System/Library/PrivateFrameworks/ConfigurationProfiles.framework/Versions/A/ConfigurationProfiles
0x00007ffc22ec8000 	/System/Library/PrivateFrameworks/LockdownMode.framework/Versions/A/LockdownMode
0x00007ffd24b11000 	/System/Library/PrivateFrameworks/VDAF.framework/Versions/A/VDAF
0x00007ff825ec6000 	/System/Library/PrivateFrameworks/SystemAdministration.framework/Versions/A/SystemAdministration
0x00007ff90f6e6000 	/System/Library/PrivateFrameworks/PowerlogControl.framework/Versions/A/PowerlogControl
0x00007ff90f6e8000 	/usr/lib/libUniversalAccess.dylib
0x00007ff90b601000 	/System/Library/PrivateFrameworks/FamilyControls.framework/Versions/A/FamilyControls
0x00007ff8257a8000 	/System/Library/Frameworks/DirectoryService.framework/Versions/A/DirectoryService
0x00007ff82a28a000 	/System/Library/PrivateFrameworks/LoginUIKit.framework/Versions/A/Frameworks/LoginUICore.framework/Versions/A/LoginUICore
0x00007ff81f0b0000 	/usr/lib/libodfde.dylib
0x00007ff90b5fc000 	/System/Library/PrivateFrameworks/UniversalAccess.framework/Versions/A/Libraries/libUAPreferences.dylib
0x00007ff90b624000 	/System/Library/PrivateFrameworks/CommerceKit.framework/Versions/A/Frameworks/CommerceCore.framework/Versions/A/CommerceCore
0x00007ff8215aa000 	/System/Library/PrivateFrameworks/CoreFollowUp.framework/Versions/A/CoreFollowUp
0x00007ffc0fbb0000 	/System/Library/PrivateFrameworks/DMCUtilities.framework/Versions/A/DMCUtilities
0x00007ffc22f4b000 	/System/Library/PrivateFrameworks/MDMClientLibrary.framework/Versions/A/MDMClientLibrary
0x00007ffd1340e000 	/System/Library/PrivateFrameworks/RemoteManagementProtocol.framework/Versions/A/RemoteManagementProtocol
0x00007ffc0fb1f000 	/System/Library/PrivateFrameworks/DEPClientLibrary.framework/Versions/A/DEPClientLibrary
0x00007ffc0fb47000 	/System/Library/PrivateFrameworks/DMCEnrollmentLibrary.framework/Versions/A/DMCEnrollmentLibrary
0x00007ff90f7cb000 	/System/Library/PrivateFrameworks/SetupAssistantFramework.framework/Versions/A/SetupAssistantFramework
0x00007ff82a8e5000 	/System/Library/PrivateFrameworks/AuthKitUI.framework/Versions/A/AuthKitUI
0x00007ff82a2cf000 	/System/Library/PrivateFrameworks/AppSSO.framework/Versions/A/AppSSO
0x00007ff920396000 	/System/Library/PrivateFrameworks/LocalAuthenticationUI.framework/Versions/A/LocalAuthenticationUI
0x00007ffd10cff000 	/System/Library/PrivateFrameworks/PlatformSSO.framework/Versions/A/PlatformSSO
0x00007ffd10e03000 	/System/Library/PrivateFrameworks/PlatformSSOCore.framework/Versions/A/PlatformSSOCore
0x00007ffb19170000 	/System/Library/Frameworks/LocalAuthenticationEmbeddedUI.framework/Versions/A/LocalAuthenticationEmbeddedUI
0x00007ff920e76000 	/System/Library/PrivateFrameworks/AOSUI.framework/Versions/A/AOSUI
0x00007ff911595000 	/System/Library/Frameworks/ContactsUI.framework/Versions/A/ContactsUI
0x00007ff826ac0000 	/System/Library/PrivateFrameworks/FamilyCircle.framework/Versions/A/FamilyCircle
0x00007ffa0f802000 	/System/Library/Frameworks/LinkPresentation.framework/Versions/A/LinkPresentation
0x00007ff911157000 	/System/Library/PrivateFrameworks/IASUtilities.framework/Versions/A/IASUtilities
0x00007ffc1e248000 	/System/Library/PrivateFrameworks/IASUtilitiesCore.framework/Versions/A/IASUtilitiesCore
0x00007ffd13481000 	/System/Library/PrivateFrameworks/RemoteUI.framework/Versions/A/RemoteUI
0x00007ffc2237d000 	/System/Library/PrivateFrameworks/LiftUI.framework/Versions/A/LiftUI
0x00007ffe0a856000 	/System/Library/PrivateFrameworks/_IconServices_SwiftUI.framework/Versions/A/_IconServices_SwiftUI
0x00007ffb27d72000 	/System/Library/PrivateFrameworks/CloudSettings.framework/Versions/A/CloudSettings
0x00007ff90a382000 	/System/Library/Frameworks/EventKit.framework/Versions/A/EventKit
0x00007ff919f03000 	/System/Library/PrivateFrameworks/SearchFoundation.framework/Versions/A/SearchFoundation
0x00007ffa11965000 	/System/Library/PrivateFrameworks/Email.framework/Versions/A/Email
0x00007ff9189ab000 	/System/Library/PrivateFrameworks/CoreRoutine.framework/Versions/A/CoreRoutine
0x00007ffb1045c000 	/System/Library/PrivateFrameworks/VoiceShortcutClient.framework/Versions/A/VoiceShortcutClient
0x00007ff928c1e000 	/System/Library/PrivateFrameworks/Categories.framework/Versions/A/Categories
0x00007ff920d2f000 	/System/Library/PrivateFrameworks/ChronoServices.framework/Versions/A/ChronoServices
0x00007ffb26e5a000 	/System/Library/PrivateFrameworks/CalendarDatabase.framework/Versions/A/CalendarDatabase
0x00007ffb26d9b000 	/System/Library/PrivateFrameworks/CalendarDaemon.framework/Versions/A/CalendarDaemon
0x00007ff82bc6a000 	/System/Library/PrivateFrameworks/CalendarFoundation.framework/Versions/A/CalendarFoundation
0x00007ff82bc24000 	/System/Library/PrivateFrameworks/iCalendar.framework/Versions/A/iCalendar
0x00007ffc0fda5000 	/System/Library/PrivateFrameworks/DataAccessExpress.framework/Versions/A/DataAccessExpress
0x00007ff9116e9000 	/System/Library/PrivateFrameworks/ContactsAutocomplete.framework/Versions/A/ContactsAutocomplete
0x00007ff920c78000 	/System/Library/PrivateFrameworks/FTClientServices.framework/Versions/A/FTClientServices
0x00007ffd1e2f5000 	/System/Library/PrivateFrameworks/StorageContainersPrivate.framework/Versions/A/StorageContainersPrivate
0x00007ffe11aaf000 	/usr/lib/swift/libswiftCoreMediaIO.dylib
0x00007ff910fd2000 	/System/Library/PrivateFrameworks/CoreDAV.framework/Versions/A/CoreDAV
0x00007ff90a24f000 	/System/Library/PrivateFrameworks/CalDAV.framework/Versions/A/CalDAV
0x00007ff915f48000 	/System/Library/PrivateFrameworks/TelephonyUtilities.framework/Versions/A/TelephonyUtilities
0x00007ffb19135000 	/System/Library/Frameworks/LiveCommunicationKit.framework/Versions/A/LiveCommunicationKit
0x00007ffb28590000 	/System/Library/PrivateFrameworks/CommunicationTrust.framework/Versions/A/CommunicationTrust
0x00007ff91aaab000 	/System/Library/Frameworks/CallKit.framework/Versions/A/CallKit
0x00007ff826ab9000 	/System/Library/PrivateFrameworks/CommunicationsFilter.framework/Versions/A/CommunicationsFilter
0x00007ffa25d89000 	/System/Library/PrivateFrameworks/IMTransferServices.framework/Versions/A/IMTransferServices
0x00007ff918daa000 	/System/Library/PrivateFrameworks/IncomingCallFilter.framework/Versions/A/IncomingCallFilter
0x00007ffd0c1da000 	/System/Library/PrivateFrameworks/NeighborhoodActivityConduit.framework/Versions/A/NeighborhoodActivityConduit
0x00007ff91d0ab000 	/System/Library/PrivateFrameworks/CallHistory.framework/Versions/A/CallHistory
0x00007ffe0ff8d000 	/usr/lib/libBASupport.dylib
0x00007ffb2722a000 	/System/Library/PrivateFrameworks/CallsUtilities.framework/Versions/A/CallsUtilities
0x00007ffb27234000 	/System/Library/PrivateFrameworks/CallsXPC.framework/Versions/A/CallsXPC
0x00007ffb10bf1000 	/usr/lib/swift/libswiftCallKit.dylib
0x00007ffb2721e000 	/System/Library/PrivateFrameworks/CallsPersistence.framework/Versions/A/CallsPersistence
0x00007ffb1ce28000 	/System/Library/Frameworks/SensitiveContentAnalysis.framework/Versions/A/SensitiveContentAnalysis
0x00007ff91e259000 	/System/Library/PrivateFrameworks/PeopleSuggester.framework/Versions/A/PeopleSuggester
0x00007ff9279b7000 	/System/Library/PrivateFrameworks/SpotlightReceiver.framework/Versions/A/SpotlightReceiver
0x00007ffe0a81e000 	/System/Library/PrivateFrameworks/_AppIntentsServices_AppIntents.framework/Versions/A/_AppIntentsServices_AppIntents
0x00007ffb22144000 	/System/Library/PrivateFrameworks/AppIntentsServices.framework/Versions/A/AppIntentsServices
0x00007ff82bc0e000 	/System/Library/PrivateFrameworks/CoreRecents.framework/Versions/A/CoreRecents
0x00007ffb1f0a9000 	/System/Library/Frameworks/_GeoToolbox_AppIntents.framework/Versions/A/_GeoToolbox_AppIntents
0x00007ffa1b710000 	/System/Library/PrivateFrameworks/DiagnosticRequest.framework/Versions/A/DiagnosticRequest
0x00007ffd130bd000 	/System/Library/PrivateFrameworks/RegulatoryDomain.framework/Versions/A/RegulatoryDomain
0x00007ff825bbf000 	/usr/lib/libCTGreenTeaLogger.dylib
0x00007ffc22ea1000 	/System/Library/PrivateFrameworks/LocalStatusKit.framework/Versions/A/LocalStatusKit
0x00007ff915e23000 	/System/Library/PrivateFrameworks/CoreParsec.framework/Versions/A/CoreParsec
0x00007ffa11959000 	/System/Library/PrivateFrameworks/EmailAddressing.framework/Versions/A/EmailAddressing
0x00007ffa0d697000 	/System/Library/PrivateFrameworks/EmailCore.framework/Versions/A/EmailCore
0x00007ffa0e827000 	/System/Library/PrivateFrameworks/EmailFoundation.framework/Versions/A/EmailFoundation
0x00007ffd0e8bc000 	/System/Library/PrivateFrameworks/PegasusAPI.framework/Versions/A/PegasusAPI
0x00007ffd0f4cf000 	/System/Library/PrivateFrameworks/PegasusConfiguration.framework/Versions/A/PegasusConfiguration
0x00007ffd2251f000 	/System/Library/PrivateFrameworks/ToolKit.framework/Versions/A/ToolKit
0x00007ffd137b4000 	/System/Library/PrivateFrameworks/ReplicatorEngine.framework/Versions/A/ReplicatorEngine
0x00007ffd1392c000 	/System/Library/PrivateFrameworks/ReplicatorServices.framework/Versions/A/ReplicatorServices
0x00007ffd1f373000 	/System/Library/PrivateFrameworks/SystemWake.framework/Versions/A/SystemWake
0x00007ff91ac7a000 	/System/Library/PrivateFrameworks/ContextKit.framework/Versions/A/ContextKit
0x00007ffb28ab8000 	/System/Library/PrivateFrameworks/ContextKitCore.framework/Versions/A/ContextKitCore
0x00007ff91903f000 	/System/Library/Frameworks/LocalAuthentication.framework/Support/DaemonUtils.framework/Versions/A/DaemonUtils
0x00007ffc22e0c000 	/System/Library/PrivateFrameworks/LocalAuthenticationCoreUI.framework/Versions/A/LocalAuthenticationCoreUI
0x00007ff91c6c0000 	/System/Library/PrivateFrameworks/BridgeXPC.framework/Versions/A/BridgeXPC
0x00007ff919dc8000 	/System/Library/PrivateFrameworks/CoreKDL.framework/Versions/A/CoreKDL
0x00007ff918361000 	/System/Library/PrivateFrameworks/EmbeddedOSSupportHost.framework/Versions/A/EmbeddedOSSupportHost
0x00007ff90c124000 	/System/Library/PrivateFrameworks/LoginUIKit.framework/Versions/A/LoginUIKit
0x00007ff929082000 	/System/Library/PrivateFrameworks/StorageKit.framework/Versions/A/StorageKit
0x00007ffb12587000 	/System/Library/Frameworks/DeviceCheck.framework/Versions/A/DeviceCheck
0x00007ffc10630000 	/System/Library/PrivateFrameworks/DiskImages2.framework/Versions/A/DiskImages2
0x00007ff9290fa000 	/System/Library/PrivateFrameworks/CoreWLANKit.framework/Versions/A/CoreWLANKit
0x00007ffd27def000 	/System/Library/PrivateFrameworks/Wallpaper.framework/Versions/A/Wallpaper
0x00007ffe11ac6000 	/usr/lib/swift/libswiftGLKit.dylib
0x00007ffe11ad1000 	/usr/lib/swift/libswiftMetalKit.dylib
0x00007ffe11ad3000 	/usr/lib/swift/libswiftModelIO.dylib
0x00007ffe11b8f000 	/usr/lib/swift/libswiftSceneKit.dylib
0x00007ffa1281f000 	/System/Library/PrivateFrameworks/DynamicDesktop.framework/Versions/A/DynamicDesktop
0x00007ffd27f40000 	/System/Library/PrivateFrameworks/WallpaperFoundation.framework/Versions/A/WallpaperFoundation
0x00007ffd27f8e000 	/System/Library/PrivateFrameworks/WallpaperTypes.framework/Versions/A/WallpaperTypes
0x00007ffa279f2000 	/System/Library/PrivateFrameworks/SystemDesktopAppearance.framework/Versions/A/SystemDesktopAppearance
0x00007ffe0d824000 	/System/Library/PrivateFrameworks/icloudMCCKit.framework/Versions/A/icloudMCCKit
0x00007ffb23401000 	/System/Library/PrivateFrameworks/AppleAccountUI.framework/Versions/A/AppleAccountUI
0x00007ffa1bc88000 	/System/Library/PrivateFrameworks/PreferencePanesSupport.framework/Versions/A/PreferencePanesSupport
0x00007ff92101d000 	/System/Library/PrivateFrameworks/FindMyDeviceUI.framework/Versions/A/FindMyDeviceUI
0x00007ffe0b441000 	/System/Library/PrivateFrameworks/iCloudQuotaUI.framework/Versions/A/iCloudQuotaUI
0x00007ffa1be47000 	/System/Library/PrivateFrameworks/CoreCDPUI.framework/Versions/A/CoreCDPUI
0x00007ff91a9ea000 	/System/Library/PrivateFrameworks/CoreFollowUpUI.framework/Versions/A/CoreFollowUpUI
0x00007ff927c4d000 	/System/Library/PrivateFrameworks/IMCore.framework/Versions/A/IMCore
0x00007ff90f74d000 	/System/Library/PrivateFrameworks/CoreCDP.framework/Versions/A/CoreCDP
0x00007ff90ac67000 	/System/Library/PrivateFrameworks/AskPermission.framework/Versions/A/AskPermission
0x00007ff91e994000 	/System/Library/Frameworks/Quartz.framework/Versions/A/Quartz
0x00007ffa0be24000 	/System/Library/PrivateFrameworks/CloudPhotoServicesConfiguration.framework/Versions/A/CloudPhotoServicesConfiguration
0x00007ff91cec8000 	/System/Library/PrivateFrameworks/CommerceKit.framework/Versions/A/CommerceKit
0x00007ffa0d75e000 	/System/Library/PrivateFrameworks/FindMyMac.framework/Versions/A/FindMyMac
0x00007ffa0d63d000 	/System/Library/Frameworks/PreferencePanes.framework/Versions/A/PreferencePanes
0x00007ff920487000 	/System/Library/Frameworks/AddressBook.framework/Versions/A/AddressBook
0x00007ff82c03b000 	/System/Library/PrivateFrameworks/AOSAccounts.framework/Versions/A/AOSAccounts
0x00007ff825ec1000 	/System/Library/PrivateFrameworks/AppleSRP.framework/Versions/A/AppleSRP
0x00007ff82aaa8000 	/System/Library/PrivateFrameworks/NetFSServer.framework/Versions/A/NetFSServer
0x00007ff91bbce000 	/System/Library/Frameworks/PDFKit.framework/Versions/A/PDFKit
0x00007ffe11ae7000 	/usr/lib/swift/libswiftPassKit.dylib
0x00007ffa201db000 	/System/Library/Frameworks/PassKit.framework/Versions/A/PassKit
0x00007ff90c22b000 	/System/Library/PrivateFrameworks/PassKitCore.framework/Versions/A/PassKitCore
0x00007ffd0e2e8000 	/System/Library/PrivateFrameworks/PassKitMacHelperTemp.framework/Versions/A/PassKitMacHelperTemp
0x00007ffe0fec5000 	/usr/lib/libAppleSSE.dylib
0x00007ff919073000 	/System/Library/PrivateFrameworks/BiometricKit.framework/Versions/A/BiometricKit
0x00007ffd13f48000 	/System/Library/PrivateFrameworks/SEService.framework/Versions/A/SEService
0x00007ffb18199000 	/System/Library/Frameworks/FinanceKit.framework/Versions/A/FinanceKit
0x00007ff91ea3e000 	/System/Library/PrivateFrameworks/NearField.framework/Versions/A/NearField
0x00007ffd13ed3000 	/System/Library/PrivateFrameworks/SESShared.framework/Versions/A/SESShared
0x00007ffd14144000 	/System/Library/PrivateFrameworks/STSXPCHelperClient.framework/Versions/A/STSXPCHelperClient
0x00007ff92087e000 	/usr/lib/libnfshared.dylib
0x00007ffd1f11f000 	/System/Library/PrivateFrameworks/Symptoms.framework/Versions/A/Frameworks/SymptomPresentationFeed.framework/Versions/A/SymptomPresentationFeed
0x00007ffb23faf000 	/System/Library/PrivateFrameworks/AppleMediaServicesKitInternal.framework/Versions/A/AppleMediaServicesKitInternal
0x00007ffd1ee52000 	/System/Library/PrivateFrameworks/SymptomShared.framework/Versions/A/SymptomShared
0x00007ffa230b7000 	/System/Library/PrivateFrameworks/PassKitUIFoundation.framework/Versions/A/PassKitUIFoundation
0x00007ff8257e0000 	/System/Library/Frameworks/MapKit.framework/Versions/A/MapKit
0x00007ffc1b0e1000 	/System/Library/PrivateFrameworks/GeoAnalytics.framework/Versions/A/GeoAnalytics
0x00007ff9208ac000 	/System/Library/PrivateFrameworks/Navigation.framework/Versions/A/Navigation
0x00007ffa0ad09000 	/System/Library/PrivateFrameworks/VectorKit.framework/Versions/A/VectorKit
0x00007ff911210000 	/System/Library/PrivateFrameworks/VirtualGarage.framework/Versions/A/VirtualGarage
0x00007ff920ab6000 	/System/Library/Frameworks/ExternalAccessory.framework/ExternalAccessory
0x00007ff920ad0000 	/System/Library/PrivateFrameworks/IAP.framework/Versions/A/IAP
0x00007ff825aae000 	/System/Library/PrivateFrameworks/IOPlatformPluginFamily.framework/Versions/A/IOPlatformPluginFamily
0x00007ffb251fd000 	/System/Library/PrivateFrameworks/AvatarKit.framework/Versions/A/AvatarKit
0x00007ffb252c8000 	/System/Library/PrivateFrameworks/AvatarPersistence.framework/Versions/A/AvatarPersistence
0x00007ffb1e64f000 	/System/Library/Frameworks/TipKit.framework/Versions/A/TipKit
0x00007ff90bd22000 	/System/Library/PrivateFrameworks/IMSharedUtilities.framework/Versions/A/IMSharedUtilities
0x00007ffe11a93000 	/usr/lib/swift/libswiftAppleArchive.dylib
0x00007ffd24c05000 	/System/Library/PrivateFrameworks/VFX.framework/Versions/A/VFX
0x00007ffa1de4c000 	/System/Library/PrivateFrameworks/AppleCVA.framework/Versions/A/AppleCVA
0x00007ffb252c7000 	/System/Library/PrivateFrameworks/AvatarKitContent.framework/Versions/A/AvatarKitContent
0x00007ffb19eba000 	/System/Library/Frameworks/MetalFX.framework/Versions/A/MetalFX
0x00007ffb2867e000 	/System/Library/PrivateFrameworks/CompositorNonUI.framework/Versions/A/CompositorNonUI
0x00007ffb16627000 	/System/Library/Frameworks/ARKit.framework/Versions/A/ARKit
0x00007ffb20986000 	/System/Library/PrivateFrameworks/ARKitCore.framework/Versions/A/ARKitCore
0x00007ffe0ffba000 	/usr/lib/libDisplayWarpSupport.dylib
0x00007ffc0b5c7000 	/System/Library/PrivateFrameworks/CoreComposite.framework/Versions/A/CoreComposite
0x00007ffe1091c000 	/usr/lib/libchannel.dylib
0x00007ffe116fc000 	/usr/lib/librealtime_safety.dylib
0x00007ffb20a12000 	/System/Library/PrivateFrameworks/ARKitFoundation.framework/Versions/A/ARKitFoundation
0x00007ffb2348e000 	/System/Library/PrivateFrameworks/AppleDepth.framework/Versions/A/AppleDepth
0x00007ffb23653000 	/System/Library/PrivateFrameworks/AppleDepthCore.framework/Versions/A/AppleDepthCore
0x00007ff825bec000 	/System/Library/PrivateFrameworks/CoreAppleCVA.framework/Versions/A/CoreAppleCVA
0x00007ff911357000 	/System/Library/PrivateFrameworks/ContactsUICore.framework/Versions/A/ContactsUICore
0x00007ff918ec0000 	/System/Library/PrivateFrameworks/ContactsDonation.framework/Versions/A/ContactsDonation
0x00007ff918777000 	/System/Library/PrivateFrameworks/DataDetectors.framework/Versions/A/DataDetectors
0x00007ff90a23d000 	/System/Library/Frameworks/MediaLibrary.framework/Versions/A/MediaLibrary
0x00007ff826aa9000 	/System/Library/PrivateFrameworks/PersonaKit.framework/Versions/A/PersonaKit
0x00007ff911346000 	/System/Library/PrivateFrameworks/PersonaUI.framework/Versions/A/PersonaUI
0x00007ffa0d030000 	/System/Library/PrivateFrameworks/Transparency.framework/Versions/A/Transparency
0x00007ffc11ef1000 	/System/Library/PrivateFrameworks/FindMyLocate.framework/Versions/A/FindMyLocate
0x00007ff91a969000 	/System/Library/PrivateFrameworks/IntlPreferences.framework/Versions/A/IntlPreferences
0x00007ffc0f4a9000 	/System/Library/PrivateFrameworks/CoreTransparency.framework/Versions/A/CoreTransparency
0x00007ffc11de9000 	/System/Library/PrivateFrameworks/FindMyCommon.framework/Versions/A/FindMyCommon
0x00007ffc11c18000 	/System/Library/PrivateFrameworks/FindMyBase.framework/Versions/A/FindMyBase
0x00007ffb1bb71000 	/System/Library/Frameworks/NearbyInteraction.framework/Versions/A/NearbyInteraction
0x00007ff8266ba000 	/System/Library/PrivateFrameworks/AddressBookCore.framework/Versions/A/AddressBookCore
0x00007ff92060f000 	/System/Library/PrivateFrameworks/ToneKit.framework/Versions/A/ToneKit
0x00007ff91a9af000 	/System/Library/PrivateFrameworks/ToneLibrary.framework/Versions/A/ToneLibrary
0x00007ffb28941000 	/System/Library/PrivateFrameworks/ContactsAccounts.framework/Versions/A/ContactsAccounts
0x00007ff91e8b0000 	/System/Library/PrivateFrameworks/Lookup.framework/Versions/A/Lookup
0x00007ffb1c3cd000 	/System/Library/Frameworks/QuickLookUI.framework/Versions/A/QuickLookUI
0x00007ffb1cda8000 	/System/Library/Frameworks/ScreenCaptureKit.framework/Versions/A/ScreenCaptureKit
0x00007ff91b702000 	/System/Library/Frameworks/Quartz.framework/Versions/A/Frameworks/QuartzComposer.framework/Versions/A/QuartzComposer
0x00007ff91a941000 	/System/Library/Frameworks/Quartz.framework/Versions/A/Frameworks/QuartzFilters.framework/Versions/A/QuartzFilters
0x00007ff9198ae000 	/System/Library/Frameworks/Quartz.framework/Versions/A/Frameworks/ImageKit.framework/Versions/A/ImageKit
0x00007ff917d61000 	/System/Library/PrivateFrameworks/CorePDF.framework/Versions/A/CorePDF
0x00007ff8234fa000 	/System/Library/Frameworks/QuickLook.framework/Versions/A/QuickLook
0x00007ff90c11f000 	/System/Library/PrivateFrameworks/DisplayServices.framework/Versions/A/DisplayServices
0x00007ff91a8be000 	/System/Library/Frameworks/ImageCaptureCore.framework/Versions/A/ImageCaptureCore
0x00007ffd26afa000 	/System/Library/PrivateFrameworks/VisionKitCore.framework/Versions/A/VisionKitCore
0x00007ff915df3000 	/System/Library/PrivateFrameworks/QuickLookSupport.framework/Versions/A/QuickLookSupport
0x00007ffc27860000 	/System/Library/PrivateFrameworks/MediaAnalysisServices.framework/Versions/A/MediaAnalysisServices
0x00007ff91d789000 	/System/Library/PrivateFrameworks/PhotoLibraryServices.framework/Versions/A/PhotoLibraryServices
0x00007ff91a4ac000 	/System/Library/Frameworks/Photos.framework/Versions/A/Photos
0x00007ffa0fc0a000 	/System/Library/PrivateFrameworks/PhotosFormats.framework/Versions/A/PhotosFormats
0x00007ffd25d15000 	/System/Library/PrivateFrameworks/VectorSearch.framework/Versions/A/VectorSearch
0x00007ffa0be4d000 	/System/Library/PrivateFrameworks/CloudPhotoLibrary.framework/Versions/A/CloudPhotoLibrary
0x00007ffa1560a000 	/System/Library/PrivateFrameworks/CloudPhotoServices.framework/Versions/A/CloudPhotoServices
0x00007ffa11ad2000 	/System/Library/PrivateFrameworks/CoreMediaStream.framework/Versions/A/CoreMediaStream
0x00007ff82750b000 	/System/Library/PrivateFrameworks/CPAnalytics.framework/Versions/A/CPAnalytics
0x00007ffa0de14000 	/System/Library/PrivateFrameworks/MediaConversionService.framework/Versions/A/MediaConversionService
0x00007ff90bd10000 	/System/Library/PrivateFrameworks/PhotoFoundation.framework/Versions/A/PhotoFoundation
0x00007ffd0fa94000 	/System/Library/PrivateFrameworks/PhotoLibraryServicesCore.framework/Versions/A/PhotoLibraryServicesCore
0x00007ff92739a000 	/System/Library/PrivateFrameworks/MMCS.framework/Versions/A/MMCS
0x00007ff90a07b000 	/System/Library/PrivateFrameworks/ChunkingLibrary.framework/Versions/A/ChunkingLibrary
0x00007ff825e90000 	/System/Library/PrivateFrameworks/AssetCacheServices.framework/Versions/A/AssetCacheServices
0x00007ff828157000 	/System/Library/PrivateFrameworks/AVFoundationCF.framework/Versions/A/AVFoundationCF
0x00007ffa25c7f000 	/usr/lib/swift/libswiftDemangle.dylib
0x00007ffc1e415000 	/System/Library/PrivateFrameworks/ImageCaptureDevices.framework/Versions/A/ImageCaptureDevices
0x00007ff918a41000 	/System/Library/PrivateFrameworks/MediaStream.framework/Versions/A/MediaStream
0x00007ffa0e357000 	/System/Library/PrivateFrameworks/NeutrinoCore.framework/Versions/A/NeutrinoCore
0x00007ff813efe000 	/System/Library/PrivateFrameworks/NLP.framework/Versions/A/NLP
0x00007ffa1433f000 	/System/Library/PrivateFrameworks/PhotoImaging.framework/Versions/A/PhotoImaging
0x00007ffa155ca000 	/System/Library/PrivateFrameworks/PhotosImagingFoundation.framework/Versions/A/PhotosImagingFoundation
0x00007ffd1064a000 	/System/Library/PrivateFrameworks/PhotosIntelligenceCore.framework/Versions/A/PhotosIntelligenceCore
0x00007ff828605000 	/System/Library/PrivateFrameworks/EmbeddedAcousticRecognition.framework/Versions/A/EmbeddedAcousticRecognition
0x00007ff92236c000 	/System/Library/PrivateFrameworks/EmojiFoundation.framework/Versions/A/EmojiFoundation
0x00007ffa0c0d7000 	/System/Library/PrivateFrameworks/SDAPI.framework/Versions/A/SDAPI
0x00007ffc21b62000 	/System/Library/PrivateFrameworks/IsolatedContextLogging.framework/Versions/A/IsolatedContextLogging
0x00007ffa15618000 	/System/Library/PrivateFrameworks/AutoLoop.framework/Versions/A/AutoLoop
0x00007ffd11181000 	/System/Library/PrivateFrameworks/Portrait.framework/Versions/A/Portrait
0x00007ffc12592000 	/System/Library/PrivateFrameworks/FusionTracker.framework/Versions/A/FusionTracker
0x00007ff91b173000 	/System/Library/PrivateFrameworks/iTunesCloud.framework/Versions/A/iTunesCloud
0x00007ff9244d6000 	/System/Library/PrivateFrameworks/DAAPKit.framework/Versions/A/DAAPKit
0x00007ff91618e000 	/System/Library/PrivateFrameworks/DeviceManagement.framework/Versions/A/DeviceManagement
0x00007ffa1b663000 	/System/Library/PrivateFrameworks/ScreenTimeUI.framework/Versions/A/ScreenTimeUI
0x00007ff918771000 	/System/Library/PrivateFrameworks/QuickLookNonBaseSystem.framework/Versions/A/QuickLookNonBaseSystem
0x00007ff918f99000 	/System/Library/PrivateFrameworks/Catalyst.framework/Versions/A/Catalyst
0x00007ff91ab4e000 	/System/Library/PrivateFrameworks/ScreenTimeCore.framework/Versions/A/ScreenTimeCore
0x00007ffa0f033000 	/System/Library/PrivateFrameworks/ScreenTimeServiceUI.framework/Versions/A/ScreenTimeServiceUI
0x00007ff927538000 	/System/Library/PrivateFrameworks/ConfigurationEngineModel.framework/Versions/A/ConfigurationEngineModel
0x00007ffa0acbd000 	/System/Library/PrivateFrameworks/UsageTracking.framework/Versions/A/UsageTracking
0x00007ffb17e3c000 	/System/Library/Frameworks/DeviceActivity.framework/Versions/A/DeviceActivity
0x00007ffa0ac8f000 	/System/Library/PrivateFrameworks/KnowledgeMonitor.framework/Versions/A/KnowledgeMonitor
0x00007ffa2305e000 	/System/Library/PrivateFrameworks/BluetoothManager.framework/Versions/A/BluetoothManager
0x00007ffb19243000 	/System/Library/Frameworks/ManagedSettings.framework/Versions/A/ManagedSettings
0x00007ffc26f5f000 	/System/Library/PrivateFrameworks/ManagedSettingsSupport.framework/Versions/A/ManagedSettingsSupport
0x00007ffa202d8000 	/System/Library/Frameworks/ReplayKit.framework/Versions/A/ReplayKit
0x00007ff90d18e000 	/System/Library/PrivateFrameworks/MarkupUI.framework/Versions/A/MarkupUI
0x00007ff91874a000 	/System/Library/PrivateFrameworks/SidecarCore.framework/Versions/A/SidecarCore
0x00007ff91b5a3000 	/System/Library/PrivateFrameworks/AnnotationKit.framework/Versions/A/AnnotationKit
0x00007ff919afb000 	/System/Library/Frameworks/PencilKit.framework/Versions/A/PencilKit
0x00007ff919cd1000 	/System/Library/PrivateFrameworks/SidecarUI.framework/Versions/A/SidecarUI
0x00007ff919387000 	/System/Library/PrivateFrameworks/CoreHandwriting.framework/Versions/A/CoreHandwriting
0x00007ff80d822000 	/usr/lib/libmecabra.dylib
0x00007ff9118f4000 	/System/Library/PrivateFrameworks/Calculate.framework/Versions/A/Calculate
0x00007ff81e5f6000 	/usr/lib/libChineseTokenizer.dylib
0x00007ffb109db000 	/System/Library/PrivateFrameworks/ScreenReaderCore.framework/Versions/A/ScreenReaderCore
0x00007ffd1e29c000 	/System/Library/PrivateFrameworks/StocksKit.framework/Versions/A/StocksKit
0x00007ff91092c000 	/System/Library/PrivateFrameworks/OAuth.framework/Versions/A/OAuth
0x00007ffd1dff2000 	/System/Library/PrivateFrameworks/StocksCore.framework/Versions/A/StocksCore
0x00007ffd1f654000 	/System/Library/PrivateFrameworks/TeaFoundation.framework/Versions/A/TeaFoundation
0x00007ffd1f7d6000 	/System/Library/PrivateFrameworks/TeaSettings.framework/Versions/A/TeaSettings
0x00007ffa27210000 	/System/Library/PrivateFrameworks/NewsCore.framework/Versions/A/NewsCore
0x00007ffd1f5ff000 	/System/Library/PrivateFrameworks/TeaDB.framework/Versions/A/TeaDB
0x00007ffa2421e000 	/System/Library/PrivateFrameworks/RemoteConfiguration.framework/Versions/A/RemoteConfiguration
0x00007ffa26d96000 	/System/Library/PrivateFrameworks/NewsTransport.framework/Versions/A/NewsTransport
0x00007ffa27201000 	/System/Library/PrivateFrameworks/NewsFoundation.framework/Versions/A/NewsFoundation
0x00007ffd0c7a8000 	/System/Library/PrivateFrameworks/NewsURLBucket.framework/Versions/A/NewsURLBucket
0x00007ff91d2a5000 	/System/Library/PrivateFrameworks/MobileInstallation.framework/Versions/A/MobileInstallation
0x00007ffb1e79b000 	/System/Library/Frameworks/Translation.framework/Versions/A/Translation
0x00007ffa16eff000 	/System/Library/PrivateFrameworks/RevealCore.framework/Versions/A/RevealCore
0x00007ffa16ef4000 	/System/Library/PrivateFrameworks/Reveal.framework/Versions/A/Reveal
0x00007ffa0ed05000 	/System/Library/Frameworks/Speech.framework/Versions/A/Speech
0x00007ffb1f8fc000 	/System/Library/PrivateFrameworks/AIMLExperimentationAnalytics.framework/Versions/A/AIMLExperimentationAnalytics
0x00007ffb21b46000 	/System/Library/PrivateFrameworks/AlgorithmsInternal.framework/Versions/A/AlgorithmsInternal
0x00007ffd22d1a000 	/System/Library/PrivateFrameworks/TranslationUIServices.framework/Versions/A/TranslationUIServices
0x00007ffd21cf6000 	/System/Library/PrivateFrameworks/TipKitCore.framework/Versions/A/TipKitCore
0x00007ff9223ed000 	/System/Library/PrivateFrameworks/CoreCDPInternal.framework/Versions/A/CoreCDPInternal
0x00007ffc1eaec000 	/System/Library/PrivateFrameworks/InputAnalytics.framework/Versions/A/InputAnalytics
0x00007ff928561000 	/System/Library/Frameworks/InstantMessage.framework/Versions/A/InstantMessage
0x00007ff920390000 	/System/Library/PrivateFrameworks/IDSKVStore.framework/Versions/A/IDSKVStore
0x00007ff92003f000 	/System/Library/PrivateFrameworks/IMDPersistence.framework/Versions/A/IMDPersistence
0x00007ffd24b08000 	/System/Library/PrivateFrameworks/UserSafety.framework/Versions/A/UserSafety
0x00007ffa221e6000 	/System/Library/PrivateFrameworks/BlastDoor.framework/Versions/A/BlastDoor
0x00007ffc22a5d000 	/System/Library/PrivateFrameworks/LinkPresentationStyleSheetParsing.framework/Versions/A/LinkPresentationStyleSheetParsing
0x00007ffd11344000 	/System/Library/PrivateFrameworks/PosterFoundation.framework/Versions/A/PosterFoundation
0x00007ffd113d0000 	/System/Library/PrivateFrameworks/PosterModel.framework/Versions/A/PosterModel
0x00007ffd113ae000 	/System/Library/PrivateFrameworks/PosterFuturesKit.framework/Versions/A/PosterFuturesKit
0x00007ffc11a3c000 	/System/Library/PrivateFrameworks/FeedbackService.framework/Versions/A/FeedbackService
0x00007ff918e19000 	/System/Library/PrivateFrameworks/CoreSDB.framework/Versions/A/CoreSDB
0x00007ffb24ace000 	/System/Library/PrivateFrameworks/AskToCore.framework/Versions/A/AskToCore
0x00007ffa1be44000 	/System/Library/PrivateFrameworks/MachineSettings.framework/Versions/A/MachineSettings
0x00007ffa0d5b7000 	/System/Library/PrivateFrameworks/BezelServices.framework/Versions/A/BezelServices
0x00007ff924566000 	/System/Library/PrivateFrameworks/SPOwner.framework/Versions/A/SPOwner
0x00007ff91cf2a000 	/System/Library/PrivateFrameworks/FMCore.framework/Versions/A/FMCore
0x00007ffe0b39e000 	/System/Library/PrivateFrameworks/iCloudQuota.framework/Versions/A/iCloudQuota
0x00007ff9112ae000 	/System/Library/PrivateFrameworks/CoreRecognition.framework/Versions/A/CoreRecognition
0x00007ffa0d673000 	/System/Library/PrivateFrameworks/InAppMessages.framework/Versions/A/InAppMessages
0x00007ffb0f677000 	/System/Library/PrivateFrameworks/JetUI.framework/Versions/A/JetUI
0x00007ffc21e85000 	/System/Library/PrivateFrameworks/JetPack.framework/Versions/A/JetPack
0x00007ffa0d66b000 	/System/Library/PrivateFrameworks/InAppMessagesCore.framework/Versions/A/InAppMessagesCore
0x00007ffe0a863000 	/System/Library/PrivateFrameworks/_JetEngine_SwiftUI.framework/Versions/A/_JetEngine_SwiftUI
0x00007ffd1f147000 	/System/Library/PrivateFrameworks/Synapse.framework/Versions/A/Synapse
0x00007ffb26c1a000 	/System/Library/PrivateFrameworks/CSExattrCrypto.framework/Versions/A/CSExattrCrypto
0x00007ff91e5b5000 	/System/Library/PrivateFrameworks/StoreFoundation.framework/Versions/A/StoreFoundation
0x00007ff91cf24000 	/System/Library/PrivateFrameworks/ServerInformation.framework/Versions/A/ServerInformation
0x00007ff91c92f000 	/System/Library/PrivateFrameworks/Install.framework/Frameworks/DistributionKit.framework/Versions/A/DistributionKit
0x00007ff915bb5000 	/System/Library/PrivateFrameworks/PackageKit.framework/Versions/A/PackageKit
0x00007ff91c950000 	/System/Library/PrivateFrameworks/OSPersonalization.framework/Versions/A/OSPersonalization
0x00007ff91eaff000 	/System/Library/PrivateFrameworks/BridgeOSSoftwareUpdate.framework/Versions/A/BridgeOSSoftwareUpdate
0x00007ff91929c000 	/System/Library/PrivateFrameworks/StorageManagement.framework/Versions/A/StorageManagement
0x00007ffa0eb88000 	/usr/lib/libauthinstall.dylib
0x00007ff91eb07000 	/System/Library/PrivateFrameworks/InstallerDiagnostics.framework/Versions/A/InstallerDiagnostics
0x00007ffa0f21b000 	/usr/lib/libcrypto.42.dylib
0x00007ffe11fdc000 	/usr/lib/updaters/libAppleTconUARPUpdater.dylib
0x00007ff91eaef000 	/System/Library/PrivateFrameworks/GPUInfo.framework/Versions/A/GPUInfo
0x00007ffa0d764000 	/System/Library/PrivateFrameworks/MobileActivationMacOS.framework/Versions/A/MobileActivationMacOS
0x00007ff910869000 	/System/Library/PrivateFrameworks/AccountsDaemon.framework/Versions/A/AccountsDaemon
0x00007ff91eb4f000 	/System/Library/PrivateFrameworks/AOSKit.framework/Versions/A/AOSKit
0x00007ff81e8df000 	/System/Library/PrivateFrameworks/AppSSOCore.framework/Versions/A/AppSSOCore
0x00007ffb253c9000 	/System/Library/PrivateFrameworks/BackgroundSystemTasks.framework/Versions/A/BackgroundSystemTasks
0x00007ff82aae0000 	/System/Library/PrivateFrameworks/DuetActivityScheduler.framework/Versions/A/DuetActivityScheduler
0x00007ffa0bd79000 	/System/Library/PrivateFrameworks/NetworkServiceProxy.framework/Versions/A/NetworkServiceProxy
0x00007ff825b1e000 	/usr/lib/libnetworkextension.dylib
0x00007ffd1ee61000 	/System/Library/PrivateFrameworks/Symptoms.framework/Versions/A/Frameworks/SymptomAnalytics.framework/Versions/A/SymptomAnalytics
0x00007ff8224a5000 	/System/Library/Frameworks/NetworkExtension.framework/Versions/A/NetworkExtension
0x00007ff8292a8000 	/System/Library/PrivateFrameworks/CoreDuetContext.framework/Versions/A/CoreDuetContext
0x00007ff8123a7000 	/System/Library/PrivateFrameworks/CoreDuet.framework/Versions/A/CoreDuet
0x00007ff90ba68000 	/System/Library/PrivateFrameworks/AssistantServices.framework/Versions/A/AssistantServices
0x00007ff8282c4000 	/System/Library/PrivateFrameworks/SAObjects.framework/Versions/A/SAObjects
0x00007ff90b62f000 	/System/Library/PrivateFrameworks/MediaRemote.framework/Versions/A/MediaRemote
0x00007ffd1bb07000 	/System/Library/PrivateFrameworks/SiriTTSService.framework/Versions/A/SiriTTSService
0x00007ffd16a2d000 	/System/Library/PrivateFrameworks/SiriCrossDeviceArbitration.framework/Versions/A/SiriCrossDeviceArbitration
0x00007ffc11612000 	/System/Library/PrivateFrameworks/FaceTimeNameUtility.framework/Versions/A/FaceTimeNameUtility
0x00007ffd16a7c000 	/System/Library/PrivateFrameworks/SiriCrossDeviceArbitrationFeedback.framework/Versions/A/SiriCrossDeviceArbitrationFeedback
0x00007ffa0e067000 	/System/Library/PrivateFrameworks/UIKitServices.framework/Versions/A/UIKitServices
0x00007ff9110cb000 	/System/Library/PrivateFrameworks/MediaServices.framework/Versions/A/MediaServices
0x00007ff81ed37000 	/System/Library/PrivateFrameworks/PersistentConnection.framework/Versions/A/PersistentConnection
0x00007ffd1d1ae000 	/System/Library/PrivateFrameworks/SonicFoundation.framework/Versions/A/SonicFoundation
0x00007ff92106d000 	/usr/lib/libtailspin.dylib
0x00007ffa1572a000 	/System/Library/PrivateFrameworks/Osprey.framework/Versions/A/Osprey
0x00007ffd1b125000 	/System/Library/PrivateFrameworks/SiriTTS.framework/Versions/A/SiriTTS
0x00007ffd19ef6000 	/System/Library/PrivateFrameworks/SiriPowerInstrumentation.framework/Versions/A/SiriPowerInstrumentation
0x00007ffd1f5fd000 	/System/Library/PrivateFrameworks/TailspinSymbolication.framework/Versions/A/TailspinSymbolication
0x00007ffc0fc6a000 	/System/Library/PrivateFrameworks/Darwinup.framework/Versions/A/Darwinup
0x00007ffa0de4d000 	/System/Library/PrivateFrameworks/SignpostSupport.framework/Versions/A/SignpostSupport
0x00007ff918d95000 	/System/Library/PrivateFrameworks/FeatureFlagsSupport.framework/Versions/A/FeatureFlagsSupport
0x00007ffa0d4cd000 	/System/Library/PrivateFrameworks/ktrace.framework/Versions/A/ktrace
0x00007ffa0e09d000 	/System/Library/PrivateFrameworks/SampleAnalysis.framework/Versions/A/SampleAnalysis
0x00007ffa16eba000 	/System/Library/PrivateFrameworks/kperfdata.framework/Versions/A/kperfdata
0x00007ff823627000 	/usr/lib/libdscsym.dylib
0x00007ffa17453000 	/System/Library/PrivateFrameworks/BulkSymbolication.framework/Versions/A/BulkSymbolication
0x00007ff82bd06000 	/System/Library/PrivateFrameworks/CoreDuetDaemonProtocol.framework/Versions/A/CoreDuetDaemonProtocol
0x00007ff91e424000 	/System/Library/PrivateFrameworks/CaptiveNetwork.framework/Versions/A/CaptiveNetwork
0x00007ff82a100000 	/System/Library/PrivateFrameworks/EAP8021X.framework/Versions/A/EAP8021X
0x00007ffc0fa4c000 	/System/Library/PrivateFrameworks/CryptoKitPrivate.framework/Versions/A/CryptoKitPrivate
0x00007ff918391000 	/System/Library/PrivateFrameworks/FindMyDevice.framework/Versions/A/FindMyDevice
0x00007ff90c20e000 	/System/Library/PrivateFrameworks/FMCoreLite.framework/Versions/A/FMCoreLite
0x00007ff81c013000 	/System/Library/Frameworks/ServiceManagement.framework/Versions/A/ServiceManagement
0x000000013ea52000 	/System/Library/Extensions/AGXMetalG16G_B0.bundle/Contents/MacOS/AGXMetalG16G_B0
0x00007ff910f67000 	/System/Library/PrivateFrameworks/IOGPU.framework/Versions/A/IOGPU
0x000000013d4e6000 	/Users/zvwgvx/.cache/rbw-forge-ui/jdk8u502-b07/Contents/Home/jre/lib/libfontmanager.dylib
0x000000013d674000 	/Users/zvwgvx/.cache/rbw-forge-ui/jdk8u502-b07/Contents/Home/jre/lib/libfreetype.dylib
0x000000013d898000 	/Users/zvwgvx/.cache/rbw-forge-ui/gradle-user-home/caches/minecraft/net/minecraft/natives/1.8.9/liblwjgl.dylib
0x000000013d4a8000 	/Users/zvwgvx/.cache/rbw-forge-ui/jdk8u502-b07/Contents/Home/jre/lib/libjawt.dylib
0x00007ffb1541a000 	/System/Library/Frameworks/OpenGL.framework/Versions/A/Resources/GLEngine.bundle/GLEngine
0x00007ffb1528e000 	/System/Library/Frameworks/OpenGL.framework/Versions/A/Libraries/libGLProgrammability.dylib
0x000000014283d000 	/System/Library/Extensions/AppleMetalOpenGLRenderer.bundle/Contents/MacOS/AppleMetalOpenGLRenderer
0x00007ffb15584000 	/System/Library/Frameworks/OpenGL.framework/Versions/A/Resources/GLRendererFloat.bundle/GLRendererFloat

VM Arguments:
jvm_args: -Drbw.ui.preview.control.file=/Users/zvwgvx/Project/rbw-client/game/client-mod/preview/rbw-ui-preview.json -Drbw.ui.preview.theme.file=/Users/zvwgvx/Project/rbw-client/game/client-mod/preview/rbw-ui-theme.json -Drbw.utility.settings.file=/Users/zvwgvx/Project/rbw-client/game/client-mod/preview/rbw-utility-settings.json -Dfile.encoding=UTF-8 -Duser.country=VN -Duser.language=en -Duser.variant 
java_command: GradleStart --width 1440 --height 900
java_class_path (initial): /Users/zvwgvx/.cache/rbw-forge-ui/gradle-user-home/caches/minecraft/deobfedDeps/compileDummy.jar:/Users/zvwgvx/.cache/rbw-forge-ui/gradle-user-home/caches/minecraft/deobfedDeps/providedDummy.jar:/Users/zvwgvx/.cache/rbw-forge-ui/gradle-user-home/caches/minecraft/net/minecraftforge/forge/1.8.9-11.15.1.2318-1.8.9/stable/22/forgeBin-1.8.9-11.15.1.2318-1.8.9.jar:/Users/zvwgvx/.cache/rbw-forge-ui/gradle-user-home/caches/modules-2/files-2.1/com.mojang/netty/1.8.8/a796914d1c8a55b4da9f4a8856dd9623375d8bb/netty-1.8.8.jar:/Users/zvwgvx/.cache/rbw-forge-ui/gradle-user-home/caches/modules-2/files-2.1/oshi-project/oshi-core/1.1/9ddf7b048a8d701be231c0f4f95fd986198fd2d8/oshi-core-1.1.jar:/Users/zvwgvx/.cache/rbw-forge-ui/gradle-user-home/caches/modules-2/files-2.1/net.java.dev.jna/jna/3.4.0/803ff252fedbd395baffd43b37341dc4a150a554/jna-3.4.0.jar:/Users/zvwgvx/.cache/rbw-forge-ui/gradle-user-home/caches/modules-2/files-2.1/net.java.dev.jna/platform/3.4.0/e3f70017be8100d3d6923f50b3d2ee17714e9c13/platform-3.4.0.jar:/Users/zvwgvx/.cache/rbw-forge-ui/gradle-user-home/caches/modules-2/files-2.1/com.ibm.icu/icu4j-core-mojang/51.2/63d216a9311cca6be337c1e458e587f99d382b84/icu4j-core-mojang-51.2.jar:/Users/zvwgvx/.cache/rbw-forge-ui/gradle-user-home/caches/modules-2/files-2.1/net.sf.jopt-simple/jopt-simple/4.6/306816fb57cf94f108a43c95731b08934dcae15c/jopt-simple-4.6.jar:/Users/zvwgvx/.cache/rbw-forge-ui/gradle-user-home/caches/modules-2/files-2.1/io.netty/netty-all/4.0.23.Final/294104aaf1781d6a56a07d561e792c5d0c95f45/netty-all-4.0.23.Final.jar:/Users/zvwgvx/.cache/rbw-forge-ui/gradle-user-home/caches/modules-2/files-2.1/com.google.guava/guava/17.0/9c6ef172e8de35fd8d4d8783e4821e57cdef7445/guava-17.0.jar:/Users/zvwgvx/.cache/rbw-forge-ui/gradle-user-home/caches/modules-2/files-2.1/org.apache.commons/commons-lang3/3.3.2/90a3822c38ec8c996e84c16a3477ef632cbc87a3/commons-lang3-3.3.2.jar:/Users/zvwgvx/.cache/rbw-forge-ui/gradle-user-home/caches/modules-2/files-2.1/commo
Launcher Type: SUN_STANDARD

Environment Variables:
JAVA_HOME=/Users/zvwgvx/.cache/rbw-forge-ui/jdk8u502-b07/Contents/Home
PATH=/Users/zvwgvx/.local/bin:/opt/homebrew/bin:/opt/homebrew/sbin:/usr/local/bin:/System/Cryptexes/App/usr/bin:/usr/bin:/bin:/usr/sbin:/sbin:/var/run/com.apple.security.cryptexd/codex.system/bootstrap/usr/local/bin:/var/run/com.apple.security.cryptexd/codex.system/bootstrap/usr/bin:/var/run/com.apple.security.cryptexd/codex.system/bootstrap/usr/appleinternal/bin:/pkg/env/global/bin:/Library/Apple/usr/bin:/Library/TeX/texbin:/Users/zvwgvx/.codex/tmp/arg0/codex-arg0fgEHZ3:/Users/zvwgvx/.cache/codex-runtimes/codex-primary-runtime/dependencies/bin/override:/opt/homebrew/Caskroom/miniconda/base/condabin:/Users/zvwgvx/.codeium/windsurf/bin:/Users/zvwgvx/.antigravity/antigravity/bin:/Users/zvwgvx/.opencode/bin:/Users/zvwgvx/.local/bin:/opt/homebrew/opt/libpq/bin:/Users/zvwgvx/Library/Python/3.9/bin:/Users/zvwgvx/.cargo/bin:/Users/zvwgvx/.lmstudio/bin:/Users/zvwgvx/.cache/codex-runtimes/codex-primary-runtime/dependencies/bin/fallback:/Applications/ChatGPT.app/Contents/Resources
SHELL=/bin/zsh

Signal Handlers:
SIGSEGV: [libjvm.dylib+0x55aaa3], sa_mask[0]=11111111111111111111111111111111, sa_flags=SA_ONSTACK|SA_RESTART|SA_SIGINFO
SIGBUS: [libjvm.dylib+0x55aaa3], sa_mask[0]=11111111111111111111111111111111, sa_flags=SA_RESTART|SA_SIGINFO
SIGFPE: [libjvm.dylib+0x45ac51], sa_mask[0]=11111111111111111111111111111111, sa_flags=SA_RESTART|SA_SIGINFO
SIGPIPE: [libjvm.dylib+0x45ac51], sa_mask[0]=11111111111111111111111111111111, sa_flags=SA_RESTART|SA_SIGINFO
SIGXFSZ: [libjvm.dylib+0x45ac51], sa_mask[0]=11111111111111111111111111111111, sa_flags=SA_RESTART|SA_SIGINFO
SIGILL: [libjvm.dylib+0x45ac51], sa_mask[0]=11111111111111111111111111111111, sa_flags=SA_RESTART|SA_SIGINFO
SIGUSR1: SIG_DFL, sa_mask[0]=00000000000000000000000000000000, sa_flags=none
SIGUSR2: [libjvm.dylib+0x45b523], sa_mask[0]=00100000000000000000000000000000, sa_flags=SA_RESTART|SA_SIGINFO
SIGHUP: [libjvm.dylib+0x45975d], sa_mask[0]=11111111111111111111111111111111, sa_flags=SA_RESTART|SA_SIGINFO
SIGINT: [libjvm.dylib+0x45975d], sa_mask[0]=11111111111111111111111111111111, sa_flags=SA_RESTART|SA_SIGINFO
SIGTERM: [libjvm.dylib+0x45975d], sa_mask[0]=11111111111111111111111111111111, sa_flags=SA_RESTART|SA_SIGINFO
SIGQUIT: [libjvm.dylib+0x45975d], sa_mask[0]=11111111111111111111111111111111, sa_flags=SA_RESTART|SA_SIGINFO


---------------  S Y S T E M  ---------------

OS:Bsduname:Darwin 25.6.0 Darwin Kernel Version 25.6.0: Sat Jul 11 15:26:29 PDT 2026; root:xnu-12377.161.13~4/RELEASE_ARM64_T8132 x86_64
rlimit: STACK 8176k, CORE 0k, NPROC 2666, NOFILE 12544, AS infinity
load average:4.90 3.41 2.73

CPU:total 10 (initial active 10) (1 cores per cpu, 1 threads per core) family 6 model 44 stepping 0, cmov, cx8, fxsr, mmx, sse, sse2, sse3, ssse3, sse4.1, sse4.2, popcnt, aes, clmul, tsc, tscinvbit, tscinv

Memory: 4k page, physical 16777216k(23600k free)

/proc/meminfo:


vm_info: OpenJDK 64-Bit Server VM (25.502-b07) for bsd-amd64 JRE (1.8.0_502-b07), built on Jul 21 2026 18:17:15 by "admin" with gcc Apple LLVM 15.0.0 (clang-1500.1.0.2.5)

time: Fri Aug 14 18:42:29 2026
timezone: +07
elapsed time: 5.033680 seconds (0d 0h 0m 5s)

